Using pre-set license
Built from '2022.3/staging' branch; Version is '2022.3.47f1 (88c277b85d21) revision 8962679'; Using compiler version '192829333'; Build Type 'Release'
OS: 'Windows 11  (10.0.26100) 64bit CoreSingleLanguage' Language: 'ru' Physical Memory: 16108 MB
BatchMode: 1, IsHumanControllingUs: 0, StartBugReporterOnCrash: 0, Is64bit: 1, IsPro: 1

COMMAND LINE ARGUMENTS:
D:\unity\2022.3.47f1\Editor\Unity.exe
-adb2
-batchMode
-noUpm
-name
AssetImportWorker0
-projectPath
C:/Users/Katerina/Documents/GitHub/for-games/pacman_idk
-logFile
Logs/AssetImportWorker0.log
-srvPort
4351
Successfully changed project path to: C:/Users/Katerina/Documents/GitHub/for-games/pacman_idk
C:/Users/Katerina/Documents/GitHub/for-games/pacman_idk
[UnityMemory] Configuration Parameters - Can be set up in boot.config
    "memorysetup-bucket-allocator-granularity=16"
    "memorysetup-bucket-allocator-bucket-count=8"
    "memorysetup-bucket-allocator-block-size=33554432"
    "memorysetup-bucket-allocator-block-count=8"
    "memorysetup-main-allocator-block-size=16777216"
    "memorysetup-thread-allocator-block-size=16777216"
    "memorysetup-gfx-main-allocator-block-size=16777216"
    "memorysetup-gfx-thread-allocator-block-size=16777216"
    "memorysetup-cache-allocator-block-size=4194304"
    "memorysetup-typetree-allocator-block-size=2097152"
    "memorysetup-profiler-bucket-allocator-granularity=16"
    "memorysetup-profiler-bucket-allocator-bucket-count=8"
    "memorysetup-profiler-bucket-allocator-block-size=33554432"
    "memorysetup-profiler-bucket-allocator-block-count=8"
    "memorysetup-profiler-allocator-block-size=16777216"
    "memorysetup-profiler-editor-allocator-block-size=1048576"
    "memorysetup-temp-allocator-size-main=16777216"
    "memorysetup-job-temp-allocator-block-size=2097152"
    "memorysetup-job-temp-allocator-block-size-background=1048576"
    "memorysetup-job-temp-allocator-reduction-small-platforms=262144"
    "memorysetup-allocator-temp-initial-block-size-main=262144"
    "memorysetup-allocator-temp-initial-block-size-worker=262144"
    "memorysetup-temp-allocator-size-background-worker=32768"
    "memorysetup-temp-allocator-size-job-worker=262144"
    "memorysetup-temp-allocator-size-preload-manager=33554432"
    "memorysetup-temp-allocator-size-nav-mesh-worker=65536"
    "memorysetup-temp-allocator-size-audio-worker=65536"
    "memorysetup-temp-allocator-size-cloud-worker=32768"
    "memorysetup-temp-allocator-size-gi-baking-worker=262144"
    "memorysetup-temp-allocator-size-gfx=262144"
Player connection [20212]  Target information:

Player connection [20212]  * "[IP] 10.0.85.2 [Port] 0 [Flags] 2 [Guid] 2335181978 [EditorId] 2335181978 [Version] 1048832 [Id] WindowsEditor(7,DESKTOP-AT54EH7) [Debug] 1 [PackageName] WindowsEditor [ProjectName] Editor" 

Player connection [20212]  * "[IP] 192.168.0.3 [Port] 0 [Flags] 2 [Guid] 2335181978 [EditorId] 2335181978 [Version] 1048832 [Id] WindowsEditor(7,DESKTOP-AT54EH7) [Debug] 1 [PackageName] WindowsEditor [ProjectName] Editor" 

Player connection [20212] Host joined multi-casting on [225.0.0.222:54997]...
Player connection [20212] Host joined alternative multi-casting on [225.0.0.222:34997]...
[PhysX] Initialized MultithreadedTaskDispatcher with 20 workers.
Refreshing native plugins compatible for Editor in 6.36 ms, found 3 plugins.
Preloading 0 native plugins for Editor in 0.00 ms.
Initialize engine version: 2022.3.47f1 (88c277b85d21)
[Subsystems] Discovering subsystems at path D:/unity/2022.3.47f1/Editor/Data/Resources/UnitySubsystems
[Subsystems] Discovering subsystems at path C:/Users/Katerina/Documents/GitHub/for-games/pacman_idk/Assets
GfxDevice: creating device client; threaded=0; jobified=0
Direct3D:
    Version:  Direct3D 11.0 [level 11.1]
    Renderer: Intel(R) Iris(R) Xe Graphics (ID=0xa7a0)
    Vendor:   Intel
    VRAM:     8054 MB
    Driver:   31.0.101.4146
Initialize mono
Mono path[0] = 'D:/unity/2022.3.47f1/Editor/Data/Managed'
Mono path[1] = 'D:/unity/2022.3.47f1/Editor/Data/MonoBleedingEdge/lib/mono/unityjit-win32'
Mono config path = 'D:/unity/2022.3.47f1/Editor/Data/MonoBleedingEdge/etc'
Using monoOptions --debugger-agent=transport=dt_socket,embedding=1,server=y,suspend=n,address=127.0.0.1:56972
Begin MonoManager ReloadAssembly
Registering precompiled unity dll's ...
Register platform support module: D:/unity/2022.3.47f1/Editor/Data/PlaybackEngines/WindowsStandaloneSupport/UnityEditor.WindowsStandalone.Extensions.dll
Registered in 0.002100 seconds.
- Loaded All Assemblies, in  0.250 seconds
Native extension for WindowsStandalone target not found
Mono: successfully reloaded assembly
- Finished resetting the current domain, in  0.211 seconds
Domain Reload Profiling: 461ms
	BeginReloadAssembly (76ms)
		ExecutionOrderSort (0ms)
		DisableScriptedObjects (0ms)
		BackupInstance (0ms)
		ReleaseScriptingObjects (0ms)
		CreateAndSetChildDomain (1ms)
	RebuildCommonClasses (26ms)
	RebuildNativeTypeToScriptingClass (7ms)
	initialDomainReloadingComplete (38ms)
	LoadAllAssembliesAndSetupDomain (102ms)
		LoadAssemblies (75ms)
		RebuildTransferFunctionScriptingTraits (0ms)
		AnalyzeDomain (101ms)
			TypeCache.Refresh (100ms)
				TypeCache.ScanAssembly (90ms)
			ScanForSourceGeneratedMonoScriptInfo (0ms)
			ResolveRequiredComponents (0ms)
	FinalizeReload (211ms)
		ReleaseScriptCaches (0ms)
		RebuildScriptCaches (0ms)
		SetupLoadedEditorAssemblies (172ms)
			LogAssemblyErrors (0ms)
			InitializePlatformSupportModulesInManaged (7ms)
			SetLoadedEditorAssemblies (6ms)
			RefreshPlugins (0ms)
			BeforeProcessingInitializeOnLoad (2ms)
			ProcessInitializeOnLoadAttributes (118ms)
			ProcessInitializeOnLoadMethodAttributes (39ms)
			AfterProcessingInitializeOnLoad (0ms)
			EditorAssembliesLoaded (0ms)
		ExecutionOrderSort2 (0ms)
		AwakeInstancesAfterBackupRestoration (0ms)
========================================================================
Worker process is ready to serve import requests
Caller must complete domain reload
Begin MonoManager ReloadAssembly
- Loaded All Assemblies, in  0.465 seconds
Native extension for WindowsStandalone target not found
Mono: successfully reloaded assembly
- Finished resetting the current domain, in  0.457 seconds
Domain Reload Profiling: 920ms
	BeginReloadAssembly (102ms)
		ExecutionOrderSort (0ms)
		DisableScriptedObjects (4ms)
		BackupInstance (0ms)
		ReleaseScriptingObjects (0ms)
		CreateAndSetChildDomain (15ms)
	RebuildCommonClasses (24ms)
	RebuildNativeTypeToScriptingClass (7ms)
	initialDomainReloadingComplete (28ms)
	LoadAllAssembliesAndSetupDomain (302ms)
		LoadAssemblies (225ms)
		RebuildTransferFunctionScriptingTraits (0ms)
		AnalyzeDomain (136ms)
			TypeCache.Refresh (119ms)
				TypeCache.ScanAssembly (108ms)
			ScanForSourceGeneratedMonoScriptInfo (11ms)
			ResolveRequiredComponents (3ms)
	FinalizeReload (457ms)
		ReleaseScriptCaches (0ms)
		RebuildScriptCaches (0ms)
		SetupLoadedEditorAssemblies (348ms)
			LogAssemblyErrors (0ms)
			InitializePlatformSupportModulesInManaged (4ms)
			SetLoadedEditorAssemblies (4ms)
			RefreshPlugins (0ms)
			BeforeProcessingInitializeOnLoad (43ms)
			ProcessInitializeOnLoadAttributes (279ms)
			ProcessInitializeOnLoadMethodAttributes (17ms)
			AfterProcessingInitializeOnLoad (2ms)
			EditorAssembliesLoaded (0ms)
		ExecutionOrderSort2 (0ms)
		AwakeInstancesAfterBackupRestoration (7ms)
Launched and connected shader compiler UnityShaderCompiler.exe after 0.06 seconds
Refreshing native plugins compatible for Editor in 2.30 ms, found 3 plugins.
Preloading 0 native plugins for Editor in 0.00 ms.
Unloading 3099 Unused Serialized files (Serialized files now loaded: 0)
Unloading 19 unused Assets / (54.5 KB). Loaded Objects now: 3565.
Memory consumption went from 118.7 MB to 118.7 MB.
Total: 2.654000 ms (FindLiveObjects: 0.186700 ms CreateObjectMapping: 0.091200 ms MarkObjects: 2.291600 ms  DeleteObjects: 0.083400 ms)

AssetImportParameters requested are different than current active one (requested -> active):
  custom:container-demuxer-ogg: 62fdf1f143b41e24485cea50d1cbac27 -> 
  custom:video-codec-MediaFoundation-h265: 746d11721c4dcdbdad8f713fa42b33f4 -> 
  custom:video-decoder-ogg-theora: a1e56fd34408186e4bbccfd4996cb3dc -> 
  custom:framework-win-MediaFoundation: 216162199b28c13a410421893ffa2e32 -> 
  custom:CustomObjectIndexerAttribute: 9a22284fe3817be447336de3de66b15e -> 
  custom:container-demuxer-webm: 4f35f7cbe854078d1ac9338744f61a02 -> 
  custom:container-muxer-webm: aa71ff27fc2769a1b78a27578f13a17b -> 
  custom:video-decoder-webm-vp8: 9c59270c3fd7afecdb556c50c9e8de78 -> 
  custom:SearchIndexIgnoredProperties: e643bd26f0fe6173181afceb89e7c659 -> 
  custom:AudioImporter_EditorPlatform: d09bf68614088b80899f8185d706f6e7 -> 
  custom:video-encoder-webm-vp8: eb34c28f22e8b96e1ab97ce403110664 -> 
  custom:audio-decoder-ogg-vorbis: bf7c407c2cedff20999df2af8eb42d56 -> 
  custom:audio-encoder-webm-vorbis: bf7c407c2cedff20999df2af8eb42d56 -> 
========================================================================
Received Import Request.
  Time since last request: 252405.698341 seconds.
  path: Assets/Art/Models/pacman.obj
  artifactKey: Guid(b5d1900edb8047348be0950c3a006b49) Importer(815301076,1909f56bfc062723c751e8b465ee728b)
Start importing Assets/Art/Models/pacman.obj using Guid(b5d1900edb8047348be0950c3a006b49) Importer(815301076,1909f56bfc062723c751e8b465ee728b) [PhysX] Initialized MultithreadedTaskDispatcher with 20 workers.
[PhysX] Initialized MultithreadedTaskDispatcher with 20 workers.
[PhysX] Initialized MultithreadedTaskDispatcher with 20 workers.
[PhysX] Initialized MultithreadedTaskDispatcher with 20 workers.
[PhysX] Initialized MultithreadedTaskDispatcher with 20 workers.
 -> (artifact id: '869f97b0902e9f20db3d7ae1ae09e0cb') in 0.123247 seconds
Number of updated asset objects reloaded before import = 0
Number of asset objects unloaded after import = 10
========================================================================
Received Import Request.
  Time since last request: 3057.770072 seconds.
  path: Assets/Art/Models/ghost maybe.fbx
  artifactKey: Guid(ef804b4e8ed722147b2aa0f7f149ec89) Importer(815301076,1909f56bfc062723c751e8b465ee728b)
Start importing Assets/Art/Models/ghost maybe.fbx using Guid(ef804b4e8ed722147b2aa0f7f149ec89) Importer(815301076,1909f56bfc062723c751e8b465ee728b) [PhysX] Initialized MultithreadedTaskDispatcher with 20 workers.
[PhysX] Initialized MultithreadedTaskDispatcher with 20 workers.
[PhysX] Initialized MultithreadedTaskDispatcher with 20 workers.
[PhysX] Initialized MultithreadedTaskDispatcher with 20 workers.
[PhysX] Initialized MultithreadedTaskDispatcher with 20 workers.
[PhysX] Initialized MultithreadedTaskDispatcher with 20 workers.
[PhysX] Initialized MultithreadedTaskDispatcher with 20 workers.
 -> (artifact id: '4a75930594e3cde6d08199a50581c2c0') in 0.088225 seconds
Number of updated asset objects reloaded before import = 0
Number of asset objects unloaded after import = 22
========================================================================
Received Import Request.
  Time since last request: 707.009467 seconds.
  path: Assets/Art/Prefabs
  artifactKey: Guid(2a46ce2d43f5b2a4eb25b83126d7dd50) Importer(815301076,1909f56bfc062723c751e8b465ee728b)
Start importing Assets/Art/Prefabs using Guid(2a46ce2d43f5b2a4eb25b83126d7dd50) Importer(815301076,1909f56bfc062723c751e8b465ee728b) [PhysX] Initialized MultithreadedTaskDispatcher with 20 workers.
 -> (artifact id: '487e1f2b5173b2e81c0c627450f393ee') in 0.000810 seconds
Number of updated asset objects reloaded before import = 0
Number of asset objects unloaded after import = 0
========================================================================
Received Import Request.
  Time since last request: 21.752329 seconds.
  path: Assets/Art/Prefabs/ghost.prefab
  artifactKey: Guid(7d287de5bb142644abaa7bb40322731d) Importer(815301076,1909f56bfc062723c751e8b465ee728b)
Start importing Assets/Art/Prefabs/ghost.prefab using Guid(7d287de5bb142644abaa7bb40322731d) Importer(815301076,1909f56bfc062723c751e8b465ee728b) [PhysX] Initialized MultithreadedTaskDispatcher with 20 workers.
[PhysX] Initialized MultithreadedTaskDispatcher with 20 workers.
 -> (artifact id: '13d3a9eae55584208c0195b09ef7b13b') in 0.029170 seconds
Number of updated asset objects reloaded before import = 0
Number of asset objects unloaded after import = 43
========================================================================
Received Import Request.
  Time since last request: 350.478976 seconds.
  path: Assets/Art/Prefabs/coin.prefab
  artifactKey: Guid(1f0b69e4cd400454a84f3224faf68d69) Importer(815301076,1909f56bfc062723c751e8b465ee728b)
Start importing Assets/Art/Prefabs/coin.prefab using Guid(1f0b69e4cd400454a84f3224faf68d69) Importer(815301076,1909f56bfc062723c751e8b465ee728b) [PhysX] Initialized MultithreadedTaskDispatcher with 20 workers.
[PhysX] Initialized MultithreadedTaskDispatcher with 20 workers.
 -> (artifact id: 'f75b35ac24c8db2ea0e608253b44d32f') in 0.029866 seconds
Number of updated asset objects reloaded before import = 0
Number of asset objects unloaded after import = 16
========================================================================
Received Import Request.
  Time since last request: 75.354580 seconds.
  path: Assets/Art/Prefabs/Cherry.prefab
  artifactKey: Guid(95ee1ec3d74119446ac3d7904a6b1867) Importer(815301076,1909f56bfc062723c751e8b465ee728b)
Start importing Assets/Art/Prefabs/Cherry.prefab using Guid(95ee1ec3d74119446ac3d7904a6b1867) Importer(815301076,1909f56bfc062723c751e8b465ee728b) [PhysX] Initialized MultithreadedTaskDispatcher with 20 workers.
[PhysX] Initialized MultithreadedTaskDispatcher with 20 workers.
 -> (artifact id: '2f67abaca4ce3a58d4a4eca98f4b2c16') in 0.032670 seconds
Number of updated asset objects reloaded before import = 0
Number of asset objects unloaded after import = 16
========================================================================
Received Import Request.
  Time since last request: 13.629625 seconds.
  path: Assets/Art/Prefabs/cherry.prefab
  artifactKey: Guid(95ee1ec3d74119446ac3d7904a6b1867) Importer(815301076,1909f56bfc062723c751e8b465ee728b)
Start importing Assets/Art/Prefabs/cherry.prefab using Guid(95ee1ec3d74119446ac3d7904a6b1867) Importer(815301076,1909f56bfc062723c751e8b465ee728b) [PhysX] Initialized MultithreadedTaskDispatcher with 20 workers.
[PhysX] Initialized MultithreadedTaskDispatcher with 20 workers.
 -> (artifact id: '170c82df3ea2e7d3c8774664ce8eafb8') in 0.019849 seconds
Number of updated asset objects reloaded before import = 0
Number of asset objects unloaded after import = 16
========================================================================
Received Import Request.
  Time since last request: 124.703559 seconds.
  path: Assets/Art/Materials/Pacman body.mat
  artifactKey: Guid(eec27c908718c5846afc325bba716e19) Importer(815301076,1909f56bfc062723c751e8b465ee728b)
Start importing Assets/Art/Materials/Pacman body.mat using Guid(eec27c908718c5846afc325bba716e19) Importer(815301076,1909f56bfc062723c751e8b465ee728b) [PhysX] Initialized MultithreadedTaskDispatcher with 20 workers.
[PhysX] Initialized MultithreadedTaskDispatcher with 20 workers.
 -> (artifact id: '9cf653c43b2c0a6b86ba00eb92e37aea') in 0.033804 seconds
Number of updated asset objects reloaded before import = 0
Number of asset objects unloaded after import = 1
========================================================================
Received Import Request.
  Time since last request: 80.822827 seconds.
  path: Assets/Art/Materials/Pacman Eye.mat
  artifactKey: Guid(90a4f1a8ffb589d4cbd90f29ae014a79) Importer(815301076,1909f56bfc062723c751e8b465ee728b)
Start importing Assets/Art/Materials/Pacman Eye.mat using Guid(90a4f1a8ffb589d4cbd90f29ae014a79) Importer(815301076,1909f56bfc062723c751e8b465ee728b) [PhysX] Initialized MultithreadedTaskDispatcher with 20 workers.
[PhysX] Initialized MultithreadedTaskDispatcher with 20 workers.
 -> (artifact id: 'c5d0c4b2bc2bb5064ce7068486cf4f64') in 0.022605 seconds
Number of updated asset objects reloaded before import = 0
Number of asset objects unloaded after import = 1
========================================================================
Received Import Request.
  Time since last request: 35.175072 seconds.
  path: Assets/Art/Prefabs/Pacman.prefab
  artifactKey: Guid(40ea734b6e5c28243b38711cbe213d34) Importer(815301076,1909f56bfc062723c751e8b465ee728b)
Start importing Assets/Art/Prefabs/Pacman.prefab using Guid(40ea734b6e5c28243b38711cbe213d34) Importer(815301076,1909f56bfc062723c751e8b465ee728b) [PhysX] Initialized MultithreadedTaskDispatcher with 20 workers.
[PhysX] Initialized MultithreadedTaskDispatcher with 20 workers.
 -> (artifact id: '9abc5e971cc2a105b445d52ba8113b3c') in 0.043345 seconds
Number of updated asset objects reloaded before import = 0
Number of asset objects unloaded after import = 36
========================================================================
Received Import Request.
  Time since last request: 79.594343 seconds.
  path: Assets/Art/Materials/Peppa color.mat
  artifactKey: Guid(1b4abc69f24cadf40916b6aff31d36d7) Importer(815301076,1909f56bfc062723c751e8b465ee728b)
Start importing Assets/Art/Materials/Peppa color.mat using Guid(1b4abc69f24cadf40916b6aff31d36d7) Importer(815301076,1909f56bfc062723c751e8b465ee728b) [PhysX] Initialized MultithreadedTaskDispatcher with 20 workers.
[PhysX] Initialized MultithreadedTaskDispatcher with 20 workers.
 -> (artifact id: '4423742a663e6b3cc1e05de2a2d25cef') in 0.033046 seconds
Number of updated asset objects reloaded before import = 0
Number of asset objects unloaded after import = 1
========================================================================
Received Import Request.
  Time since last request: 35.016641 seconds.
  path: Assets/Art/Prefabs/piggy_bank.prefab
  artifactKey: Guid(afd42d16fca329945b4328670d98e9d9) Importer(815301076,1909f56bfc062723c751e8b465ee728b)
Start importing Assets/Art/Prefabs/piggy_bank.prefab using Guid(afd42d16fca329945b4328670d98e9d9) Importer(815301076,1909f56bfc062723c751e8b465ee728b) [PhysX] Initialized MultithreadedTaskDispatcher with 20 workers.
[PhysX] Initialized MultithreadedTaskDispatcher with 20 workers.
 -> (artifact id: 'abd26125c6a33c95abb84d9c5c0c1d7e') in 0.023947 seconds
Number of updated asset objects reloaded before import = 0
Number of asset objects unloaded after import = 33
========================================================================
Received Import Request.
  Time since last request: 315.769401 seconds.
  path: Assets/Art/Prefabs/Characters
  artifactKey: Guid(fe1a117387ae98b4bb2e409ea81ed851) Importer(815301076,1909f56bfc062723c751e8b465ee728b)
Start importing Assets/Art/Prefabs/Characters using Guid(fe1a117387ae98b4bb2e409ea81ed851) Importer(815301076,1909f56bfc062723c751e8b465ee728b) [PhysX] Initialized MultithreadedTaskDispatcher with 20 workers.
 -> (artifact id: '8e74733d351edf432a8ae53a032de617') in 0.001164 seconds
Number of updated asset objects reloaded before import = 0
Number of asset objects unloaded after import = 0
========================================================================
Received Import Request.
  Time since last request: 23.125712 seconds.
  path: Assets/Art/Prefabs/Labyrinth
  artifactKey: Guid(b0c968121ca9e7a408dabdb1befe9aba) Importer(815301076,1909f56bfc062723c751e8b465ee728b)
Start importing Assets/Art/Prefabs/Labyrinth using Guid(b0c968121ca9e7a408dabdb1befe9aba) Importer(815301076,1909f56bfc062723c751e8b465ee728b) [PhysX] Initialized MultithreadedTaskDispatcher with 20 workers.
 -> (artifact id: '411b3476fe98ffc9f65240641e3ef54b') in 0.000699 seconds
Number of updated asset objects reloaded before import = 0
Number of asset objects unloaded after import = 0
========================================================================
Received Import Request.
  Time since last request: 51.514807 seconds.
  path: Assets/Art/Materials/Characters
  artifactKey: Guid(ebd2365054239de4fa6a14dcedbd4854) Importer(815301076,1909f56bfc062723c751e8b465ee728b)
Start importing Assets/Art/Materials/Characters using Guid(ebd2365054239de4fa6a14dcedbd4854) Importer(815301076,1909f56bfc062723c751e8b465ee728b) [PhysX] Initialized MultithreadedTaskDispatcher with 20 workers.
 -> (artifact id: 'ad9ec5e844b6c766af9365e8575ab363') in 0.000470 seconds
Number of updated asset objects reloaded before import = 0
Number of asset objects unloaded after import = 0
========================================================================
Received Import Request.
  Time since last request: 23.414862 seconds.
  path: Assets/Art/Materials/Labyrinth
  artifactKey: Guid(9507d57a0d3ce854b997233a6eb738a9) Importer(815301076,1909f56bfc062723c751e8b465ee728b)
Start importing Assets/Art/Materials/Labyrinth using Guid(9507d57a0d3ce854b997233a6eb738a9) Importer(815301076,1909f56bfc062723c751e8b465ee728b) [PhysX] Initialized MultithreadedTaskDispatcher with 20 workers.
 -> (artifact id: '6ceffb2dd7e861f4f45ac6b03b528cda') in 0.000476 seconds
Number of updated asset objects reloaded before import = 0
Number of asset objects unloaded after import = 0
========================================================================
Received Import Request.
  Time since last request: 54.987056 seconds.
  path: Assets/Art/Materials/Labyrinth/Floor.mat
  artifactKey: Guid(14f7d28a04133d7489c89151e38c0ecd) Importer(815301076,1909f56bfc062723c751e8b465ee728b)
Start importing Assets/Art/Materials/Labyrinth/Floor.mat using Guid(14f7d28a04133d7489c89151e38c0ecd) Importer(815301076,1909f56bfc062723c751e8b465ee728b) [PhysX] Initialized MultithreadedTaskDispatcher with 20 workers.
[PhysX] Initialized MultithreadedTaskDispatcher with 20 workers.
 -> (artifact id: '413a3975ac0353bb2d0cb9d5e888204b') in 0.028987 seconds
Number of updated asset objects reloaded before import = 0
Number of asset objects unloaded after import = 1
========================================================================
Received Import Request.
  Time since last request: 51.834076 seconds.
  path: Assets/Art/Models/Materials
  artifactKey: Guid(83feafb7d39a7cc419d377edf7320c83) Importer(815301076,1909f56bfc062723c751e8b465ee728b)
Start importing Assets/Art/Models/Materials using Guid(83feafb7d39a7cc419d377edf7320c83) Importer(815301076,1909f56bfc062723c751e8b465ee728b) [PhysX] Initialized MultithreadedTaskDispatcher with 20 workers.
 -> (artifact id: 'f59851ddef23dbea9d270e6280cf7fc8') in 0.000448 seconds
Number of updated asset objects reloaded before import = 0
Number of asset objects unloaded after import = 0
========================================================================
Received Import Request.
  Time since last request: 0.077972 seconds.
  path: Assets/Art/Models/Materials/diffuse2048x2048.mat
  artifactKey: Guid(36e67e5988c8a5045ad095f2d34821b8) Importer(815301076,1909f56bfc062723c751e8b465ee728b)
Start importing Assets/Art/Models/Materials/diffuse2048x2048.mat using Guid(36e67e5988c8a5045ad095f2d34821b8) Importer(815301076,1909f56bfc062723c751e8b465ee728b) [PhysX] Initialized MultithreadedTaskDispatcher with 20 workers.
[PhysX] Initialized MultithreadedTaskDispatcher with 20 workers.
 -> (artifact id: '420601524acaea1dc75098d39117619c') in 0.034593 seconds
Number of updated asset objects reloaded before import = 0
Number of asset objects unloaded after import = 2
========================================================================
Received Import Request.
  Time since last request: 6.252425 seconds.
  path: Assets/Art/Prefabs/Labyrinth/Floor.prefab
  artifactKey: Guid(3b773fdbc28426246a709a730062a227) Importer(815301076,1909f56bfc062723c751e8b465ee728b)
Start importing Assets/Art/Prefabs/Labyrinth/Floor.prefab using Guid(3b773fdbc28426246a709a730062a227) Importer(815301076,1909f56bfc062723c751e8b465ee728b) [PhysX] Initialized MultithreadedTaskDispatcher with 20 workers.
[PhysX] Initialized MultithreadedTaskDispatcher with 20 workers.
 -> (artifact id: '3bb600e96564d76045e049b2200d1e6e') in 0.022075 seconds
Number of updated asset objects reloaded before import = 0
Number of asset objects unloaded after import = 8
========================================================================
Received Import Request.
  Time since last request: 39.863134 seconds.
  path: Assets/Art/Materials/Labyrinth/Wall.mat
  artifactKey: Guid(27dc9356366f90844862406cf238daff) Importer(815301076,1909f56bfc062723c751e8b465ee728b)
Start importing Assets/Art/Materials/Labyrinth/Wall.mat using Guid(27dc9356366f90844862406cf238daff) Importer(815301076,1909f56bfc062723c751e8b465ee728b) [PhysX] Initialized MultithreadedTaskDispatcher with 20 workers.
[PhysX] Initialized MultithreadedTaskDispatcher with 20 workers.
 -> (artifact id: 'd39d932432abe5c520b9f85b0765a4d1') in 0.020249 seconds
Number of updated asset objects reloaded before import = 0
Number of asset objects unloaded after import = 1
========================================================================
Received Import Request.
  Time since last request: 50.654679 seconds.
  path: Assets/Art/Prefabs/Labyrinth/Wall.prefab
  artifactKey: Guid(e0194e0dbaee7a645bb701459173564c) Importer(815301076,1909f56bfc062723c751e8b465ee728b)
Start importing Assets/Art/Prefabs/Labyrinth/Wall.prefab using Guid(e0194e0dbaee7a645bb701459173564c) Importer(815301076,1909f56bfc062723c751e8b465ee728b) [PhysX] Initialized MultithreadedTaskDispatcher with 20 workers.
[PhysX] Initialized MultithreadedTaskDispatcher with 20 workers.
 -> (artifact id: 'd96c85257522c2d124993cc107351cd1') in 0.017830 seconds
Number of updated asset objects reloaded before import = 0
Number of asset objects unloaded after import = 8
========================================================================
Received Import Request.
  Time since last request: 2415.261958 seconds.
  path: Assets/Art/Materials/Labyrinth/Ladder.mat
  artifactKey: Guid(95803155d9015a84a9a130121ff24f8b) Importer(815301076,1909f56bfc062723c751e8b465ee728b)
Start importing Assets/Art/Materials/Labyrinth/Ladder.mat using Guid(95803155d9015a84a9a130121ff24f8b) Importer(815301076,1909f56bfc062723c751e8b465ee728b) [PhysX] Initialized MultithreadedTaskDispatcher with 20 workers.
[PhysX] Initialized MultithreadedTaskDispatcher with 20 workers.
 -> (artifact id: '64c2403af91d48cc033dccf8a85dd6a0') in 0.031312 seconds
Number of updated asset objects reloaded before import = 0
Number of asset objects unloaded after import = 1
========================================================================
Received Import Request.
  Time since last request: 94.329521 seconds.
  path: Assets/Art/Prefabs/Labyrinth/Ladder.prefab
  artifactKey: Guid(42f7251feb3c7924db63f3551c97b61c) Importer(815301076,1909f56bfc062723c751e8b465ee728b)
Start importing Assets/Art/Prefabs/Labyrinth/Ladder.prefab using Guid(42f7251feb3c7924db63f3551c97b61c) Importer(815301076,1909f56bfc062723c751e8b465ee728b) [PhysX] Initialized MultithreadedTaskDispatcher with 20 workers.
[PhysX] Initialized MultithreadedTaskDispatcher with 20 workers.
 -> (artifact id: 'ef4fb48f4cebcc85ca47999515d2fe05') in 0.023869 seconds
Number of updated asset objects reloaded before import = 0
Number of asset objects unloaded after import = 28
========================================================================
Received Import Request.
  Time since last request: 100.389326 seconds.
  path: Assets/Scripts
  artifactKey: Guid(047e3344abf96f941b3aafbaa201b53a) Importer(815301076,1909f56bfc062723c751e8b465ee728b)
Start importing Assets/Scripts using Guid(047e3344abf96f941b3aafbaa201b53a) Importer(815301076,1909f56bfc062723c751e8b465ee728b) [PhysX] Initialized MultithreadedTaskDispatcher with 20 workers.
 -> (artifact id: '36d33b89e35986a19dd8b1c70681127d') in 0.000428 seconds
Number of updated asset objects reloaded before import = 0
Number of asset objects unloaded after import = 0
========================================================================
Received Import Request.
  Time since last request: 19.413970 seconds.
  path: Assets/Scripts/GameManager.cs
  artifactKey: Guid(87e2e1b89b716fc4bb4d4ea9d82f8dfb) Importer(815301076,1909f56bfc062723c751e8b465ee728b)
Start importing Assets/Scripts/GameManager.cs using Guid(87e2e1b89b716fc4bb4d4ea9d82f8dfb) Importer(815301076,1909f56bfc062723c751e8b465ee728b) [PhysX] Initialized MultithreadedTaskDispatcher with 20 workers.
 -> (artifact id: '9597deb1e7908af7ed4537448c89999e') in 0.000672 seconds
Number of updated asset objects reloaded before import = 0
Number of asset objects unloaded after import = 0
========================================================================
Received Prepare
Caller must complete domain reload
Begin MonoManager ReloadAssembly
- Loaded All Assemblies, in  0.398 seconds
Native extension for WindowsStandalone target not found
Mono: successfully reloaded assembly
- Finished resetting the current domain, in  0.764 seconds
Domain Reload Profiling: 1162ms
	BeginReloadAssembly (153ms)
		ExecutionOrderSort (0ms)
		DisableScriptedObjects (4ms)
		BackupInstance (0ms)
		ReleaseScriptingObjects (0ms)
		CreateAndSetChildDomain (53ms)
	RebuildCommonClasses (20ms)
	RebuildNativeTypeToScriptingClass (6ms)
	initialDomainReloadingComplete (18ms)
	LoadAllAssembliesAndSetupDomain (201ms)
		LoadAssemblies (245ms)
		RebuildTransferFunctionScriptingTraits (0ms)
		AnalyzeDomain (22ms)
			TypeCache.Refresh (10ms)
				TypeCache.ScanAssembly (0ms)
			ScanForSourceGeneratedMonoScriptInfo (7ms)
			ResolveRequiredComponents (4ms)
	FinalizeReload (765ms)
		ReleaseScriptCaches (0ms)
		RebuildScriptCaches (0ms)
		SetupLoadedEditorAssemblies (302ms)
			LogAssemblyErrors (0ms)
			InitializePlatformSupportModulesInManaged (4ms)
			SetLoadedEditorAssemblies (3ms)
			RefreshPlugins (0ms)
			BeforeProcessingInitializeOnLoad (39ms)
			ProcessInitializeOnLoadAttributes (239ms)
			ProcessInitializeOnLoadMethodAttributes (16ms)
			AfterProcessingInitializeOnLoad (1ms)
			EditorAssembliesLoaded (0ms)
		ExecutionOrderSort2 (0ms)
		AwakeInstancesAfterBackupRestoration (6ms)
Refreshing native plugins compatible for Editor in 2.64 ms, found 3 plugins.
Preloading 0 native plugins for Editor in 0.00 ms.
Unloading 3092 Unused Serialized files (Serialized files now loaded: 0)
Unloading 14 unused Assets / (28.5 KB). Loaded Objects now: 3615.
Memory consumption went from 124.2 MB to 124.1 MB.
Total: 2.360300 ms (FindLiveObjects: 0.149700 ms CreateObjectMapping: 0.061600 ms MarkObjects: 2.115700 ms  DeleteObjects: 0.032200 ms)

Prepare: number of updated asset objects reloaded= 0
AssetImportParameters requested are different than current active one (requested -> active):
  custom:container-demuxer-ogg: 62fdf1f143b41e24485cea50d1cbac27 -> 
  custom:scripting/monoscript/fileName/GameManager.cs: 9933fbcc6190e2a9171c2ec8808a053e -> 
  custom:video-codec-MediaFoundation-h265: 746d11721c4dcdbdad8f713fa42b33f4 -> 
  custom:video-decoder-ogg-theora: a1e56fd34408186e4bbccfd4996cb3dc -> 
  custom:framework-win-MediaFoundation: 216162199b28c13a410421893ffa2e32 -> 
  custom:CustomObjectIndexerAttribute: 9a22284fe3817be447336de3de66b15e -> 
  custom:container-demuxer-webm: 4f35f7cbe854078d1ac9338744f61a02 -> 
  custom:container-muxer-webm: aa71ff27fc2769a1b78a27578f13a17b -> 
  custom:video-decoder-webm-vp8: 9c59270c3fd7afecdb556c50c9e8de78 -> 
  custom:SearchIndexIgnoredProperties: e643bd26f0fe6173181afceb89e7c659 -> 
  custom:AudioImporter_EditorPlatform: d09bf68614088b80899f8185d706f6e7 -> 
  custom:video-encoder-webm-vp8: eb34c28f22e8b96e1ab97ce403110664 -> 
  custom:audio-decoder-ogg-vorbis: bf7c407c2cedff20999df2af8eb42d56 -> 
  custom:audio-encoder-webm-vorbis: bf7c407c2cedff20999df2af8eb42d56 -> 
  custom:scripting/precompiled-assembly-types:Assembly-CSharp: 4ee706c12805feacb083aae47980387a -> 
========================================================================
Received Import Request.
  Time since last request: 6.283851 seconds.
  path: Assets/Scripts/GameManager.cs
  artifactKey: Guid(87e2e1b89b716fc4bb4d4ea9d82f8dfb) Importer(815301076,1909f56bfc062723c751e8b465ee728b)
Start importing Assets/Scripts/GameManager.cs using Guid(87e2e1b89b716fc4bb4d4ea9d82f8dfb) Importer(815301076,1909f56bfc062723c751e8b465ee728b) [PhysX] Initialized MultithreadedTaskDispatcher with 20 workers.
 -> (artifact id: 'ceb1f25a64bcd8a73df864be94427e09') in 0.002471 seconds
Number of updated asset objects reloaded before import = 0
Number of asset objects unloaded after import = 0
========================================================================
Received Import Request.
  Time since last request: 290.483352 seconds.
  path: Assets/Scripts/Enemy.cs
  artifactKey: Guid(1604cde690b2e894f997f691a3038b41) Importer(815301076,1909f56bfc062723c751e8b465ee728b)
Start importing Assets/Scripts/Enemy.cs using Guid(1604cde690b2e894f997f691a3038b41) Importer(815301076,1909f56bfc062723c751e8b465ee728b) [PhysX] Initialized MultithreadedTaskDispatcher with 20 workers.
 -> (artifact id: '77f1eb51b5e2a4c83937344c9ad1919a') in 0.001109 seconds
Number of updated asset objects reloaded before import = 0
Number of asset objects unloaded after import = 0
========================================================================
Received Prepare
Caller must complete domain reload
Begin MonoManager ReloadAssembly
- Loaded All Assemblies, in  0.301 seconds
Native extension for WindowsStandalone target not found
Mono: successfully reloaded assembly
- Finished resetting the current domain, in  0.690 seconds
Domain Reload Profiling: 990ms
	BeginReloadAssembly (102ms)
		ExecutionOrderSort (0ms)
		DisableScriptedObjects (3ms)
		BackupInstance (0ms)
		ReleaseScriptingObjects (0ms)
		CreateAndSetChildDomain (21ms)
	RebuildCommonClasses (20ms)
	RebuildNativeTypeToScriptingClass (6ms)
	initialDomainReloadingComplete (17ms)
	LoadAllAssembliesAndSetupDomain (154ms)
		LoadAssemblies (193ms)
		RebuildTransferFunctionScriptingTraits (0ms)
		AnalyzeDomain (16ms)
			TypeCache.Refresh (7ms)
				TypeCache.ScanAssembly (0ms)
			ScanForSourceGeneratedMonoScriptInfo (5ms)
			ResolveRequiredComponents (3ms)
	FinalizeReload (690ms)
		ReleaseScriptCaches (0ms)
		RebuildScriptCaches (0ms)
		SetupLoadedEditorAssemblies (351ms)
			LogAssemblyErrors (0ms)
			InitializePlatformSupportModulesInManaged (4ms)
			SetLoadedEditorAssemblies (4ms)
			RefreshPlugins (0ms)
			BeforeProcessingInitializeOnLoad (45ms)
			ProcessInitializeOnLoadAttributes (279ms)
			ProcessInitializeOnLoadMethodAttributes (17ms)
			AfterProcessingInitializeOnLoad (2ms)
			EditorAssembliesLoaded (0ms)
		ExecutionOrderSort2 (0ms)
		AwakeInstancesAfterBackupRestoration (7ms)
Refreshing native plugins compatible for Editor in 2.08 ms, found 3 plugins.
Preloading 0 native plugins for Editor in 0.00 ms.
Unloading 3093 Unused Serialized files (Serialized files now loaded: 0)
Unloading 14 unused Assets / (28.5 KB). Loaded Objects now: 3619.
Memory consumption went from 124.2 MB to 124.2 MB.
Total: 2.267300 ms (FindLiveObjects: 0.191900 ms CreateObjectMapping: 0.070400 ms MarkObjects: 1.961600 ms  DeleteObjects: 0.042400 ms)

Prepare: number of updated asset objects reloaded= 0
AssetImportParameters requested are different than current active one (requested -> active):
  custom:container-demuxer-ogg: 62fdf1f143b41e24485cea50d1cbac27 -> 
  custom:scripting/monoscript/fileName/GameManager.cs: 9933fbcc6190e2a9171c2ec8808a053e -> 
  custom:video-codec-MediaFoundation-h265: 746d11721c4dcdbdad8f713fa42b33f4 -> 
  custom:video-decoder-ogg-theora: a1e56fd34408186e4bbccfd4996cb3dc -> 
  custom:framework-win-MediaFoundation: 216162199b28c13a410421893ffa2e32 -> 
  custom:CustomObjectIndexerAttribute: 9a22284fe3817be447336de3de66b15e -> 
  custom:container-demuxer-webm: 4f35f7cbe854078d1ac9338744f61a02 -> 
  custom:container-muxer-webm: aa71ff27fc2769a1b78a27578f13a17b -> 
  custom:video-decoder-webm-vp8: 9c59270c3fd7afecdb556c50c9e8de78 -> 
  custom:SearchIndexIgnoredProperties: e643bd26f0fe6173181afceb89e7c659 -> 
  custom:AudioImporter_EditorPlatform: d09bf68614088b80899f8185d706f6e7 -> 
  custom:scripting/monoscript/fileName/Enemy.cs: 13cc614454c9ae28caa24456faa3d7cf -> 
  custom:video-encoder-webm-vp8: eb34c28f22e8b96e1ab97ce403110664 -> 
  custom:audio-decoder-ogg-vorbis: bf7c407c2cedff20999df2af8eb42d56 -> 
  custom:audio-encoder-webm-vorbis: bf7c407c2cedff20999df2af8eb42d56 -> 
  custom:scripting/precompiled-assembly-types:Assembly-CSharp: 69a1ba9911c52548649e65bd99706ec9 -> 
========================================================================
Received Import Request.
  Time since last request: 19.026928 seconds.
  path: Assets/Scripts/Player.cs
  artifactKey: Guid(c1e0936493ef93c4485a1f83bd9f07ce) Importer(815301076,1909f56bfc062723c751e8b465ee728b)
Start importing Assets/Scripts/Player.cs using Guid(c1e0936493ef93c4485a1f83bd9f07ce) Importer(815301076,1909f56bfc062723c751e8b465ee728b) [PhysX] Initialized MultithreadedTaskDispatcher with 20 workers.
 -> (artifact id: 'c4536d89b31950d0591b6757f66c9496') in 0.002529 seconds
Number of updated asset objects reloaded before import = 0
Number of asset objects unloaded after import = 0
========================================================================
Received Prepare
Caller must complete domain reload
Begin MonoManager ReloadAssembly
- Loaded All Assemblies, in  0.276 seconds
Native extension for WindowsStandalone target not found
Mono: successfully reloaded assembly
- Finished resetting the current domain, in  0.778 seconds
Domain Reload Profiling: 1055ms
	BeginReloadAssembly (97ms)
		ExecutionOrderSort (0ms)
		DisableScriptedObjects (2ms)
		BackupInstance (0ms)
		ReleaseScriptingObjects (0ms)
		CreateAndSetChildDomain (17ms)
	RebuildCommonClasses (20ms)
	RebuildNativeTypeToScriptingClass (6ms)
	initialDomainReloadingComplete (15ms)
	LoadAllAssembliesAndSetupDomain (138ms)
		LoadAssemblies (176ms)
		RebuildTransferFunctionScriptingTraits (0ms)
		AnalyzeDomain (16ms)
			TypeCache.Refresh (6ms)
				TypeCache.ScanAssembly (0ms)
			ScanForSourceGeneratedMonoScriptInfo (5ms)
			ResolveRequiredComponents (4ms)
	FinalizeReload (779ms)
		ReleaseScriptCaches (0ms)
		RebuildScriptCaches (0ms)
		SetupLoadedEditorAssemblies (354ms)
			LogAssemblyErrors (0ms)
			InitializePlatformSupportModulesInManaged (4ms)
			SetLoadedEditorAssemblies (4ms)
			RefreshPlugins (0ms)
			BeforeProcessingInitializeOnLoad (51ms)
			ProcessInitializeOnLoadAttributes (274ms)
			ProcessInitializeOnLoadMethodAttributes (19ms)
			AfterProcessingInitializeOnLoad (1ms)
			EditorAssembliesLoaded (0ms)
		ExecutionOrderSort2 (0ms)
		AwakeInstancesAfterBackupRestoration (6ms)
Refreshing native plugins compatible for Editor in 2.70 ms, found 3 plugins.
Preloading 0 native plugins for Editor in 0.00 ms.
Unloading 3094 Unused Serialized files (Serialized files now loaded: 0)
Unloading 14 unused Assets / (28.6 KB). Loaded Objects now: 3623.
Memory consumption went from 124.2 MB to 124.2 MB.
Total: 2.176200 ms (FindLiveObjects: 0.268700 ms CreateObjectMapping: 0.090500 ms MarkObjects: 1.783300 ms  DeleteObjects: 0.032700 ms)

Prepare: number of updated asset objects reloaded= 0
AssetImportParameters requested are different than current active one (requested -> active):
  custom:container-demuxer-ogg: 62fdf1f143b41e24485cea50d1cbac27 -> 
  custom:scripting/monoscript/fileName/GameManager.cs: 9933fbcc6190e2a9171c2ec8808a053e -> 
  custom:video-codec-MediaFoundation-h265: 746d11721c4dcdbdad8f713fa42b33f4 -> 
  custom:video-decoder-ogg-theora: a1e56fd34408186e4bbccfd4996cb3dc -> 
  custom:framework-win-MediaFoundation: 216162199b28c13a410421893ffa2e32 -> 
  custom:CustomObjectIndexerAttribute: 9a22284fe3817be447336de3de66b15e -> 
  custom:container-demuxer-webm: 4f35f7cbe854078d1ac9338744f61a02 -> 
  custom:container-muxer-webm: aa71ff27fc2769a1b78a27578f13a17b -> 
  custom:video-decoder-webm-vp8: 9c59270c3fd7afecdb556c50c9e8de78 -> 
  custom:SearchIndexIgnoredProperties: e643bd26f0fe6173181afceb89e7c659 -> 
  custom:AudioImporter_EditorPlatform: d09bf68614088b80899f8185d706f6e7 -> 
  custom:scripting/monoscript/fileName/Enemy.cs: 13cc614454c9ae28caa24456faa3d7cf -> 
  custom:video-encoder-webm-vp8: eb34c28f22e8b96e1ab97ce403110664 -> 
  custom:audio-decoder-ogg-vorbis: bf7c407c2cedff20999df2af8eb42d56 -> 
  custom:scripting/monoscript/fileName/Player.cs: 007e2e63cbf915a2b71612a7f593548a -> 
  custom:audio-encoder-webm-vorbis: bf7c407c2cedff20999df2af8eb42d56 -> 
  custom:scripting/precompiled-assembly-types:Assembly-CSharp: b9061ddacb4d27535c4a361c46c6ade3 -> 
========================================================================
Received Import Request.
  Time since last request: 35.793771 seconds.
  path: Assets/Scripts/Geometry.cs
  artifactKey: Guid(d1c411495ae403840a2f6a7dc5ca89e0) Importer(815301076,1909f56bfc062723c751e8b465ee728b)
Start importing Assets/Scripts/Geometry.cs using Guid(d1c411495ae403840a2f6a7dc5ca89e0) Importer(815301076,1909f56bfc062723c751e8b465ee728b) [PhysX] Initialized MultithreadedTaskDispatcher with 20 workers.
 -> (artifact id: '8186510fc30cecb265a6be75aeb535b7') in 0.001596 seconds
Number of updated asset objects reloaded before import = 0
Number of asset objects unloaded after import = 0
========================================================================
Received Prepare
Caller must complete domain reload
Begin MonoManager ReloadAssembly
- Loaded All Assemblies, in  0.323 seconds
Native extension for WindowsStandalone target not found
Mono: successfully reloaded assembly
- Finished resetting the current domain, in  0.684 seconds
Domain Reload Profiling: 1006ms
	BeginReloadAssembly (115ms)
		ExecutionOrderSort (0ms)
		DisableScriptedObjects (3ms)
		BackupInstance (0ms)
		ReleaseScriptingObjects (0ms)
		CreateAndSetChildDomain (24ms)
	RebuildCommonClasses (23ms)
	RebuildNativeTypeToScriptingClass (8ms)
	initialDomainReloadingComplete (19ms)
	LoadAllAssembliesAndSetupDomain (156ms)
		LoadAssemblies (200ms)
		RebuildTransferFunctionScriptingTraits (0ms)
		AnalyzeDomain (16ms)
			TypeCache.Refresh (6ms)
				TypeCache.ScanAssembly (0ms)
			ScanForSourceGeneratedMonoScriptInfo (5ms)
			ResolveRequiredComponents (3ms)
	FinalizeReload (684ms)
		ReleaseScriptCaches (0ms)
		RebuildScriptCaches (0ms)
		SetupLoadedEditorAssemblies (322ms)
			LogAssemblyErrors (0ms)
			InitializePlatformSupportModulesInManaged (5ms)
			SetLoadedEditorAssemblies (4ms)
			RefreshPlugins (0ms)
			BeforeProcessingInitializeOnLoad (57ms)
			ProcessInitializeOnLoadAttributes (239ms)
			ProcessInitializeOnLoadMethodAttributes (14ms)
			AfterProcessingInitializeOnLoad (1ms)
			EditorAssembliesLoaded (0ms)
		ExecutionOrderSort2 (0ms)
		AwakeInstancesAfterBackupRestoration (5ms)
Refreshing native plugins compatible for Editor in 1.92 ms, found 3 plugins.
Preloading 0 native plugins for Editor in 0.00 ms.
Unloading 3095 Unused Serialized files (Serialized files now loaded: 0)
Unloading 14 unused Assets / (28.6 KB). Loaded Objects now: 3627.
Memory consumption went from 124.2 MB to 124.2 MB.
Total: 2.149400 ms (FindLiveObjects: 0.137200 ms CreateObjectMapping: 0.063000 ms MarkObjects: 1.919900 ms  DeleteObjects: 0.028400 ms)

Prepare: number of updated asset objects reloaded= 0
AssetImportParameters requested are different than current active one (requested -> active):
  custom:container-demuxer-ogg: 62fdf1f143b41e24485cea50d1cbac27 -> 
  custom:scripting/monoscript/fileName/GameManager.cs: 9933fbcc6190e2a9171c2ec8808a053e -> 
  custom:video-codec-MediaFoundation-h265: 746d11721c4dcdbdad8f713fa42b33f4 -> 
  custom:video-decoder-ogg-theora: a1e56fd34408186e4bbccfd4996cb3dc -> 
  custom:framework-win-MediaFoundation: 216162199b28c13a410421893ffa2e32 -> 
  custom:CustomObjectIndexerAttribute: 9a22284fe3817be447336de3de66b15e -> 
  custom:scripting/monoscript/fileName/Geometry.cs: 905d47dd1d0c12f27609fa0f658efd14 -> 
  custom:container-demuxer-webm: 4f35f7cbe854078d1ac9338744f61a02 -> 
  custom:container-muxer-webm: aa71ff27fc2769a1b78a27578f13a17b -> 
  custom:video-decoder-webm-vp8: 9c59270c3fd7afecdb556c50c9e8de78 -> 
  custom:SearchIndexIgnoredProperties: e643bd26f0fe6173181afceb89e7c659 -> 
  custom:AudioImporter_EditorPlatform: d09bf68614088b80899f8185d706f6e7 -> 
  custom:scripting/monoscript/fileName/Enemy.cs: 13cc614454c9ae28caa24456faa3d7cf -> 
  custom:video-encoder-webm-vp8: eb34c28f22e8b96e1ab97ce403110664 -> 
  custom:audio-decoder-ogg-vorbis: bf7c407c2cedff20999df2af8eb42d56 -> 
  custom:scripting/monoscript/fileName/Player.cs: 007e2e63cbf915a2b71612a7f593548a -> 
  custom:audio-encoder-webm-vorbis: bf7c407c2cedff20999df2af8eb42d56 -> 
  custom:scripting/precompiled-assembly-types:Assembly-CSharp: b3951dcbd3c67511a46dc27d89109cd8 -> 
========================================================================
Received Import Request.
  Time since last request: 266.616920 seconds.
  path: Assets/Scripts/Item.cs
  artifactKey: Guid(edb4e442926d994499273d6e8ad5e20f) Importer(815301076,1909f56bfc062723c751e8b465ee728b)
Start importing Assets/Scripts/Item.cs using Guid(edb4e442926d994499273d6e8ad5e20f) Importer(815301076,1909f56bfc062723c751e8b465ee728b) [PhysX] Initialized MultithreadedTaskDispatcher with 20 workers.
 -> (artifact id: '43878706fe40c16c03678137aa41890c') in 0.002803 seconds
Number of updated asset objects reloaded before import = 0
Number of asset objects unloaded after import = 0
========================================================================
Received Prepare
Caller must complete domain reload
Begin MonoManager ReloadAssembly
- Loaded All Assemblies, in  0.322 seconds
Native extension for WindowsStandalone target not found
Mono: successfully reloaded assembly
- Finished resetting the current domain, in  0.741 seconds
Domain Reload Profiling: 1063ms
	BeginReloadAssembly (119ms)
		ExecutionOrderSort (0ms)
		DisableScriptedObjects (5ms)
		BackupInstance (0ms)
		ReleaseScriptingObjects (0ms)
		CreateAndSetChildDomain (26ms)
	RebuildCommonClasses (31ms)
	RebuildNativeTypeToScriptingClass (7ms)
	initialDomainReloadingComplete (18ms)
	LoadAllAssembliesAndSetupDomain (146ms)
		LoadAssemblies (192ms)
		RebuildTransferFunctionScriptingTraits (0ms)
		AnalyzeDomain (16ms)
			TypeCache.Refresh (6ms)
				TypeCache.ScanAssembly (0ms)
			ScanForSourceGeneratedMonoScriptInfo (5ms)
			ResolveRequiredComponents (3ms)
	FinalizeReload (742ms)
		ReleaseScriptCaches (0ms)
		RebuildScriptCaches (0ms)
		SetupLoadedEditorAssemblies (354ms)
			LogAssemblyErrors (0ms)
			InitializePlatformSupportModulesInManaged (4ms)
			SetLoadedEditorAssemblies (4ms)
			RefreshPlugins (0ms)
			BeforeProcessingInitializeOnLoad (45ms)
			ProcessInitializeOnLoadAttributes (283ms)
			ProcessInitializeOnLoadMethodAttributes (17ms)
			AfterProcessingInitializeOnLoad (1ms)
			EditorAssembliesLoaded (0ms)
		ExecutionOrderSort2 (0ms)
		AwakeInstancesAfterBackupRestoration (6ms)
Refreshing native plugins compatible for Editor in 1.95 ms, found 3 plugins.
Preloading 0 native plugins for Editor in 0.00 ms.
Unloading 3096 Unused Serialized files (Serialized files now loaded: 0)
Unloading 14 unused Assets / (28.5 KB). Loaded Objects now: 3631.
Memory consumption went from 124.2 MB to 124.2 MB.
Total: 1.944800 ms (FindLiveObjects: 0.149000 ms CreateObjectMapping: 0.054100 ms MarkObjects: 1.710300 ms  DeleteObjects: 0.030500 ms)

Prepare: number of updated asset objects reloaded= 0
AssetImportParameters requested are different than current active one (requested -> active):
  custom:container-demuxer-ogg: 62fdf1f143b41e24485cea50d1cbac27 -> 
  custom:scripting/monoscript/fileName/GameManager.cs: 9933fbcc6190e2a9171c2ec8808a053e -> 
  custom:video-codec-MediaFoundation-h265: 746d11721c4dcdbdad8f713fa42b33f4 -> 
  custom:video-decoder-ogg-theora: a1e56fd34408186e4bbccfd4996cb3dc -> 
  custom:framework-win-MediaFoundation: 216162199b28c13a410421893ffa2e32 -> 
  custom:CustomObjectIndexerAttribute: 9a22284fe3817be447336de3de66b15e -> 
  custom:scripting/monoscript/fileName/Geometry.cs: 905d47dd1d0c12f27609fa0f658efd14 -> 
  custom:container-demuxer-webm: 4f35f7cbe854078d1ac9338744f61a02 -> 
  custom:container-muxer-webm: aa71ff27fc2769a1b78a27578f13a17b -> 
  custom:video-decoder-webm-vp8: 9c59270c3fd7afecdb556c50c9e8de78 -> 
  custom:SearchIndexIgnoredProperties: e643bd26f0fe6173181afceb89e7c659 -> 
  custom:AudioImporter_EditorPlatform: d09bf68614088b80899f8185d706f6e7 -> 
  custom:scripting/monoscript/fileName/Enemy.cs: 13cc614454c9ae28caa24456faa3d7cf -> 
  custom:video-encoder-webm-vp8: eb34c28f22e8b96e1ab97ce403110664 -> 
  custom:audio-decoder-ogg-vorbis: bf7c407c2cedff20999df2af8eb42d56 -> 
  custom:scripting/monoscript/fileName/Item.cs: edfd25bbe8f561e55c7415f9c3adacfe -> 
  custom:scripting/monoscript/fileName/Player.cs: 007e2e63cbf915a2b71612a7f593548a -> 
  custom:audio-encoder-webm-vorbis: bf7c407c2cedff20999df2af8eb42d56 -> 
  custom:scripting/precompiled-assembly-types:Assembly-CSharp: 9b4b0d57402be3e9ec7e9f9c0ce7a600 -> 
========================================================================
Received Import Request.
  Time since last request: 76.107004 seconds.
  path: Assets/Scripts/Enemys
  artifactKey: Guid(daade1ed24aac51458afa2b7e16a51f9) Importer(815301076,1909f56bfc062723c751e8b465ee728b)
Start importing Assets/Scripts/Enemys using Guid(daade1ed24aac51458afa2b7e16a51f9) Importer(815301076,1909f56bfc062723c751e8b465ee728b) [PhysX] Initialized MultithreadedTaskDispatcher with 20 workers.
 -> (artifact id: '523277225f97b1b79eca78cb8644287d') in 0.001556 seconds
Number of updated asset objects reloaded before import = 0
Number of asset objects unloaded after import = 0
========================================================================
Received Prepare
Caller must complete domain reload
Begin MonoManager ReloadAssembly
- Loaded All Assemblies, in  0.337 seconds
Native extension for WindowsStandalone target not found
Mono: successfully reloaded assembly
- Finished resetting the current domain, in  0.709 seconds
Domain Reload Profiling: 1046ms
	BeginReloadAssembly (122ms)
		ExecutionOrderSort (0ms)
		DisableScriptedObjects (4ms)
		BackupInstance (0ms)
		ReleaseScriptingObjects (0ms)
		CreateAndSetChildDomain (26ms)
	RebuildCommonClasses (22ms)
	RebuildNativeTypeToScriptingClass (7ms)
	initialDomainReloadingComplete (21ms)
	LoadAllAssembliesAndSetupDomain (164ms)
		LoadAssemblies (209ms)
		RebuildTransferFunctionScriptingTraits (0ms)
		AnalyzeDomain (18ms)
			TypeCache.Refresh (7ms)
				TypeCache.ScanAssembly (0ms)
			ScanForSourceGeneratedMonoScriptInfo (5ms)
			ResolveRequiredComponents (4ms)
	FinalizeReload (710ms)
		ReleaseScriptCaches (0ms)
		RebuildScriptCaches (0ms)
		SetupLoadedEditorAssemblies (315ms)
			LogAssemblyErrors (0ms)
			InitializePlatformSupportModulesInManaged (5ms)
			SetLoadedEditorAssemblies (5ms)
			RefreshPlugins (0ms)
			BeforeProcessingInitializeOnLoad (58ms)
			ProcessInitializeOnLoadAttributes (232ms)
			ProcessInitializeOnLoadMethodAttributes (14ms)
			AfterProcessingInitializeOnLoad (1ms)
			EditorAssembliesLoaded (0ms)
		ExecutionOrderSort2 (0ms)
		AwakeInstancesAfterBackupRestoration (5ms)
Refreshing native plugins compatible for Editor in 1.82 ms, found 3 plugins.
Preloading 0 native plugins for Editor in 0.00 ms.
Unloading 3096 Unused Serialized files (Serialized files now loaded: 0)
Unloading 14 unused Assets / (28.5 KB). Loaded Objects now: 3634.
Memory consumption went from 124.2 MB to 124.2 MB.
Total: 1.822300 ms (FindLiveObjects: 0.128700 ms CreateObjectMapping: 0.053400 ms MarkObjects: 1.608500 ms  DeleteObjects: 0.031000 ms)

Prepare: number of updated asset objects reloaded= 0
AssetImportParameters requested are different than current active one (requested -> active):
  custom:container-demuxer-ogg: 62fdf1f143b41e24485cea50d1cbac27 -> 
  custom:scripting/monoscript/fileName/GameManager.cs: 9933fbcc6190e2a9171c2ec8808a053e -> 
  custom:video-codec-MediaFoundation-h265: 746d11721c4dcdbdad8f713fa42b33f4 -> 
  custom:video-decoder-ogg-theora: a1e56fd34408186e4bbccfd4996cb3dc -> 
  custom:framework-win-MediaFoundation: 216162199b28c13a410421893ffa2e32 -> 
  custom:CustomObjectIndexerAttribute: 9a22284fe3817be447336de3de66b15e -> 
  custom:scripting/monoscript/fileName/Geometry.cs: 905d47dd1d0c12f27609fa0f658efd14 -> 
  custom:container-demuxer-webm: 4f35f7cbe854078d1ac9338744f61a02 -> 
  custom:container-muxer-webm: aa71ff27fc2769a1b78a27578f13a17b -> 
  custom:video-decoder-webm-vp8: 9c59270c3fd7afecdb556c50c9e8de78 -> 
  custom:SearchIndexIgnoredProperties: e643bd26f0fe6173181afceb89e7c659 -> 
  custom:AudioImporter_EditorPlatform: d09bf68614088b80899f8185d706f6e7 -> 
  custom:scripting/monoscript/fileName/Enemy.cs: 8448538d4f104f9acda18da16679c4ac -> 
  custom:video-encoder-webm-vp8: eb34c28f22e8b96e1ab97ce403110664 -> 
  custom:audio-decoder-ogg-vorbis: bf7c407c2cedff20999df2af8eb42d56 -> 
  custom:scripting/monoscript/fileName/Item.cs: edfd25bbe8f561e55c7415f9c3adacfe -> 
  custom:scripting/monoscript/fileName/Player.cs: 007e2e63cbf915a2b71612a7f593548a -> 
  custom:audio-encoder-webm-vorbis: bf7c407c2cedff20999df2af8eb42d56 -> 
  custom:scripting/precompiled-assembly-types:Assembly-CSharp: 268d851d78c06333c4f2acec7365b4aa -> 
========================================================================
Received Import Request.
  Time since last request: 27.876489 seconds.
  path: Assets/Scripts/Items
  artifactKey: Guid(3322108bec3058b4a8dab1bf76397f1e) Importer(815301076,1909f56bfc062723c751e8b465ee728b)
Start importing Assets/Scripts/Items using Guid(3322108bec3058b4a8dab1bf76397f1e) Importer(815301076,1909f56bfc062723c751e8b465ee728b) [PhysX] Initialized MultithreadedTaskDispatcher with 20 workers.
 -> (artifact id: '5b6ea9430a999feacd176bd9a7957be3') in 0.001476 seconds
Number of updated asset objects reloaded before import = 0
Number of asset objects unloaded after import = 0
========================================================================
Received Prepare
Caller must complete domain reload
Begin MonoManager ReloadAssembly
- Loaded All Assemblies, in  0.289 seconds
Native extension for WindowsStandalone target not found
Mono: successfully reloaded assembly
- Finished resetting the current domain, in  0.728 seconds
Domain Reload Profiling: 1016ms
	BeginReloadAssembly (100ms)
		ExecutionOrderSort (0ms)
		DisableScriptedObjects (3ms)
		BackupInstance (0ms)
		ReleaseScriptingObjects (0ms)
		CreateAndSetChildDomain (21ms)
	RebuildCommonClasses (21ms)
	RebuildNativeTypeToScriptingClass (7ms)
	initialDomainReloadingComplete (17ms)
	LoadAllAssembliesAndSetupDomain (144ms)
		LoadAssemblies (180ms)
		RebuildTransferFunctionScriptingTraits (0ms)
		AnalyzeDomain (18ms)
			TypeCache.Refresh (9ms)
				TypeCache.ScanAssembly (0ms)
			ScanForSourceGeneratedMonoScriptInfo (5ms)
			ResolveRequiredComponents (3ms)
	FinalizeReload (728ms)
		ReleaseScriptCaches (0ms)
		RebuildScriptCaches (0ms)
		SetupLoadedEditorAssemblies (326ms)
			LogAssemblyErrors (0ms)
			InitializePlatformSupportModulesInManaged (6ms)
			SetLoadedEditorAssemblies (5ms)
			RefreshPlugins (0ms)
			BeforeProcessingInitializeOnLoad (54ms)
			ProcessInitializeOnLoadAttributes (245ms)
			ProcessInitializeOnLoadMethodAttributes (14ms)
			AfterProcessingInitializeOnLoad (1ms)
			EditorAssembliesLoaded (0ms)
		ExecutionOrderSort2 (0ms)
		AwakeInstancesAfterBackupRestoration (5ms)
Refreshing native plugins compatible for Editor in 2.07 ms, found 3 plugins.
Preloading 0 native plugins for Editor in 0.00 ms.
Unloading 3096 Unused Serialized files (Serialized files now loaded: 0)
Unloading 14 unused Assets / (28.6 KB). Loaded Objects now: 3637.
Memory consumption went from 124.2 MB to 124.2 MB.
Total: 2.056500 ms (FindLiveObjects: 0.149300 ms CreateObjectMapping: 0.050200 ms MarkObjects: 1.827600 ms  DeleteObjects: 0.028700 ms)

Prepare: number of updated asset objects reloaded= 0
AssetImportParameters requested are different than current active one (requested -> active):
  custom:container-demuxer-ogg: 62fdf1f143b41e24485cea50d1cbac27 -> 
  custom:scripting/monoscript/fileName/GameManager.cs: 9933fbcc6190e2a9171c2ec8808a053e -> 
  custom:video-codec-MediaFoundation-h265: 746d11721c4dcdbdad8f713fa42b33f4 -> 
  custom:video-decoder-ogg-theora: a1e56fd34408186e4bbccfd4996cb3dc -> 
  custom:framework-win-MediaFoundation: 216162199b28c13a410421893ffa2e32 -> 
  custom:CustomObjectIndexerAttribute: 9a22284fe3817be447336de3de66b15e -> 
  custom:scripting/monoscript/fileName/Geometry.cs: 905d47dd1d0c12f27609fa0f658efd14 -> 
  custom:container-demuxer-webm: 4f35f7cbe854078d1ac9338744f61a02 -> 
  custom:container-muxer-webm: aa71ff27fc2769a1b78a27578f13a17b -> 
  custom:video-decoder-webm-vp8: 9c59270c3fd7afecdb556c50c9e8de78 -> 
  custom:SearchIndexIgnoredProperties: e643bd26f0fe6173181afceb89e7c659 -> 
  custom:AudioImporter_EditorPlatform: d09bf68614088b80899f8185d706f6e7 -> 
  custom:scripting/monoscript/fileName/Enemy.cs: 8448538d4f104f9acda18da16679c4ac -> 
  custom:video-encoder-webm-vp8: eb34c28f22e8b96e1ab97ce403110664 -> 
  custom:audio-decoder-ogg-vorbis: bf7c407c2cedff20999df2af8eb42d56 -> 
  custom:scripting/monoscript/fileName/Item.cs: c2b7fc65fe255f985743270ca947d8ec -> 
  custom:scripting/monoscript/fileName/Player.cs: 007e2e63cbf915a2b71612a7f593548a -> 
  custom:audio-encoder-webm-vorbis: bf7c407c2cedff20999df2af8eb42d56 -> 
  custom:scripting/precompiled-assembly-types:Assembly-CSharp: 36b323c5b895055f531a16fbd37bddd1 -> 
========================================================================
Received Import Request.
  Time since last request: 23.366997 seconds.
  path: Assets/Scripts/Items/Coin.cs
  artifactKey: Guid(e3be7d7ad8f8ca348b666f8122425897) Importer(815301076,1909f56bfc062723c751e8b465ee728b)
Start importing Assets/Scripts/Items/Coin.cs using Guid(e3be7d7ad8f8ca348b666f8122425897) Importer(815301076,1909f56bfc062723c751e8b465ee728b) [PhysX] Initialized MultithreadedTaskDispatcher with 20 workers.
 -> (artifact id: 'f12e9ec2a39fe3b3309b50d68b17b47e') in 0.005332 seconds
Number of updated asset objects reloaded before import = 0
Number of asset objects unloaded after import = 0
========================================================================
Received Prepare
Caller must complete domain reload
Begin MonoManager ReloadAssembly
- Loaded All Assemblies, in  0.295 seconds
Native extension for WindowsStandalone target not found
Mono: successfully reloaded assembly
- Finished resetting the current domain, in  0.736 seconds
Domain Reload Profiling: 1030ms
	BeginReloadAssembly (99ms)
		ExecutionOrderSort (0ms)
		DisableScriptedObjects (3ms)
		BackupInstance (0ms)
		ReleaseScriptingObjects (0ms)
		CreateAndSetChildDomain (19ms)
	RebuildCommonClasses (22ms)
	RebuildNativeTypeToScriptingClass (7ms)
	initialDomainReloadingComplete (16ms)
	LoadAllAssembliesAndSetupDomain (150ms)
		LoadAssemblies (186ms)
		RebuildTransferFunctionScriptingTraits (0ms)
		AnalyzeDomain (19ms)
			TypeCache.Refresh (8ms)
				TypeCache.ScanAssembly (0ms)
			ScanForSourceGeneratedMonoScriptInfo (6ms)
			ResolveRequiredComponents (4ms)
	FinalizeReload (736ms)
		ReleaseScriptCaches (0ms)
		RebuildScriptCaches (0ms)
		SetupLoadedEditorAssemblies (351ms)
			LogAssemblyErrors (0ms)
			InitializePlatformSupportModulesInManaged (4ms)
			SetLoadedEditorAssemblies (5ms)
			RefreshPlugins (0ms)
			BeforeProcessingInitializeOnLoad (51ms)
			ProcessInitializeOnLoadAttributes (274ms)
			ProcessInitializeOnLoadMethodAttributes (16ms)
			AfterProcessingInitializeOnLoad (2ms)
			EditorAssembliesLoaded (0ms)
		ExecutionOrderSort2 (0ms)
		AwakeInstancesAfterBackupRestoration (8ms)
Refreshing native plugins compatible for Editor in 2.26 ms, found 3 plugins.
Preloading 0 native plugins for Editor in 0.00 ms.
Unloading 3097 Unused Serialized files (Serialized files now loaded: 0)
Unloading 14 unused Assets / (28.5 KB). Loaded Objects now: 3641.
Memory consumption went from 124.3 MB to 124.2 MB.
Total: 2.185800 ms (FindLiveObjects: 0.179300 ms CreateObjectMapping: 0.058100 ms MarkObjects: 1.913800 ms  DeleteObjects: 0.033800 ms)

Prepare: number of updated asset objects reloaded= 0
AssetImportParameters requested are different than current active one (requested -> active):
  custom:container-demuxer-ogg: 62fdf1f143b41e24485cea50d1cbac27 -> 
  custom:scripting/monoscript/fileName/GameManager.cs: 9933fbcc6190e2a9171c2ec8808a053e -> 
  custom:video-codec-MediaFoundation-h265: 746d11721c4dcdbdad8f713fa42b33f4 -> 
  custom:video-decoder-ogg-theora: a1e56fd34408186e4bbccfd4996cb3dc -> 
  custom:framework-win-MediaFoundation: 216162199b28c13a410421893ffa2e32 -> 
  custom:CustomObjectIndexerAttribute: 9a22284fe3817be447336de3de66b15e -> 
  custom:scripting/monoscript/fileName/Geometry.cs: 905d47dd1d0c12f27609fa0f658efd14 -> 
  custom:container-demuxer-webm: 4f35f7cbe854078d1ac9338744f61a02 -> 
  custom:container-muxer-webm: aa71ff27fc2769a1b78a27578f13a17b -> 
  custom:video-decoder-webm-vp8: 9c59270c3fd7afecdb556c50c9e8de78 -> 
  custom:SearchIndexIgnoredProperties: e643bd26f0fe6173181afceb89e7c659 -> 
  custom:AudioImporter_EditorPlatform: d09bf68614088b80899f8185d706f6e7 -> 
  custom:scripting/monoscript/fileName/Enemy.cs: 8448538d4f104f9acda18da16679c4ac -> 
  custom:video-encoder-webm-vp8: eb34c28f22e8b96e1ab97ce403110664 -> 
  custom:audio-decoder-ogg-vorbis: bf7c407c2cedff20999df2af8eb42d56 -> 
  custom:scripting/monoscript/fileName/Item.cs: c2b7fc65fe255f985743270ca947d8ec -> 
  custom:scripting/monoscript/fileName/Player.cs: 007e2e63cbf915a2b71612a7f593548a -> 
  custom:audio-encoder-webm-vorbis: bf7c407c2cedff20999df2af8eb42d56 -> 
  custom:scripting/monoscript/fileName/Coin.cs: 619f3eee3888c45b850590cb583d64bd -> 
  custom:scripting/precompiled-assembly-types:Assembly-CSharp: 45309918c369c73cd805495932d62685 -> 
========================================================================
Received Import Request.
  Time since last request: 24.491732 seconds.
  path: Assets/Scripts/Items/CoinBank.cs
  artifactKey: Guid(2816e77b2ef6af942944b1bfc8d0b173) Importer(815301076,1909f56bfc062723c751e8b465ee728b)
Start importing Assets/Scripts/Items/CoinBank.cs using Guid(2816e77b2ef6af942944b1bfc8d0b173) Importer(815301076,1909f56bfc062723c751e8b465ee728b) [PhysX] Initialized MultithreadedTaskDispatcher with 20 workers.
 -> (artifact id: 'a60c61145c64aa6db5e54bb2b06cbdbd') in 0.001924 seconds
Number of updated asset objects reloaded before import = 0
Number of asset objects unloaded after import = 0
========================================================================
Received Prepare
Caller must complete domain reload
Begin MonoManager ReloadAssembly
- Loaded All Assemblies, in  0.303 seconds
Native extension for WindowsStandalone target not found
Mono: successfully reloaded assembly
- Finished resetting the current domain, in  0.741 seconds
Domain Reload Profiling: 1043ms
	BeginReloadAssembly (97ms)
		ExecutionOrderSort (0ms)
		DisableScriptedObjects (2ms)
		BackupInstance (0ms)
		ReleaseScriptingObjects (0ms)
		CreateAndSetChildDomain (19ms)
	RebuildCommonClasses (21ms)
	RebuildNativeTypeToScriptingClass (7ms)
	initialDomainReloadingComplete (16ms)
	LoadAllAssembliesAndSetupDomain (160ms)
		LoadAssemblies (194ms)
		RebuildTransferFunctionScriptingTraits (0ms)
		AnalyzeDomain (16ms)
			TypeCache.Refresh (7ms)
				TypeCache.ScanAssembly (0ms)
			ScanForSourceGeneratedMonoScriptInfo (5ms)
			ResolveRequiredComponents (3ms)
	FinalizeReload (741ms)
		ReleaseScriptCaches (0ms)
		RebuildScriptCaches (0ms)
		SetupLoadedEditorAssemblies (352ms)
			LogAssemblyErrors (0ms)
			InitializePlatformSupportModulesInManaged (5ms)
			SetLoadedEditorAssemblies (4ms)
			RefreshPlugins (0ms)
			BeforeProcessingInitializeOnLoad (48ms)
			ProcessInitializeOnLoadAttributes (275ms)
			ProcessInitializeOnLoadMethodAttributes (18ms)
			AfterProcessingInitializeOnLoad (2ms)
			EditorAssembliesLoaded (0ms)
		ExecutionOrderSort2 (0ms)
		AwakeInstancesAfterBackupRestoration (6ms)
Refreshing native plugins compatible for Editor in 2.41 ms, found 3 plugins.
Preloading 0 native plugins for Editor in 0.00 ms.
Unloading 3098 Unused Serialized files (Serialized files now loaded: 0)
Unloading 14 unused Assets / (28.5 KB). Loaded Objects now: 3645.
Memory consumption went from 124.3 MB to 124.3 MB.
Total: 2.637400 ms (FindLiveObjects: 0.190600 ms CreateObjectMapping: 0.071700 ms MarkObjects: 2.328700 ms  DeleteObjects: 0.045300 ms)

Prepare: number of updated asset objects reloaded= 0
AssetImportParameters requested are different than current active one (requested -> active):
  custom:container-demuxer-ogg: 62fdf1f143b41e24485cea50d1cbac27 -> 
  custom:scripting/monoscript/fileName/CoinBank.cs: b794b09a1b79de1dc66b485a0c1f3e65 -> 
  custom:scripting/monoscript/fileName/GameManager.cs: 9933fbcc6190e2a9171c2ec8808a053e -> 
  custom:video-codec-MediaFoundation-h265: 746d11721c4dcdbdad8f713fa42b33f4 -> 
  custom:video-decoder-ogg-theora: a1e56fd34408186e4bbccfd4996cb3dc -> 
  custom:framework-win-MediaFoundation: 216162199b28c13a410421893ffa2e32 -> 
  custom:CustomObjectIndexerAttribute: 9a22284fe3817be447336de3de66b15e -> 
  custom:scripting/monoscript/fileName/Geometry.cs: 905d47dd1d0c12f27609fa0f658efd14 -> 
  custom:container-demuxer-webm: 4f35f7cbe854078d1ac9338744f61a02 -> 
  custom:container-muxer-webm: aa71ff27fc2769a1b78a27578f13a17b -> 
  custom:video-decoder-webm-vp8: 9c59270c3fd7afecdb556c50c9e8de78 -> 
  custom:SearchIndexIgnoredProperties: e643bd26f0fe6173181afceb89e7c659 -> 
  custom:AudioImporter_EditorPlatform: d09bf68614088b80899f8185d706f6e7 -> 
  custom:scripting/monoscript/fileName/Enemy.cs: 8448538d4f104f9acda18da16679c4ac -> 
  custom:video-encoder-webm-vp8: eb34c28f22e8b96e1ab97ce403110664 -> 
  custom:audio-decoder-ogg-vorbis: bf7c407c2cedff20999df2af8eb42d56 -> 
  custom:scripting/monoscript/fileName/Item.cs: c2b7fc65fe255f985743270ca947d8ec -> 
  custom:scripting/monoscript/fileName/Player.cs: 007e2e63cbf915a2b71612a7f593548a -> 
  custom:audio-encoder-webm-vorbis: bf7c407c2cedff20999df2af8eb42d56 -> 
  custom:scripting/monoscript/fileName/Coin.cs: 619f3eee3888c45b850590cb583d64bd -> 
  custom:scripting/precompiled-assembly-types:Assembly-CSharp: 257af17f7ec248f2782799e8c4ff2cee -> 
========================================================================
Received Import Request.
  Time since last request: 19.407097 seconds.
  path: Assets/Scripts/Items/Cherry.cs
  artifactKey: Guid(41cf85767283a4b428e4556cfa38fa17) Importer(815301076,1909f56bfc062723c751e8b465ee728b)
Start importing Assets/Scripts/Items/Cherry.cs using Guid(41cf85767283a4b428e4556cfa38fa17) Importer(815301076,1909f56bfc062723c751e8b465ee728b) [PhysX] Initialized MultithreadedTaskDispatcher with 20 workers.
 -> (artifact id: '4cd6b0a44222febe8a167eae18a3f9c1') in 0.001682 seconds
Number of updated asset objects reloaded before import = 0
Number of asset objects unloaded after import = 0
========================================================================
Received Prepare
Caller must complete domain reload
Begin MonoManager ReloadAssembly
- Loaded All Assemblies, in  0.291 seconds
Native extension for WindowsStandalone target not found
Mono: successfully reloaded assembly
- Finished resetting the current domain, in  0.757 seconds
Domain Reload Profiling: 1048ms
	BeginReloadAssembly (95ms)
		ExecutionOrderSort (0ms)
		DisableScriptedObjects (3ms)
		BackupInstance (0ms)
		ReleaseScriptingObjects (0ms)
		CreateAndSetChildDomain (19ms)
	RebuildCommonClasses (21ms)
	RebuildNativeTypeToScriptingClass (7ms)
	initialDomainReloadingComplete (16ms)
	LoadAllAssembliesAndSetupDomain (152ms)
		LoadAssemblies (186ms)
		RebuildTransferFunctionScriptingTraits (0ms)
		AnalyzeDomain (17ms)
			TypeCache.Refresh (7ms)
				TypeCache.ScanAssembly (0ms)
			ScanForSourceGeneratedMonoScriptInfo (6ms)
			ResolveRequiredComponents (3ms)
	FinalizeReload (757ms)
		ReleaseScriptCaches (0ms)
		RebuildScriptCaches (0ms)
		SetupLoadedEditorAssemblies (362ms)
			LogAssemblyErrors (0ms)
			InitializePlatformSupportModulesInManaged (5ms)
			SetLoadedEditorAssemblies (4ms)
			RefreshPlugins (0ms)
			BeforeProcessingInitializeOnLoad (50ms)
			ProcessInitializeOnLoadAttributes (283ms)
			ProcessInitializeOnLoadMethodAttributes (18ms)
			AfterProcessingInitializeOnLoad (1ms)
			EditorAssembliesLoaded (0ms)
		ExecutionOrderSort2 (0ms)
		AwakeInstancesAfterBackupRestoration (7ms)
Refreshing native plugins compatible for Editor in 2.49 ms, found 3 plugins.
Preloading 0 native plugins for Editor in 0.00 ms.
Unloading 3099 Unused Serialized files (Serialized files now loaded: 0)
Unloading 14 unused Assets / (28.6 KB). Loaded Objects now: 3649.
Memory consumption went from 124.3 MB to 124.3 MB.
Total: 2.372600 ms (FindLiveObjects: 0.187300 ms CreateObjectMapping: 0.067800 ms MarkObjects: 2.081900 ms  DeleteObjects: 0.034700 ms)

Prepare: number of updated asset objects reloaded= 0
AssetImportParameters requested are different than current active one (requested -> active):
  custom:container-demuxer-ogg: 62fdf1f143b41e24485cea50d1cbac27 -> 
  custom:scripting/monoscript/fileName/CoinBank.cs: b794b09a1b79de1dc66b485a0c1f3e65 -> 
  custom:scripting/monoscript/fileName/GameManager.cs: 9933fbcc6190e2a9171c2ec8808a053e -> 
  custom:video-codec-MediaFoundation-h265: 746d11721c4dcdbdad8f713fa42b33f4 -> 
  custom:video-decoder-ogg-theora: a1e56fd34408186e4bbccfd4996cb3dc -> 
  custom:framework-win-MediaFoundation: 216162199b28c13a410421893ffa2e32 -> 
  custom:CustomObjectIndexerAttribute: 9a22284fe3817be447336de3de66b15e -> 
  custom:scripting/monoscript/fileName/Geometry.cs: 905d47dd1d0c12f27609fa0f658efd14 -> 
  custom:scripting/monoscript/fileName/Cherry.cs: f6b64806f9b1c9f1e2e6f42014a4c25c -> 
  custom:container-demuxer-webm: 4f35f7cbe854078d1ac9338744f61a02 -> 
  custom:container-muxer-webm: aa71ff27fc2769a1b78a27578f13a17b -> 
  custom:video-decoder-webm-vp8: 9c59270c3fd7afecdb556c50c9e8de78 -> 
  custom:SearchIndexIgnoredProperties: e643bd26f0fe6173181afceb89e7c659 -> 
  custom:AudioImporter_EditorPlatform: d09bf68614088b80899f8185d706f6e7 -> 
  custom:scripting/monoscript/fileName/Enemy.cs: 8448538d4f104f9acda18da16679c4ac -> 
  custom:video-encoder-webm-vp8: eb34c28f22e8b96e1ab97ce403110664 -> 
  custom:audio-decoder-ogg-vorbis: bf7c407c2cedff20999df2af8eb42d56 -> 
  custom:scripting/monoscript/fileName/Item.cs: c2b7fc65fe255f985743270ca947d8ec -> 
  custom:scripting/monoscript/fileName/Player.cs: 007e2e63cbf915a2b71612a7f593548a -> 
  custom:audio-encoder-webm-vorbis: bf7c407c2cedff20999df2af8eb42d56 -> 
  custom:scripting/monoscript/fileName/Coin.cs: 619f3eee3888c45b850590cb583d64bd -> 
  custom:scripting/precompiled-assembly-types:Assembly-CSharp: ec5eec068a36fbfd3fbb8ad659eec37b -> 
========================================================================
Received Import Request.
  Time since last request: 107.772081 seconds.
  path: Assets/Art/Prefabs/Characters/Pacman.prefab
  artifactKey: Guid(40ea734b6e5c28243b38711cbe213d34) Importer(815301076,1909f56bfc062723c751e8b465ee728b)
Start importing Assets/Art/Prefabs/Characters/Pacman.prefab using Guid(40ea734b6e5c28243b38711cbe213d34) Importer(815301076,1909f56bfc062723c751e8b465ee728b) [PhysX] Initialized MultithreadedTaskDispatcher with 20 workers.
[PhysX] Initialized MultithreadedTaskDispatcher with 20 workers.
 -> (artifact id: '9586068756a5f884f207922ee2f4bb35') in 0.078629 seconds
Number of updated asset objects reloaded before import = 0
Number of asset objects unloaded after import = 36
========================================================================
Received Import Request.
  Time since last request: 89.808976 seconds.
  path: Assets/Scripts/Labyrinth.cs
  artifactKey: Guid(2ce32dcfe6ba00546a2dc5892d68ab9a) Importer(815301076,1909f56bfc062723c751e8b465ee728b)
Start importing Assets/Scripts/Labyrinth.cs using Guid(2ce32dcfe6ba00546a2dc5892d68ab9a) Importer(815301076,1909f56bfc062723c751e8b465ee728b) [PhysX] Initialized MultithreadedTaskDispatcher with 20 workers.
 -> (artifact id: 'c6e6b7f361b204ffaedc79119df9fe0e') in 0.000544 seconds
Number of updated asset objects reloaded before import = 0
Number of asset objects unloaded after import = 0
========================================================================
Received Prepare
Caller must complete domain reload
Begin MonoManager ReloadAssembly
- Loaded All Assemblies, in  0.328 seconds
Native extension for WindowsStandalone target not found
Mono: successfully reloaded assembly
- Finished resetting the current domain, in  0.717 seconds
Domain Reload Profiling: 1044ms
	BeginReloadAssembly (101ms)
		ExecutionOrderSort (0ms)
		DisableScriptedObjects (3ms)
		BackupInstance (0ms)
		ReleaseScriptingObjects (0ms)
		CreateAndSetChildDomain (20ms)
	RebuildCommonClasses (29ms)
	RebuildNativeTypeToScriptingClass (7ms)
	initialDomainReloadingComplete (19ms)
	LoadAllAssembliesAndSetupDomain (171ms)
		LoadAssemblies (209ms)
		RebuildTransferFunctionScriptingTraits (0ms)
		AnalyzeDomain (19ms)
			TypeCache.Refresh (7ms)
				TypeCache.ScanAssembly (0ms)
			ScanForSourceGeneratedMonoScriptInfo (6ms)
			ResolveRequiredComponents (4ms)
	FinalizeReload (717ms)
		ReleaseScriptCaches (0ms)
		RebuildScriptCaches (0ms)
		SetupLoadedEditorAssemblies (348ms)
			LogAssemblyErrors (0ms)
			InitializePlatformSupportModulesInManaged (5ms)
			SetLoadedEditorAssemblies (4ms)
			RefreshPlugins (0ms)
			BeforeProcessingInitializeOnLoad (54ms)
			ProcessInitializeOnLoadAttributes (268ms)
			ProcessInitializeOnLoadMethodAttributes (16ms)
			AfterProcessingInitializeOnLoad (1ms)
			EditorAssembliesLoaded (0ms)
		ExecutionOrderSort2 (0ms)
		AwakeInstancesAfterBackupRestoration (7ms)
Refreshing native plugins compatible for Editor in 2.47 ms, found 3 plugins.
Preloading 0 native plugins for Editor in 0.00 ms.
Unloading 3100 Unused Serialized files (Serialized files now loaded: 0)
Unloading 14 unused Assets / (28.6 KB). Loaded Objects now: 3653.
Memory consumption went from 124.3 MB to 124.3 MB.
Total: 2.383800 ms (FindLiveObjects: 0.209800 ms CreateObjectMapping: 0.063900 ms MarkObjects: 2.068100 ms  DeleteObjects: 0.041100 ms)

Prepare: number of updated asset objects reloaded= 0
AssetImportParameters requested are different than current active one (requested -> active):
  custom:container-demuxer-ogg: 62fdf1f143b41e24485cea50d1cbac27 -> 
  custom:scripting/monoscript/fileName/CoinBank.cs: b794b09a1b79de1dc66b485a0c1f3e65 -> 
  custom:scripting/monoscript/fileName/GameManager.cs: 9933fbcc6190e2a9171c2ec8808a053e -> 
  custom:video-codec-MediaFoundation-h265: 746d11721c4dcdbdad8f713fa42b33f4 -> 
  custom:video-decoder-ogg-theora: a1e56fd34408186e4bbccfd4996cb3dc -> 
  custom:framework-win-MediaFoundation: 216162199b28c13a410421893ffa2e32 -> 
  custom:CustomObjectIndexerAttribute: 9a22284fe3817be447336de3de66b15e -> 
  custom:scripting/monoscript/fileName/Geometry.cs: 905d47dd1d0c12f27609fa0f658efd14 -> 
  custom:scripting/monoscript/fileName/Cherry.cs: f6b64806f9b1c9f1e2e6f42014a4c25c -> 
  custom:container-demuxer-webm: 4f35f7cbe854078d1ac9338744f61a02 -> 
  custom:container-muxer-webm: aa71ff27fc2769a1b78a27578f13a17b -> 
  custom:video-decoder-webm-vp8: 9c59270c3fd7afecdb556c50c9e8de78 -> 
  custom:SearchIndexIgnoredProperties: e643bd26f0fe6173181afceb89e7c659 -> 
  custom:AudioImporter_EditorPlatform: d09bf68614088b80899f8185d706f6e7 -> 
  custom:scripting/monoscript/fileName/Enemy.cs: 8448538d4f104f9acda18da16679c4ac -> 
  custom:video-encoder-webm-vp8: eb34c28f22e8b96e1ab97ce403110664 -> 
  custom:scripting/monoscript/fileName/Labyrinth.cs: 87984a9cd7f25d3e05991ef777b8c718 -> 
  custom:audio-decoder-ogg-vorbis: bf7c407c2cedff20999df2af8eb42d56 -> 
  custom:scripting/monoscript/fileName/Item.cs: c2b7fc65fe255f985743270ca947d8ec -> 
  custom:scripting/monoscript/fileName/Player.cs: 007e2e63cbf915a2b71612a7f593548a -> 
  custom:audio-encoder-webm-vorbis: bf7c407c2cedff20999df2af8eb42d56 -> 
  custom:scripting/monoscript/fileName/Coin.cs: 619f3eee3888c45b850590cb583d64bd -> 
  custom:scripting/precompiled-assembly-types:Assembly-CSharp: d1a4dcb2d0dc2b62af9132892785fed4 -> 
========================================================================
Received Import Request.
  Time since last request: 3.709745 seconds.
  path: Assets/Scripts/Labyrinth.cs
  artifactKey: Guid(2ce32dcfe6ba00546a2dc5892d68ab9a) Importer(815301076,1909f56bfc062723c751e8b465ee728b)
Start importing Assets/Scripts/Labyrinth.cs using Guid(2ce32dcfe6ba00546a2dc5892d68ab9a) Importer(815301076,1909f56bfc062723c751e8b465ee728b) [PhysX] Initialized MultithreadedTaskDispatcher with 20 workers.
 -> (artifact id: 'df10926c7df864167f5d7d5c3b43f62a') in 0.001894 seconds
Number of updated asset objects reloaded before import = 0
Number of asset objects unloaded after import = 0
========================================================================
Received Import Request.
  Time since last request: 492.060763 seconds.
  path: Assets/Scripts/Labyrinth
  artifactKey: Guid(76b869e20e0c0f54cbd020a68981d35c) Importer(815301076,1909f56bfc062723c751e8b465ee728b)
Start importing Assets/Scripts/Labyrinth using Guid(76b869e20e0c0f54cbd020a68981d35c) Importer(815301076,1909f56bfc062723c751e8b465ee728b) [PhysX] Initialized MultithreadedTaskDispatcher with 20 workers.
 -> (artifact id: 'ddfef52222320739052ec9d00047de1f') in 0.000635 seconds
Number of updated asset objects reloaded before import = 0
Number of asset objects unloaded after import = 0
========================================================================
Received Prepare
Caller must complete domain reload
Begin MonoManager ReloadAssembly
- Loaded All Assemblies, in  0.303 seconds
Native extension for WindowsStandalone target not found
Mono: successfully reloaded assembly
- Finished resetting the current domain, in  0.660 seconds
Domain Reload Profiling: 963ms
	BeginReloadAssembly (101ms)
		ExecutionOrderSort (0ms)
		DisableScriptedObjects (3ms)
		BackupInstance (0ms)
		ReleaseScriptingObjects (0ms)
		CreateAndSetChildDomain (21ms)
	RebuildCommonClasses (20ms)
	RebuildNativeTypeToScriptingClass (6ms)
	initialDomainReloadingComplete (17ms)
	LoadAllAssembliesAndSetupDomain (158ms)
		LoadAssemblies (194ms)
		RebuildTransferFunctionScriptingTraits (0ms)
		AnalyzeDomain (19ms)
			TypeCache.Refresh (8ms)
				TypeCache.ScanAssembly (0ms)
			ScanForSourceGeneratedMonoScriptInfo (6ms)
			ResolveRequiredComponents (4ms)
	FinalizeReload (661ms)
		ReleaseScriptCaches (0ms)
		RebuildScriptCaches (0ms)
		SetupLoadedEditorAssemblies (328ms)
			LogAssemblyErrors (0ms)
			InitializePlatformSupportModulesInManaged (5ms)
			SetLoadedEditorAssemblies (4ms)
			RefreshPlugins (0ms)
			BeforeProcessingInitializeOnLoad (50ms)
			ProcessInitializeOnLoadAttributes (255ms)
			ProcessInitializeOnLoadMethodAttributes (13ms)
			AfterProcessingInitializeOnLoad (1ms)
			EditorAssembliesLoaded (0ms)
		ExecutionOrderSort2 (0ms)
		AwakeInstancesAfterBackupRestoration (5ms)
Refreshing native plugins compatible for Editor in 4.16 ms, found 3 plugins.
Preloading 0 native plugins for Editor in 0.00 ms.
Unloading 3100 Unused Serialized files (Serialized files now loaded: 0)
Unloading 14 unused Assets / (28.6 KB). Loaded Objects now: 3656.
Memory consumption went from 124.3 MB to 124.3 MB.
Total: 2.437900 ms (FindLiveObjects: 0.202900 ms CreateObjectMapping: 0.084700 ms MarkObjects: 2.117200 ms  DeleteObjects: 0.031900 ms)

Prepare: number of updated asset objects reloaded= 0
AssetImportParameters requested are different than current active one (requested -> active):
  custom:container-demuxer-ogg: 62fdf1f143b41e24485cea50d1cbac27 -> 
  custom:scripting/monoscript/fileName/CoinBank.cs: b794b09a1b79de1dc66b485a0c1f3e65 -> 
  custom:scripting/monoscript/fileName/GameManager.cs: 9933fbcc6190e2a9171c2ec8808a053e -> 
  custom:video-codec-MediaFoundation-h265: 746d11721c4dcdbdad8f713fa42b33f4 -> 
  custom:video-decoder-ogg-theora: a1e56fd34408186e4bbccfd4996cb3dc -> 
  custom:framework-win-MediaFoundation: 216162199b28c13a410421893ffa2e32 -> 
  custom:CustomObjectIndexerAttribute: 9a22284fe3817be447336de3de66b15e -> 
  custom:scripting/monoscript/fileName/Geometry.cs: 905d47dd1d0c12f27609fa0f658efd14 -> 
  custom:scripting/monoscript/fileName/Cherry.cs: f6b64806f9b1c9f1e2e6f42014a4c25c -> 
  custom:container-demuxer-webm: 4f35f7cbe854078d1ac9338744f61a02 -> 
  custom:container-muxer-webm: aa71ff27fc2769a1b78a27578f13a17b -> 
  custom:video-decoder-webm-vp8: 9c59270c3fd7afecdb556c50c9e8de78 -> 
  custom:SearchIndexIgnoredProperties: e643bd26f0fe6173181afceb89e7c659 -> 
  custom:AudioImporter_EditorPlatform: d09bf68614088b80899f8185d706f6e7 -> 
  custom:scripting/monoscript/fileName/Enemy.cs: 8448538d4f104f9acda18da16679c4ac -> 
  custom:video-encoder-webm-vp8: eb34c28f22e8b96e1ab97ce403110664 -> 
  custom:scripting/monoscript/fileName/Labyrinth.cs: 32051f7884a6750ed1c67dd49efc6ddd -> 
  custom:audio-decoder-ogg-vorbis: bf7c407c2cedff20999df2af8eb42d56 -> 
  custom:scripting/monoscript/fileName/Item.cs: c2b7fc65fe255f985743270ca947d8ec -> 
  custom:scripting/monoscript/fileName/Player.cs: 007e2e63cbf915a2b71612a7f593548a -> 
  custom:audio-encoder-webm-vorbis: bf7c407c2cedff20999df2af8eb42d56 -> 
  custom:scripting/monoscript/fileName/Coin.cs: 619f3eee3888c45b850590cb583d64bd -> 
  custom:scripting/precompiled-assembly-types:Assembly-CSharp: fd0dc2f592bcb2d7203265627f8359a1 -> 
========================================================================
Received Import Request.
  Time since last request: 45.515382 seconds.
  path: Assets/Scripts/Labyrinth/LabyrinthFloor.cs
  artifactKey: Guid(3dc338c09c3853b40aa4394d9a116ffd) Importer(815301076,1909f56bfc062723c751e8b465ee728b)
Start importing Assets/Scripts/Labyrinth/LabyrinthFloor.cs using Guid(3dc338c09c3853b40aa4394d9a116ffd) Importer(815301076,1909f56bfc062723c751e8b465ee728b) [PhysX] Initialized MultithreadedTaskDispatcher with 20 workers.
 -> (artifact id: '29f0193cead6fcf6c28588fc7f6c50eb') in 0.002633 seconds
Number of updated asset objects reloaded before import = 0
Number of asset objects unloaded after import = 0
========================================================================
Received Prepare
Caller must complete domain reload
Begin MonoManager ReloadAssembly
- Loaded All Assemblies, in  0.280 seconds
Native extension for WindowsStandalone target not found
Mono: successfully reloaded assembly
- Finished resetting the current domain, in  0.768 seconds
Domain Reload Profiling: 1047ms
	BeginReloadAssembly (92ms)
		ExecutionOrderSort (0ms)
		DisableScriptedObjects (3ms)
		BackupInstance (0ms)
		ReleaseScriptingObjects (0ms)
		CreateAndSetChildDomain (19ms)
	RebuildCommonClasses (19ms)
	RebuildNativeTypeToScriptingClass (6ms)
	initialDomainReloadingComplete (14ms)
	LoadAllAssembliesAndSetupDomain (147ms)
		LoadAssemblies (176ms)
		RebuildTransferFunctionScriptingTraits (0ms)
		AnalyzeDomain (19ms)
			TypeCache.Refresh (8ms)
				TypeCache.ScanAssembly (0ms)
			ScanForSourceGeneratedMonoScriptInfo (6ms)
			ResolveRequiredComponents (4ms)
	FinalizeReload (768ms)
		ReleaseScriptCaches (0ms)
		RebuildScriptCaches (0ms)
		SetupLoadedEditorAssemblies (346ms)
			LogAssemblyErrors (0ms)
			InitializePlatformSupportModulesInManaged (5ms)
			SetLoadedEditorAssemblies (4ms)
			RefreshPlugins (0ms)
			BeforeProcessingInitializeOnLoad (48ms)
			ProcessInitializeOnLoadAttributes (269ms)
			ProcessInitializeOnLoadMethodAttributes (17ms)
			AfterProcessingInitializeOnLoad (1ms)
			EditorAssembliesLoaded (0ms)
		ExecutionOrderSort2 (0ms)
		AwakeInstancesAfterBackupRestoration (6ms)
Refreshing native plugins compatible for Editor in 2.35 ms, found 3 plugins.
Preloading 0 native plugins for Editor in 0.00 ms.
Unloading 3101 Unused Serialized files (Serialized files now loaded: 0)
Unloading 14 unused Assets / (28.6 KB). Loaded Objects now: 3660.
Memory consumption went from 124.3 MB to 124.3 MB.
Total: 2.739900 ms (FindLiveObjects: 0.190000 ms CreateObjectMapping: 0.115300 ms MarkObjects: 2.393600 ms  DeleteObjects: 0.040100 ms)

Prepare: number of updated asset objects reloaded= 0
AssetImportParameters requested are different than current active one (requested -> active):
  custom:scripting/monoscript/fileName/LabyrinthFloor.cs: cd2fe572e69f7d9598209e4d5315fa22 -> 
  custom:container-demuxer-ogg: 62fdf1f143b41e24485cea50d1cbac27 -> 
  custom:scripting/monoscript/fileName/CoinBank.cs: b794b09a1b79de1dc66b485a0c1f3e65 -> 
  custom:scripting/monoscript/fileName/GameManager.cs: 9933fbcc6190e2a9171c2ec8808a053e -> 
  custom:video-codec-MediaFoundation-h265: 746d11721c4dcdbdad8f713fa42b33f4 -> 
  custom:video-decoder-ogg-theora: a1e56fd34408186e4bbccfd4996cb3dc -> 
  custom:framework-win-MediaFoundation: 216162199b28c13a410421893ffa2e32 -> 
  custom:CustomObjectIndexerAttribute: 9a22284fe3817be447336de3de66b15e -> 
  custom:scripting/monoscript/fileName/Geometry.cs: 905d47dd1d0c12f27609fa0f658efd14 -> 
  custom:scripting/monoscript/fileName/Cherry.cs: f6b64806f9b1c9f1e2e6f42014a4c25c -> 
  custom:container-demuxer-webm: 4f35f7cbe854078d1ac9338744f61a02 -> 
  custom:container-muxer-webm: aa71ff27fc2769a1b78a27578f13a17b -> 
  custom:video-decoder-webm-vp8: 9c59270c3fd7afecdb556c50c9e8de78 -> 
  custom:SearchIndexIgnoredProperties: e643bd26f0fe6173181afceb89e7c659 -> 
  custom:AudioImporter_EditorPlatform: d09bf68614088b80899f8185d706f6e7 -> 
  custom:scripting/monoscript/fileName/Enemy.cs: 8448538d4f104f9acda18da16679c4ac -> 
  custom:video-encoder-webm-vp8: eb34c28f22e8b96e1ab97ce403110664 -> 
  custom:scripting/monoscript/fileName/Labyrinth.cs: 32051f7884a6750ed1c67dd49efc6ddd -> 
  custom:audio-decoder-ogg-vorbis: bf7c407c2cedff20999df2af8eb42d56 -> 
  custom:scripting/monoscript/fileName/Item.cs: c2b7fc65fe255f985743270ca947d8ec -> 
  custom:scripting/monoscript/fileName/Player.cs: 007e2e63cbf915a2b71612a7f593548a -> 
  custom:audio-encoder-webm-vorbis: bf7c407c2cedff20999df2af8eb42d56 -> 
  custom:scripting/monoscript/fileName/Coin.cs: 619f3eee3888c45b850590cb583d64bd -> 
  custom:scripting/precompiled-assembly-types:Assembly-CSharp: 943024942c361268c71c0995634583f2 -> 
========================================================================
Received Import Request.
  Time since last request: 36.935062 seconds.
  path: Assets/Scripts/Enemys/Enemy.cs
  artifactKey: Guid(1604cde690b2e894f997f691a3038b41) Importer(815301076,1909f56bfc062723c751e8b465ee728b)
Start importing Assets/Scripts/Enemys/Enemy.cs using Guid(1604cde690b2e894f997f691a3038b41) Importer(815301076,1909f56bfc062723c751e8b465ee728b) [PhysX] Initialized MultithreadedTaskDispatcher with 20 workers.
 -> (artifact id: 'ac740ce3935aa7cef4dca231418ef001') in 0.001603 seconds
Number of updated asset objects reloaded before import = 0
Number of asset objects unloaded after import = 0
========================================================================
Received Import Request.
  Time since last request: 12.194653 seconds.
  path: Assets/Scripts/Enemys/Ghost.cs
  artifactKey: Guid(1604cde690b2e894f997f691a3038b41) Importer(815301076,1909f56bfc062723c751e8b465ee728b)
Start importing Assets/Scripts/Enemys/Ghost.cs using Guid(1604cde690b2e894f997f691a3038b41) Importer(815301076,1909f56bfc062723c751e8b465ee728b) [PhysX] Initialized MultithreadedTaskDispatcher with 20 workers.
 -> (artifact id: '57e9d38f053a1d61d536aa220420ab58') in 0.000495 seconds
Number of updated asset objects reloaded before import = 0
Number of asset objects unloaded after import = 0
========================================================================
Received Prepare
Caller must complete domain reload
Begin MonoManager ReloadAssembly
- Loaded All Assemblies, in  0.316 seconds
Native extension for WindowsStandalone target not found
Mono: successfully reloaded assembly
- Finished resetting the current domain, in  0.669 seconds
Domain Reload Profiling: 985ms
	BeginReloadAssembly (109ms)
		ExecutionOrderSort (0ms)
		DisableScriptedObjects (3ms)
		BackupInstance (0ms)
		ReleaseScriptingObjects (0ms)
		CreateAndSetChildDomain (24ms)
	RebuildCommonClasses (26ms)
	RebuildNativeTypeToScriptingClass (7ms)
	initialDomainReloadingComplete (16ms)
	LoadAllAssembliesAndSetupDomain (157ms)
		LoadAssemblies (195ms)
		RebuildTransferFunctionScriptingTraits (0ms)
		AnalyzeDomain (19ms)
			TypeCache.Refresh (6ms)
				TypeCache.ScanAssembly (0ms)
			ScanForSourceGeneratedMonoScriptInfo (6ms)
			ResolveRequiredComponents (5ms)
	FinalizeReload (670ms)
		ReleaseScriptCaches (0ms)
		RebuildScriptCaches (0ms)
		SetupLoadedEditorAssemblies (324ms)
			LogAssemblyErrors (0ms)
			InitializePlatformSupportModulesInManaged (4ms)
			SetLoadedEditorAssemblies (4ms)
			RefreshPlugins (0ms)
			BeforeProcessingInitializeOnLoad (48ms)
			ProcessInitializeOnLoadAttributes (253ms)
			ProcessInitializeOnLoadMethodAttributes (13ms)
			AfterProcessingInitializeOnLoad (1ms)
			EditorAssembliesLoaded (0ms)
		ExecutionOrderSort2 (0ms)
		AwakeInstancesAfterBackupRestoration (5ms)
Refreshing native plugins compatible for Editor in 1.67 ms, found 3 plugins.
Preloading 0 native plugins for Editor in 0.00 ms.
Unloading 3101 Unused Serialized files (Serialized files now loaded: 0)
Unloading 14 unused Assets / (28.6 KB). Loaded Objects now: 3663.
Memory consumption went from 124.3 MB to 124.3 MB.
Total: 2.060100 ms (FindLiveObjects: 0.167900 ms CreateObjectMapping: 0.068900 ms MarkObjects: 1.791700 ms  DeleteObjects: 0.030800 ms)

Prepare: number of updated asset objects reloaded= 0
AssetImportParameters requested are different than current active one (requested -> active):
  custom:scripting/monoscript/fileName/LabyrinthFloor.cs: cd2fe572e69f7d9598209e4d5315fa22 -> 
  custom:container-demuxer-ogg: 62fdf1f143b41e24485cea50d1cbac27 -> 
  custom:scripting/monoscript/fileName/CoinBank.cs: b794b09a1b79de1dc66b485a0c1f3e65 -> 
  custom:scripting/monoscript/fileName/GameManager.cs: 9933fbcc6190e2a9171c2ec8808a053e -> 
  custom:video-codec-MediaFoundation-h265: 746d11721c4dcdbdad8f713fa42b33f4 -> 
  custom:video-decoder-ogg-theora: a1e56fd34408186e4bbccfd4996cb3dc -> 
  custom:framework-win-MediaFoundation: 216162199b28c13a410421893ffa2e32 -> 
  custom:CustomObjectIndexerAttribute: 9a22284fe3817be447336de3de66b15e -> 
  custom:scripting/monoscript/fileName/Geometry.cs: 905d47dd1d0c12f27609fa0f658efd14 -> 
  custom:scripting/monoscript/fileName/Cherry.cs: f6b64806f9b1c9f1e2e6f42014a4c25c -> 
  custom:container-demuxer-webm: 4f35f7cbe854078d1ac9338744f61a02 -> 
  custom:scripting/monoscript/fileName/Ghost.cs: 13cc614454c9ae28caa24456faa3d7cf -> 
  custom:container-muxer-webm: aa71ff27fc2769a1b78a27578f13a17b -> 
  custom:video-decoder-webm-vp8: 9c59270c3fd7afecdb556c50c9e8de78 -> 
  custom:SearchIndexIgnoredProperties: e643bd26f0fe6173181afceb89e7c659 -> 
  custom:AudioImporter_EditorPlatform: d09bf68614088b80899f8185d706f6e7 -> 
  custom:scripting/monoscript/fileName/Enemy.cs: 8448538d4f104f9acda18da16679c4ac -> 
  custom:video-encoder-webm-vp8: eb34c28f22e8b96e1ab97ce403110664 -> 
  custom:scripting/monoscript/fileName/Labyrinth.cs: 32051f7884a6750ed1c67dd49efc6ddd -> 
  custom:audio-decoder-ogg-vorbis: bf7c407c2cedff20999df2af8eb42d56 -> 
  custom:scripting/monoscript/fileName/Item.cs: c2b7fc65fe255f985743270ca947d8ec -> 
  custom:scripting/monoscript/fileName/Player.cs: 007e2e63cbf915a2b71612a7f593548a -> 
  custom:audio-encoder-webm-vorbis: bf7c407c2cedff20999df2af8eb42d56 -> 
  custom:scripting/monoscript/fileName/Coin.cs: 619f3eee3888c45b850590cb583d64bd -> 
  custom:scripting/precompiled-assembly-types:Assembly-CSharp: 943024942c361268c71c0995634583f2 -> 
========================================================================
Received Import Request.
  Time since last request: 3.588938 seconds.
  path: Assets/Scripts/Enemys/Ghost.cs
  artifactKey: Guid(1604cde690b2e894f997f691a3038b41) Importer(815301076,1909f56bfc062723c751e8b465ee728b)
Start importing Assets/Scripts/Enemys/Ghost.cs using Guid(1604cde690b2e894f997f691a3038b41) Importer(815301076,1909f56bfc062723c751e8b465ee728b) [PhysX] Initialized MultithreadedTaskDispatcher with 20 workers.
 -> (artifact id: '9fc5ecf28eade003f88cbe2749735eb0') in 0.001421 seconds
Number of updated asset objects reloaded before import = 0
Number of asset objects unloaded after import = 0
========================================================================
Received Prepare
Caller must complete domain reload
Begin MonoManager ReloadAssembly
- Loaded All Assemblies, in  0.644 seconds
Native extension for WindowsStandalone target not found
Mono: successfully reloaded assembly
- Finished resetting the current domain, in  1.741 seconds
Domain Reload Profiling: 2383ms
	BeginReloadAssembly (187ms)
		ExecutionOrderSort (0ms)
		DisableScriptedObjects (11ms)
		BackupInstance (0ms)
		ReleaseScriptingObjects (0ms)
		CreateAndSetChildDomain (22ms)
	RebuildCommonClasses (48ms)
	RebuildNativeTypeToScriptingClass (17ms)
	initialDomainReloadingComplete (39ms)
	LoadAllAssembliesAndSetupDomain (350ms)
		LoadAssemblies (427ms)
		RebuildTransferFunctionScriptingTraits (0ms)
		AnalyzeDomain (47ms)
			TypeCache.Refresh (16ms)
				TypeCache.ScanAssembly (1ms)
			ScanForSourceGeneratedMonoScriptInfo (15ms)
			ResolveRequiredComponents (13ms)
	FinalizeReload (1742ms)
		ReleaseScriptCaches (0ms)
		RebuildScriptCaches (0ms)
		SetupLoadedEditorAssemblies (747ms)
			LogAssemblyErrors (0ms)
			InitializePlatformSupportModulesInManaged (7ms)
			SetLoadedEditorAssemblies (7ms)
			RefreshPlugins (0ms)
			BeforeProcessingInitializeOnLoad (98ms)
			ProcessInitializeOnLoadAttributes (590ms)
			ProcessInitializeOnLoadMethodAttributes (43ms)
			AfterProcessingInitializeOnLoad (2ms)
			EditorAssembliesLoaded (0ms)
		ExecutionOrderSort2 (0ms)
		AwakeInstancesAfterBackupRestoration (21ms)
Refreshing native plugins compatible for Editor in 9.85 ms, found 3 plugins.
Preloading 0 native plugins for Editor in 0.00 ms.
Unloading 3101 Unused Serialized files (Serialized files now loaded: 0)
Unloading 14 unused Assets / (28.6 KB). Loaded Objects now: 3666.
Memory consumption went from 124.3 MB to 124.3 MB.
Total: 4.131200 ms (FindLiveObjects: 0.361300 ms CreateObjectMapping: 0.117100 ms MarkObjects: 3.584000 ms  DeleteObjects: 0.067400 ms)

Prepare: number of updated asset objects reloaded= 0
AssetImportParameters requested are different than current active one (requested -> active):
  custom:scripting/monoscript/fileName/LabyrinthFloor.cs: cd2fe572e69f7d9598209e4d5315fa22 -> 
  custom:container-demuxer-ogg: 62fdf1f143b41e24485cea50d1cbac27 -> 
  custom:scripting/monoscript/fileName/CoinBank.cs: b794b09a1b79de1dc66b485a0c1f3e65 -> 
  custom:scripting/monoscript/fileName/GameManager.cs: 9933fbcc6190e2a9171c2ec8808a053e -> 
  custom:video-codec-MediaFoundation-h265: 746d11721c4dcdbdad8f713fa42b33f4 -> 
  custom:video-decoder-ogg-theora: a1e56fd34408186e4bbccfd4996cb3dc -> 
  custom:framework-win-MediaFoundation: 216162199b28c13a410421893ffa2e32 -> 
  custom:CustomObjectIndexerAttribute: 9a22284fe3817be447336de3de66b15e -> 
  custom:scripting/monoscript/fileName/Geometry.cs: 905d47dd1d0c12f27609fa0f658efd14 -> 
  custom:scripting/monoscript/fileName/Cherry.cs: f6b64806f9b1c9f1e2e6f42014a4c25c -> 
  custom:container-demuxer-webm: 4f35f7cbe854078d1ac9338744f61a02 -> 
  custom:scripting/monoscript/fileName/Ghost.cs: 13cc614454c9ae28caa24456faa3d7cf -> 
  custom:container-muxer-webm: aa71ff27fc2769a1b78a27578f13a17b -> 
  custom:video-decoder-webm-vp8: 9c59270c3fd7afecdb556c50c9e8de78 -> 
  custom:SearchIndexIgnoredProperties: e643bd26f0fe6173181afceb89e7c659 -> 
  custom:AudioImporter_EditorPlatform: d09bf68614088b80899f8185d706f6e7 -> 
  custom:scripting/monoscript/fileName/Enemy.cs: 8448538d4f104f9acda18da16679c4ac -> 
  custom:video-encoder-webm-vp8: eb34c28f22e8b96e1ab97ce403110664 -> 
  custom:scripting/monoscript/fileName/Labyrinth.cs: 32051f7884a6750ed1c67dd49efc6ddd -> 
  custom:audio-decoder-ogg-vorbis: bf7c407c2cedff20999df2af8eb42d56 -> 
  custom:scripting/monoscript/fileName/Item.cs: c2b7fc65fe255f985743270ca947d8ec -> 
  custom:scripting/monoscript/fileName/Player.cs: 007e2e63cbf915a2b71612a7f593548a -> 
  custom:audio-encoder-webm-vorbis: bf7c407c2cedff20999df2af8eb42d56 -> 
  custom:scripting/monoscript/fileName/Coin.cs: 619f3eee3888c45b850590cb583d64bd -> 
  custom:scripting/precompiled-assembly-types:Assembly-CSharp: 943024942c361268c71c0995634583f2 -> 
========================================================================
Received Prepare
Caller must complete domain reload
Begin MonoManager ReloadAssembly
- Loaded All Assemblies, in  0.301 seconds
Native extension for WindowsStandalone target not found
Mono: successfully reloaded assembly
- Finished resetting the current domain, in  0.674 seconds
Domain Reload Profiling: 975ms
	BeginReloadAssembly (108ms)
		ExecutionOrderSort (0ms)
		DisableScriptedObjects (4ms)
		BackupInstance (0ms)
		ReleaseScriptingObjects (0ms)
		CreateAndSetChildDomain (22ms)
	RebuildCommonClasses (23ms)
	RebuildNativeTypeToScriptingClass (8ms)
	initialDomainReloadingComplete (18ms)
	LoadAllAssembliesAndSetupDomain (144ms)
		LoadAssemblies (184ms)
		RebuildTransferFunctionScriptingTraits (0ms)
		AnalyzeDomain (16ms)
			TypeCache.Refresh (7ms)
				TypeCache.ScanAssembly (0ms)
			ScanForSourceGeneratedMonoScriptInfo (4ms)
			ResolveRequiredComponents (3ms)
	FinalizeReload (675ms)
		ReleaseScriptCaches (0ms)
		RebuildScriptCaches (0ms)
		SetupLoadedEditorAssemblies (342ms)
			LogAssemblyErrors (0ms)
			InitializePlatformSupportModulesInManaged (5ms)
			SetLoadedEditorAssemblies (4ms)
			RefreshPlugins (0ms)
			BeforeProcessingInitializeOnLoad (54ms)
			ProcessInitializeOnLoadAttributes (262ms)
			ProcessInitializeOnLoadMethodAttributes (15ms)
			AfterProcessingInitializeOnLoad (1ms)
			EditorAssembliesLoaded (0ms)
		ExecutionOrderSort2 (0ms)
		AwakeInstancesAfterBackupRestoration (6ms)
Refreshing native plugins compatible for Editor in 1.83 ms, found 3 plugins.
Preloading 0 native plugins for Editor in 0.00 ms.
Unloading 3102 Unused Serialized files (Serialized files now loaded: 0)
Unloading 14 unused Assets / (28.5 KB). Loaded Objects now: 3669.
Memory consumption went from 124.6 MB to 124.6 MB.
Total: 1.869500 ms (FindLiveObjects: 0.146900 ms CreateObjectMapping: 0.054700 ms MarkObjects: 1.639800 ms  DeleteObjects: 0.026800 ms)

Prepare: number of updated asset objects reloaded= 0
AssetImportParameters requested are different than current active one (requested -> active):
  custom:scripting/monoscript/fileName/LabyrinthFloor.cs: cd2fe572e69f7d9598209e4d5315fa22 -> 
  custom:container-demuxer-ogg: 62fdf1f143b41e24485cea50d1cbac27 -> 
  custom:scripting/monoscript/fileName/CoinBank.cs: b794b09a1b79de1dc66b485a0c1f3e65 -> 
  custom:scripting/monoscript/fileName/GameManager.cs: 9933fbcc6190e2a9171c2ec8808a053e -> 
  custom:video-codec-MediaFoundation-h265: 746d11721c4dcdbdad8f713fa42b33f4 -> 
  custom:video-decoder-ogg-theora: a1e56fd34408186e4bbccfd4996cb3dc -> 
  custom:framework-win-MediaFoundation: 216162199b28c13a410421893ffa2e32 -> 
  custom:CustomObjectIndexerAttribute: 9a22284fe3817be447336de3de66b15e -> 
  custom:scripting/monoscript/fileName/Geometry.cs: 905d47dd1d0c12f27609fa0f658efd14 -> 
  custom:scripting/monoscript/fileName/Cherry.cs: f6b64806f9b1c9f1e2e6f42014a4c25c -> 
  custom:container-demuxer-webm: 4f35f7cbe854078d1ac9338744f61a02 -> 
  custom:scripting/monoscript/fileName/Ghost.cs: 24df48ed11035b9c3af0b2161962899a -> 
  custom:container-muxer-webm: aa71ff27fc2769a1b78a27578f13a17b -> 
  custom:video-decoder-webm-vp8: 9c59270c3fd7afecdb556c50c9e8de78 -> 
  custom:SearchIndexIgnoredProperties: e643bd26f0fe6173181afceb89e7c659 -> 
  custom:AudioImporter_EditorPlatform: d09bf68614088b80899f8185d706f6e7 -> 
  custom:scripting/monoscript/fileName/Enemy.cs: 8448538d4f104f9acda18da16679c4ac -> 
  custom:video-encoder-webm-vp8: eb34c28f22e8b96e1ab97ce403110664 -> 
  custom:scripting/monoscript/fileName/Labyrinth.cs: 32051f7884a6750ed1c67dd49efc6ddd -> 
  custom:audio-decoder-ogg-vorbis: bf7c407c2cedff20999df2af8eb42d56 -> 
  custom:scripting/monoscript/fileName/Item.cs: c2b7fc65fe255f985743270ca947d8ec -> 
  custom:scripting/monoscript/fileName/Player.cs: 007e2e63cbf915a2b71612a7f593548a -> 
  custom:audio-encoder-webm-vorbis: bf7c407c2cedff20999df2af8eb42d56 -> 
  custom:scripting/monoscript/fileName/Coin.cs: 619f3eee3888c45b850590cb583d64bd -> 
  custom:scripting/precompiled-assembly-types:Assembly-CSharp: 6f31157d9eb0ccc88786d74beaa596d3 -> 
========================================================================
Received Prepare
Caller must complete domain reload
Begin MonoManager ReloadAssembly
- Loaded All Assemblies, in  0.705 seconds
Native extension for WindowsStandalone target not found
Mono: successfully reloaded assembly
- Finished resetting the current domain, in  1.795 seconds
Domain Reload Profiling: 2501ms
	BeginReloadAssembly (227ms)
		ExecutionOrderSort (0ms)
		DisableScriptedObjects (9ms)
		BackupInstance (0ms)
		ReleaseScriptingObjects (0ms)
		CreateAndSetChildDomain (45ms)
	RebuildCommonClasses (48ms)
	RebuildNativeTypeToScriptingClass (18ms)
	initialDomainReloadingComplete (36ms)
	LoadAllAssembliesAndSetupDomain (376ms)
		LoadAssemblies (471ms)
		RebuildTransferFunctionScriptingTraits (0ms)
		AnalyzeDomain (40ms)
			TypeCache.Refresh (15ms)
				TypeCache.ScanAssembly (0ms)
			ScanForSourceGeneratedMonoScriptInfo (12ms)
			ResolveRequiredComponents (9ms)
	FinalizeReload (1796ms)
		ReleaseScriptCaches (0ms)
		RebuildScriptCaches (0ms)
		SetupLoadedEditorAssemblies (762ms)
			LogAssemblyErrors (0ms)
			InitializePlatformSupportModulesInManaged (6ms)
			SetLoadedEditorAssemblies (7ms)
			RefreshPlugins (0ms)
			BeforeProcessingInitializeOnLoad (89ms)
			ProcessInitializeOnLoadAttributes (606ms)
			ProcessInitializeOnLoadMethodAttributes (42ms)
			AfterProcessingInitializeOnLoad (12ms)
			EditorAssembliesLoaded (0ms)
		ExecutionOrderSort2 (0ms)
		AwakeInstancesAfterBackupRestoration (17ms)
Refreshing native plugins compatible for Editor in 7.37 ms, found 3 plugins.
Preloading 0 native plugins for Editor in 0.00 ms.
Unloading 3102 Unused Serialized files (Serialized files now loaded: 0)
Unloading 14 unused Assets / (28.5 KB). Loaded Objects now: 3672.
Memory consumption went from 124.6 MB to 124.6 MB.
Total: 6.260200 ms (FindLiveObjects: 0.242400 ms CreateObjectMapping: 0.077600 ms MarkObjects: 5.870100 ms  DeleteObjects: 0.068700 ms)

Prepare: number of updated asset objects reloaded= 0
AssetImportParameters requested are different than current active one (requested -> active):
  custom:scripting/monoscript/fileName/LabyrinthFloor.cs: cd2fe572e69f7d9598209e4d5315fa22 -> 
  custom:container-demuxer-ogg: 62fdf1f143b41e24485cea50d1cbac27 -> 
  custom:scripting/monoscript/fileName/CoinBank.cs: b794b09a1b79de1dc66b485a0c1f3e65 -> 
  custom:scripting/monoscript/fileName/GameManager.cs: 9933fbcc6190e2a9171c2ec8808a053e -> 
  custom:video-codec-MediaFoundation-h265: 746d11721c4dcdbdad8f713fa42b33f4 -> 
  custom:video-decoder-ogg-theora: a1e56fd34408186e4bbccfd4996cb3dc -> 
  custom:framework-win-MediaFoundation: 216162199b28c13a410421893ffa2e32 -> 
  custom:CustomObjectIndexerAttribute: 9a22284fe3817be447336de3de66b15e -> 
  custom:scripting/monoscript/fileName/Geometry.cs: 905d47dd1d0c12f27609fa0f658efd14 -> 
  custom:scripting/monoscript/fileName/Cherry.cs: f6b64806f9b1c9f1e2e6f42014a4c25c -> 
  custom:container-demuxer-webm: 4f35f7cbe854078d1ac9338744f61a02 -> 
  custom:scripting/monoscript/fileName/Ghost.cs: 24df48ed11035b9c3af0b2161962899a -> 
  custom:container-muxer-webm: aa71ff27fc2769a1b78a27578f13a17b -> 
  custom:video-decoder-webm-vp8: 9c59270c3fd7afecdb556c50c9e8de78 -> 
  custom:SearchIndexIgnoredProperties: e643bd26f0fe6173181afceb89e7c659 -> 
  custom:AudioImporter_EditorPlatform: d09bf68614088b80899f8185d706f6e7 -> 
  custom:scripting/monoscript/fileName/Enemy.cs: 8448538d4f104f9acda18da16679c4ac -> 
  custom:video-encoder-webm-vp8: eb34c28f22e8b96e1ab97ce403110664 -> 
  custom:scripting/monoscript/fileName/Labyrinth.cs: 32051f7884a6750ed1c67dd49efc6ddd -> 
  custom:audio-decoder-ogg-vorbis: bf7c407c2cedff20999df2af8eb42d56 -> 
  custom:scripting/monoscript/fileName/Item.cs: c2b7fc65fe255f985743270ca947d8ec -> 
  custom:scripting/monoscript/fileName/Player.cs: 007e2e63cbf915a2b71612a7f593548a -> 
  custom:audio-encoder-webm-vorbis: bf7c407c2cedff20999df2af8eb42d56 -> 
  custom:scripting/monoscript/fileName/Coin.cs: 619f3eee3888c45b850590cb583d64bd -> 
  custom:scripting/precompiled-assembly-types:Assembly-CSharp: 6f31157d9eb0ccc88786d74beaa596d3 -> 
========================================================================
Received Prepare
Caller must complete domain reload
Begin MonoManager ReloadAssembly
- Loaded All Assemblies, in  0.306 seconds
Native extension for WindowsStandalone target not found
Mono: successfully reloaded assembly
- Finished resetting the current domain, in  0.749 seconds
Domain Reload Profiling: 1055ms
	BeginReloadAssembly (104ms)
		ExecutionOrderSort (0ms)
		DisableScriptedObjects (3ms)
		BackupInstance (0ms)
		ReleaseScriptingObjects (0ms)
		CreateAndSetChildDomain (20ms)
	RebuildCommonClasses (22ms)
	RebuildNativeTypeToScriptingClass (8ms)
	initialDomainReloadingComplete (17ms)
	LoadAllAssembliesAndSetupDomain (154ms)
		LoadAssemblies (194ms)
		RebuildTransferFunctionScriptingTraits (0ms)
		AnalyzeDomain (17ms)
			TypeCache.Refresh (7ms)
				TypeCache.ScanAssembly (0ms)
			ScanForSourceGeneratedMonoScriptInfo (5ms)
			ResolveRequiredComponents (3ms)
	FinalizeReload (750ms)
		ReleaseScriptCaches (0ms)
		RebuildScriptCaches (0ms)
		SetupLoadedEditorAssemblies (328ms)
			LogAssemblyErrors (0ms)
			InitializePlatformSupportModulesInManaged (6ms)
			SetLoadedEditorAssemblies (6ms)
			RefreshPlugins (0ms)
			BeforeProcessingInitializeOnLoad (63ms)
			ProcessInitializeOnLoadAttributes (238ms)
			ProcessInitializeOnLoadMethodAttributes (14ms)
			AfterProcessingInitializeOnLoad (1ms)
			EditorAssembliesLoaded (0ms)
		ExecutionOrderSort2 (0ms)
		AwakeInstancesAfterBackupRestoration (5ms)
Refreshing native plugins compatible for Editor in 1.73 ms, found 3 plugins.
Preloading 0 native plugins for Editor in 0.00 ms.
Unloading 3102 Unused Serialized files (Serialized files now loaded: 0)
Unloading 14 unused Assets / (28.5 KB). Loaded Objects now: 3675.
Memory consumption went from 124.6 MB to 124.6 MB.
Total: 1.956300 ms (FindLiveObjects: 0.149700 ms CreateObjectMapping: 0.050600 ms MarkObjects: 1.725000 ms  DeleteObjects: 0.030500 ms)

Prepare: number of updated asset objects reloaded= 0
AssetImportParameters requested are different than current active one (requested -> active):
  custom:scripting/monoscript/fileName/LabyrinthFloor.cs: cd2fe572e69f7d9598209e4d5315fa22 -> 
  custom:container-demuxer-ogg: 62fdf1f143b41e24485cea50d1cbac27 -> 
  custom:scripting/monoscript/fileName/CoinBank.cs: b794b09a1b79de1dc66b485a0c1f3e65 -> 
  custom:scripting/monoscript/fileName/GameManager.cs: 9933fbcc6190e2a9171c2ec8808a053e -> 
  custom:video-codec-MediaFoundation-h265: 746d11721c4dcdbdad8f713fa42b33f4 -> 
  custom:video-decoder-ogg-theora: a1e56fd34408186e4bbccfd4996cb3dc -> 
  custom:framework-win-MediaFoundation: 216162199b28c13a410421893ffa2e32 -> 
  custom:CustomObjectIndexerAttribute: 9a22284fe3817be447336de3de66b15e -> 
  custom:scripting/monoscript/fileName/Geometry.cs: 905d47dd1d0c12f27609fa0f658efd14 -> 
  custom:scripting/monoscript/fileName/Cherry.cs: f6b64806f9b1c9f1e2e6f42014a4c25c -> 
  custom:container-demuxer-webm: 4f35f7cbe854078d1ac9338744f61a02 -> 
  custom:scripting/monoscript/fileName/Ghost.cs: 24df48ed11035b9c3af0b2161962899a -> 
  custom:container-muxer-webm: aa71ff27fc2769a1b78a27578f13a17b -> 
  custom:video-decoder-webm-vp8: 9c59270c3fd7afecdb556c50c9e8de78 -> 
  custom:SearchIndexIgnoredProperties: e643bd26f0fe6173181afceb89e7c659 -> 
  custom:AudioImporter_EditorPlatform: d09bf68614088b80899f8185d706f6e7 -> 
  custom:scripting/monoscript/fileName/Enemy.cs: 8448538d4f104f9acda18da16679c4ac -> 
  custom:video-encoder-webm-vp8: eb34c28f22e8b96e1ab97ce403110664 -> 
  custom:scripting/monoscript/fileName/Labyrinth.cs: 32051f7884a6750ed1c67dd49efc6ddd -> 
  custom:audio-decoder-ogg-vorbis: bf7c407c2cedff20999df2af8eb42d56 -> 
  custom:scripting/monoscript/fileName/Item.cs: c2b7fc65fe255f985743270ca947d8ec -> 
  custom:scripting/monoscript/fileName/Player.cs: 007e2e63cbf915a2b71612a7f593548a -> 
  custom:audio-encoder-webm-vorbis: bf7c407c2cedff20999df2af8eb42d56 -> 
  custom:scripting/monoscript/fileName/Coin.cs: 619f3eee3888c45b850590cb583d64bd -> 
  custom:scripting/precompiled-assembly-types:Assembly-CSharp: 6f31157d9eb0ccc88786d74beaa596d3 -> 
========================================================================
Received Prepare
Caller must complete domain reload
Begin MonoManager ReloadAssembly
- Loaded All Assemblies, in  0.317 seconds
Native extension for WindowsStandalone target not found
Mono: successfully reloaded assembly
- Finished resetting the current domain, in  0.758 seconds
Domain Reload Profiling: 1074ms
	BeginReloadAssembly (114ms)
		ExecutionOrderSort (0ms)
		DisableScriptedObjects (3ms)
		BackupInstance (0ms)
		ReleaseScriptingObjects (0ms)
		CreateAndSetChildDomain (24ms)
	RebuildCommonClasses (23ms)
	RebuildNativeTypeToScriptingClass (8ms)
	initialDomainReloadingComplete (18ms)
	LoadAllAssembliesAndSetupDomain (154ms)
		LoadAssemblies (196ms)
		RebuildTransferFunctionScriptingTraits (0ms)
		AnalyzeDomain (17ms)
			TypeCache.Refresh (7ms)
				TypeCache.ScanAssembly (0ms)
			ScanForSourceGeneratedMonoScriptInfo (5ms)
			ResolveRequiredComponents (4ms)
	FinalizeReload (758ms)
		ReleaseScriptCaches (0ms)
		RebuildScriptCaches (0ms)
		SetupLoadedEditorAssemblies (332ms)
			LogAssemblyErrors (0ms)
			InitializePlatformSupportModulesInManaged (5ms)
			SetLoadedEditorAssemblies (5ms)
			RefreshPlugins (0ms)
			BeforeProcessingInitializeOnLoad (55ms)
			ProcessInitializeOnLoadAttributes (249ms)
			ProcessInitializeOnLoadMethodAttributes (16ms)
			AfterProcessingInitializeOnLoad (1ms)
			EditorAssembliesLoaded (0ms)
		ExecutionOrderSort2 (0ms)
		AwakeInstancesAfterBackupRestoration (6ms)
Refreshing native plugins compatible for Editor in 1.97 ms, found 3 plugins.
Preloading 0 native plugins for Editor in 0.00 ms.
Unloading 3102 Unused Serialized files (Serialized files now loaded: 0)
Unloading 14 unused Assets / (28.6 KB). Loaded Objects now: 3678.
Memory consumption went from 124.6 MB to 124.6 MB.
Total: 2.620000 ms (FindLiveObjects: 0.166800 ms CreateObjectMapping: 0.058300 ms MarkObjects: 2.358800 ms  DeleteObjects: 0.035300 ms)

Prepare: number of updated asset objects reloaded= 0
AssetImportParameters requested are different than current active one (requested -> active):
  custom:scripting/monoscript/fileName/LabyrinthFloor.cs: cd2fe572e69f7d9598209e4d5315fa22 -> 
  custom:container-demuxer-ogg: 62fdf1f143b41e24485cea50d1cbac27 -> 
  custom:scripting/monoscript/fileName/CoinBank.cs: b794b09a1b79de1dc66b485a0c1f3e65 -> 
  custom:scripting/monoscript/fileName/GameManager.cs: 9933fbcc6190e2a9171c2ec8808a053e -> 
  custom:video-codec-MediaFoundation-h265: 746d11721c4dcdbdad8f713fa42b33f4 -> 
  custom:video-decoder-ogg-theora: a1e56fd34408186e4bbccfd4996cb3dc -> 
  custom:framework-win-MediaFoundation: 216162199b28c13a410421893ffa2e32 -> 
  custom:CustomObjectIndexerAttribute: 9a22284fe3817be447336de3de66b15e -> 
  custom:scripting/monoscript/fileName/Geometry.cs: 905d47dd1d0c12f27609fa0f658efd14 -> 
  custom:scripting/monoscript/fileName/Cherry.cs: f6b64806f9b1c9f1e2e6f42014a4c25c -> 
  custom:container-demuxer-webm: 4f35f7cbe854078d1ac9338744f61a02 -> 
  custom:scripting/monoscript/fileName/Ghost.cs: 24df48ed11035b9c3af0b2161962899a -> 
  custom:container-muxer-webm: aa71ff27fc2769a1b78a27578f13a17b -> 
  custom:video-decoder-webm-vp8: 9c59270c3fd7afecdb556c50c9e8de78 -> 
  custom:SearchIndexIgnoredProperties: e643bd26f0fe6173181afceb89e7c659 -> 
  custom:AudioImporter_EditorPlatform: d09bf68614088b80899f8185d706f6e7 -> 
  custom:scripting/monoscript/fileName/Enemy.cs: 8448538d4f104f9acda18da16679c4ac -> 
  custom:video-encoder-webm-vp8: eb34c28f22e8b96e1ab97ce403110664 -> 
  custom:scripting/monoscript/fileName/Labyrinth.cs: 32051f7884a6750ed1c67dd49efc6ddd -> 
  custom:audio-decoder-ogg-vorbis: bf7c407c2cedff20999df2af8eb42d56 -> 
  custom:scripting/monoscript/fileName/Item.cs: c2b7fc65fe255f985743270ca947d8ec -> 
  custom:scripting/monoscript/fileName/Player.cs: 007e2e63cbf915a2b71612a7f593548a -> 
  custom:audio-encoder-webm-vorbis: bf7c407c2cedff20999df2af8eb42d56 -> 
  custom:scripting/monoscript/fileName/Coin.cs: 619f3eee3888c45b850590cb583d64bd -> 
  custom:scripting/precompiled-assembly-types:Assembly-CSharp: 6f31157d9eb0ccc88786d74beaa596d3 -> 
========================================================================
Received Prepare
Caller must complete domain reload
Begin MonoManager ReloadAssembly
- Loaded All Assemblies, in  0.745 seconds
Native extension for WindowsStandalone target not found
Mono: successfully reloaded assembly
- Finished resetting the current domain, in  1.607 seconds
Domain Reload Profiling: 2349ms
	BeginReloadAssembly (247ms)
		ExecutionOrderSort (0ms)
		DisableScriptedObjects (11ms)
		BackupInstance (0ms)
		ReleaseScriptingObjects (0ms)
		CreateAndSetChildDomain (53ms)
	RebuildCommonClasses (50ms)
	RebuildNativeTypeToScriptingClass (17ms)
	initialDomainReloadingComplete (41ms)
	LoadAllAssembliesAndSetupDomain (387ms)
		LoadAssemblies (494ms)
		RebuildTransferFunctionScriptingTraits (0ms)
		AnalyzeDomain (37ms)
			TypeCache.Refresh (14ms)
				TypeCache.ScanAssembly (0ms)
			ScanForSourceGeneratedMonoScriptInfo (12ms)
			ResolveRequiredComponents (9ms)
	FinalizeReload (1607ms)
		ReleaseScriptCaches (0ms)
		RebuildScriptCaches (0ms)
		SetupLoadedEditorAssemblies (810ms)
			LogAssemblyErrors (0ms)
			InitializePlatformSupportModulesInManaged (10ms)
			SetLoadedEditorAssemblies (6ms)
			RefreshPlugins (0ms)
			BeforeProcessingInitializeOnLoad (103ms)
			ProcessInitializeOnLoadAttributes (644ms)
			ProcessInitializeOnLoadMethodAttributes (42ms)
			AfterProcessingInitializeOnLoad (5ms)
			EditorAssembliesLoaded (0ms)
		ExecutionOrderSort2 (0ms)
		AwakeInstancesAfterBackupRestoration (19ms)
Refreshing native plugins compatible for Editor in 11.10 ms, found 3 plugins.
Preloading 0 native plugins for Editor in 0.00 ms.
Unloading 3102 Unused Serialized files (Serialized files now loaded: 0)
Unloading 14 unused Assets / (28.5 KB). Loaded Objects now: 3681.
Memory consumption went from 124.6 MB to 124.6 MB.
Total: 5.817800 ms (FindLiveObjects: 0.477800 ms CreateObjectMapping: 0.186100 ms MarkObjects: 5.116800 ms  DeleteObjects: 0.035800 ms)

Prepare: number of updated asset objects reloaded= 0
AssetImportParameters requested are different than current active one (requested -> active):
  custom:scripting/monoscript/fileName/LabyrinthFloor.cs: cd2fe572e69f7d9598209e4d5315fa22 -> 
  custom:container-demuxer-ogg: 62fdf1f143b41e24485cea50d1cbac27 -> 
  custom:scripting/monoscript/fileName/CoinBank.cs: b794b09a1b79de1dc66b485a0c1f3e65 -> 
  custom:scripting/monoscript/fileName/GameManager.cs: 9933fbcc6190e2a9171c2ec8808a053e -> 
  custom:video-codec-MediaFoundation-h265: 746d11721c4dcdbdad8f713fa42b33f4 -> 
  custom:video-decoder-ogg-theora: a1e56fd34408186e4bbccfd4996cb3dc -> 
  custom:framework-win-MediaFoundation: 216162199b28c13a410421893ffa2e32 -> 
  custom:CustomObjectIndexerAttribute: 9a22284fe3817be447336de3de66b15e -> 
  custom:scripting/monoscript/fileName/Geometry.cs: 905d47dd1d0c12f27609fa0f658efd14 -> 
  custom:scripting/monoscript/fileName/Cherry.cs: f6b64806f9b1c9f1e2e6f42014a4c25c -> 
  custom:container-demuxer-webm: 4f35f7cbe854078d1ac9338744f61a02 -> 
  custom:scripting/monoscript/fileName/Ghost.cs: 24df48ed11035b9c3af0b2161962899a -> 
  custom:container-muxer-webm: aa71ff27fc2769a1b78a27578f13a17b -> 
  custom:video-decoder-webm-vp8: 9c59270c3fd7afecdb556c50c9e8de78 -> 
  custom:SearchIndexIgnoredProperties: e643bd26f0fe6173181afceb89e7c659 -> 
  custom:AudioImporter_EditorPlatform: d09bf68614088b80899f8185d706f6e7 -> 
  custom:scripting/monoscript/fileName/Enemy.cs: 8448538d4f104f9acda18da16679c4ac -> 
  custom:video-encoder-webm-vp8: eb34c28f22e8b96e1ab97ce403110664 -> 
  custom:scripting/monoscript/fileName/Labyrinth.cs: 32051f7884a6750ed1c67dd49efc6ddd -> 
  custom:audio-decoder-ogg-vorbis: bf7c407c2cedff20999df2af8eb42d56 -> 
  custom:scripting/monoscript/fileName/Item.cs: c2b7fc65fe255f985743270ca947d8ec -> 
  custom:scripting/monoscript/fileName/Player.cs: 007e2e63cbf915a2b71612a7f593548a -> 
  custom:audio-encoder-webm-vorbis: bf7c407c2cedff20999df2af8eb42d56 -> 
  custom:scripting/monoscript/fileName/Coin.cs: 619f3eee3888c45b850590cb583d64bd -> 
  custom:scripting/precompiled-assembly-types:Assembly-CSharp: 6f31157d9eb0ccc88786d74beaa596d3 -> 
========================================================================
Received Prepare
Caller must complete domain reload
Begin MonoManager ReloadAssembly
- Loaded All Assemblies, in  0.319 seconds
Native extension for WindowsStandalone target not found
Mono: successfully reloaded assembly
- Finished resetting the current domain, in  0.763 seconds
Domain Reload Profiling: 1081ms
	BeginReloadAssembly (117ms)
		ExecutionOrderSort (0ms)
		DisableScriptedObjects (3ms)
		BackupInstance (0ms)
		ReleaseScriptingObjects (0ms)
		CreateAndSetChildDomain (22ms)
	RebuildCommonClasses (26ms)
	RebuildNativeTypeToScriptingClass (8ms)
	initialDomainReloadingComplete (18ms)
	LoadAllAssembliesAndSetupDomain (149ms)
		LoadAssemblies (195ms)
		RebuildTransferFunctionScriptingTraits (0ms)
		AnalyzeDomain (19ms)
			TypeCache.Refresh (8ms)
				TypeCache.ScanAssembly (0ms)
			ScanForSourceGeneratedMonoScriptInfo (5ms)
			ResolveRequiredComponents (4ms)
	FinalizeReload (763ms)
		ReleaseScriptCaches (0ms)
		RebuildScriptCaches (0ms)
		SetupLoadedEditorAssemblies (322ms)
			LogAssemblyErrors (0ms)
			InitializePlatformSupportModulesInManaged (4ms)
			SetLoadedEditorAssemblies (5ms)
			RefreshPlugins (0ms)
			BeforeProcessingInitializeOnLoad (55ms)
			ProcessInitializeOnLoadAttributes (240ms)
			ProcessInitializeOnLoadMethodAttributes (16ms)
			AfterProcessingInitializeOnLoad (1ms)
			EditorAssembliesLoaded (0ms)
		ExecutionOrderSort2 (0ms)
		AwakeInstancesAfterBackupRestoration (6ms)
Refreshing native plugins compatible for Editor in 1.81 ms, found 3 plugins.
Preloading 0 native plugins for Editor in 0.00 ms.
Unloading 3102 Unused Serialized files (Serialized files now loaded: 0)
Unloading 14 unused Assets / (28.5 KB). Loaded Objects now: 3684.
Memory consumption went from 124.6 MB to 124.6 MB.
Total: 1.903100 ms (FindLiveObjects: 0.167500 ms CreateObjectMapping: 0.070300 ms MarkObjects: 1.637500 ms  DeleteObjects: 0.027200 ms)

Prepare: number of updated asset objects reloaded= 0
AssetImportParameters requested are different than current active one (requested -> active):
  custom:scripting/monoscript/fileName/LabyrinthFloor.cs: cd2fe572e69f7d9598209e4d5315fa22 -> 
  custom:container-demuxer-ogg: 62fdf1f143b41e24485cea50d1cbac27 -> 
  custom:scripting/monoscript/fileName/CoinBank.cs: b794b09a1b79de1dc66b485a0c1f3e65 -> 
  custom:scripting/monoscript/fileName/GameManager.cs: 9933fbcc6190e2a9171c2ec8808a053e -> 
  custom:video-codec-MediaFoundation-h265: 746d11721c4dcdbdad8f713fa42b33f4 -> 
  custom:video-decoder-ogg-theora: a1e56fd34408186e4bbccfd4996cb3dc -> 
  custom:framework-win-MediaFoundation: 216162199b28c13a410421893ffa2e32 -> 
  custom:CustomObjectIndexerAttribute: 9a22284fe3817be447336de3de66b15e -> 
  custom:scripting/monoscript/fileName/Geometry.cs: b17e483d4d82d1ed140086d07c793966 -> 
  custom:scripting/monoscript/fileName/Cherry.cs: f6b64806f9b1c9f1e2e6f42014a4c25c -> 
  custom:container-demuxer-webm: 4f35f7cbe854078d1ac9338744f61a02 -> 
  custom:scripting/monoscript/fileName/Ghost.cs: 24df48ed11035b9c3af0b2161962899a -> 
  custom:container-muxer-webm: aa71ff27fc2769a1b78a27578f13a17b -> 
  custom:video-decoder-webm-vp8: 9c59270c3fd7afecdb556c50c9e8de78 -> 
  custom:SearchIndexIgnoredProperties: e643bd26f0fe6173181afceb89e7c659 -> 
  custom:AudioImporter_EditorPlatform: d09bf68614088b80899f8185d706f6e7 -> 
  custom:scripting/monoscript/fileName/Enemy.cs: 8448538d4f104f9acda18da16679c4ac -> 
  custom:video-encoder-webm-vp8: eb34c28f22e8b96e1ab97ce403110664 -> 
  custom:scripting/monoscript/fileName/Labyrinth.cs: 32051f7884a6750ed1c67dd49efc6ddd -> 
  custom:audio-decoder-ogg-vorbis: bf7c407c2cedff20999df2af8eb42d56 -> 
  custom:scripting/monoscript/fileName/Item.cs: c2b7fc65fe255f985743270ca947d8ec -> 
  custom:scripting/monoscript/fileName/Player.cs: 007e2e63cbf915a2b71612a7f593548a -> 
  custom:audio-encoder-webm-vorbis: bf7c407c2cedff20999df2af8eb42d56 -> 
  custom:scripting/monoscript/fileName/Coin.cs: 619f3eee3888c45b850590cb583d64bd -> 
  custom:scripting/precompiled-assembly-types:Assembly-CSharp: bd412770f98269ffeea7e8dc549830b4 -> 
========================================================================
Received Prepare
Caller must complete domain reload
Begin MonoManager ReloadAssembly
- Loaded All Assemblies, in  0.756 seconds
Native extension for WindowsStandalone target not found
Mono: successfully reloaded assembly
- Finished resetting the current domain, in  1.794 seconds
Domain Reload Profiling: 2548ms
	BeginReloadAssembly (249ms)
		ExecutionOrderSort (0ms)
		DisableScriptedObjects (9ms)
		BackupInstance (0ms)
		ReleaseScriptingObjects (0ms)
		CreateAndSetChildDomain (50ms)
	RebuildCommonClasses (51ms)
	RebuildNativeTypeToScriptingClass (23ms)
	initialDomainReloadingComplete (39ms)
	LoadAllAssembliesAndSetupDomain (391ms)
		LoadAssemblies (494ms)
		RebuildTransferFunctionScriptingTraits (0ms)
		AnalyzeDomain (46ms)
			TypeCache.Refresh (18ms)
				TypeCache.ScanAssembly (0ms)
			ScanForSourceGeneratedMonoScriptInfo (13ms)
			ResolveRequiredComponents (11ms)
	FinalizeReload (1795ms)
		ReleaseScriptCaches (0ms)
		RebuildScriptCaches (0ms)
		SetupLoadedEditorAssemblies (794ms)
			LogAssemblyErrors (0ms)
			InitializePlatformSupportModulesInManaged (5ms)
			SetLoadedEditorAssemblies (12ms)
			RefreshPlugins (0ms)
			BeforeProcessingInitializeOnLoad (84ms)
			ProcessInitializeOnLoadAttributes (651ms)
			ProcessInitializeOnLoadMethodAttributes (37ms)
			AfterProcessingInitializeOnLoad (5ms)
			EditorAssembliesLoaded (1ms)
		ExecutionOrderSort2 (0ms)
		AwakeInstancesAfterBackupRestoration (20ms)
Refreshing native plugins compatible for Editor in 11.26 ms, found 3 plugins.
Preloading 0 native plugins for Editor in 0.00 ms.
Unloading 3102 Unused Serialized files (Serialized files now loaded: 0)
Unloading 14 unused Assets / (28.5 KB). Loaded Objects now: 3687.
Memory consumption went from 124.6 MB to 124.6 MB.
Total: 6.882200 ms (FindLiveObjects: 0.466000 ms CreateObjectMapping: 0.183800 ms MarkObjects: 6.052900 ms  DeleteObjects: 0.176900 ms)

Prepare: number of updated asset objects reloaded= 0
AssetImportParameters requested are different than current active one (requested -> active):
  custom:scripting/monoscript/fileName/LabyrinthFloor.cs: 7bc7ec44740e702d584c3c395e3ac230 -> 
  custom:container-demuxer-ogg: 62fdf1f143b41e24485cea50d1cbac27 -> 
  custom:scripting/monoscript/fileName/CoinBank.cs: b794b09a1b79de1dc66b485a0c1f3e65 -> 
  custom:scripting/monoscript/fileName/GameManager.cs: 9933fbcc6190e2a9171c2ec8808a053e -> 
  custom:video-codec-MediaFoundation-h265: 746d11721c4dcdbdad8f713fa42b33f4 -> 
  custom:video-decoder-ogg-theora: a1e56fd34408186e4bbccfd4996cb3dc -> 
  custom:framework-win-MediaFoundation: 216162199b28c13a410421893ffa2e32 -> 
  custom:CustomObjectIndexerAttribute: 9a22284fe3817be447336de3de66b15e -> 
  custom:scripting/monoscript/fileName/Geometry.cs: b17e483d4d82d1ed140086d07c793966 -> 
  custom:scripting/monoscript/fileName/Cherry.cs: f6b64806f9b1c9f1e2e6f42014a4c25c -> 
  custom:container-demuxer-webm: 4f35f7cbe854078d1ac9338744f61a02 -> 
  custom:scripting/monoscript/fileName/Ghost.cs: 24df48ed11035b9c3af0b2161962899a -> 
  custom:container-muxer-webm: aa71ff27fc2769a1b78a27578f13a17b -> 
  custom:video-decoder-webm-vp8: 9c59270c3fd7afecdb556c50c9e8de78 -> 
  custom:SearchIndexIgnoredProperties: e643bd26f0fe6173181afceb89e7c659 -> 
  custom:AudioImporter_EditorPlatform: d09bf68614088b80899f8185d706f6e7 -> 
  custom:scripting/monoscript/fileName/Enemy.cs: 8448538d4f104f9acda18da16679c4ac -> 
  custom:video-encoder-webm-vp8: eb34c28f22e8b96e1ab97ce403110664 -> 
  custom:scripting/monoscript/fileName/Labyrinth.cs: 32051f7884a6750ed1c67dd49efc6ddd -> 
  custom:audio-decoder-ogg-vorbis: bf7c407c2cedff20999df2af8eb42d56 -> 
  custom:scripting/monoscript/fileName/Item.cs: c2b7fc65fe255f985743270ca947d8ec -> 
  custom:scripting/monoscript/fileName/Player.cs: 007e2e63cbf915a2b71612a7f593548a -> 
  custom:audio-encoder-webm-vorbis: bf7c407c2cedff20999df2af8eb42d56 -> 
  custom:scripting/monoscript/fileName/Coin.cs: 619f3eee3888c45b850590cb583d64bd -> 
  custom:scripting/precompiled-assembly-types:Assembly-CSharp: 410ae31b56ecef2ff4dd6901e9e7d2a5 -> 
========================================================================
Received Prepare
Caller must complete domain reload
Begin MonoManager ReloadAssembly
- Loaded All Assemblies, in  0.291 seconds
Native extension for WindowsStandalone target not found
Mono: successfully reloaded assembly
- Finished resetting the current domain, in  0.677 seconds
Domain Reload Profiling: 968ms
	BeginReloadAssembly (104ms)
		ExecutionOrderSort (0ms)
		DisableScriptedObjects (3ms)
		BackupInstance (0ms)
		ReleaseScriptingObjects (0ms)
		CreateAndSetChildDomain (26ms)
	RebuildCommonClasses (20ms)
	RebuildNativeTypeToScriptingClass (6ms)
	initialDomainReloadingComplete (16ms)
	LoadAllAssembliesAndSetupDomain (144ms)
		LoadAssemblies (178ms)
		RebuildTransferFunctionScriptingTraits (0ms)
		AnalyzeDomain (18ms)
			TypeCache.Refresh (8ms)
				TypeCache.ScanAssembly (2ms)
			ScanForSourceGeneratedMonoScriptInfo (5ms)
			ResolveRequiredComponents (3ms)
	FinalizeReload (677ms)
		ReleaseScriptCaches (0ms)
		RebuildScriptCaches (0ms)
		SetupLoadedEditorAssemblies (354ms)
			LogAssemblyErrors (0ms)
			InitializePlatformSupportModulesInManaged (3ms)
			SetLoadedEditorAssemblies (3ms)
			RefreshPlugins (0ms)
			BeforeProcessingInitializeOnLoad (41ms)
			ProcessInitializeOnLoadAttributes (292ms)
			ProcessInitializeOnLoadMethodAttributes (13ms)
			AfterProcessingInitializeOnLoad (1ms)
			EditorAssembliesLoaded (0ms)
		ExecutionOrderSort2 (0ms)
		AwakeInstancesAfterBackupRestoration (5ms)
Refreshing native plugins compatible for Editor in 1.86 ms, found 3 plugins.
Preloading 0 native plugins for Editor in 0.00 ms.
Unloading 3144 Unused Serialized files (Serialized files now loaded: 0)
Unloading 14 unused Assets / (28.5 KB). Loaded Objects now: 3732.
Memory consumption went from 125.5 MB to 125.5 MB.
Total: 1.967900 ms (FindLiveObjects: 0.140900 ms CreateObjectMapping: 0.057500 ms MarkObjects: 1.740200 ms  DeleteObjects: 0.028600 ms)

Prepare: number of updated asset objects reloaded= 0
AssetImportParameters requested are different than current active one (requested -> active):
  custom:scripting/monoscript/fileName/LabyrinthFloor.cs: 7bc7ec44740e702d584c3c395e3ac230 -> 
  custom:scripting/monoscript/fileName/NavMeshSurface.cs: 34aebd278d8d3d5db6b23265b9c700f9 -> 
  custom:scripting/precompiled-assembly-types:Unity.AI.Navigation: 5d8fa505e3253b9a2a456e2c28a1afb3 -> 
  custom:container-demuxer-ogg: 62fdf1f143b41e24485cea50d1cbac27 -> 
  custom:scripting/monoscript/fileName/CoinBank.cs: b794b09a1b79de1dc66b485a0c1f3e65 -> 
  custom:scripting/monoscript/fileName/NavMeshModifierVolumeEditor.cs: 262a50135a116189426aa01c964a744c -> 
  custom:scripting/monoscript/fileName/NavigationOverlay.cs: 2744f4e7946ebbb71339c9b1ce538d00 -> 
  custom:scripting/monoscript/fileName/GameManager.cs: 9933fbcc6190e2a9171c2ec8808a053e -> 
  custom:scripting/monoscript/fileName/ConverterItemDescriptor.cs: 8182050d34c5cb602eb7913435a7abee -> 
  custom:video-codec-MediaFoundation-h265: 746d11721c4dcdbdad8f713fa42b33f4 -> 
  custom:scripting/monoscript/fileName/BuiltInToNavMeshSurfaceConverterContainer.cs: c40a906f9f99ea8a6c5aaa215767017f -> 
  custom:video-decoder-ogg-theora: a1e56fd34408186e4bbccfd4996cb3dc -> 
  custom:framework-win-MediaFoundation: 216162199b28c13a410421893ffa2e32 -> 
  custom:scripting/monoscript/fileName/NavigationWindow.cs: 7884404b71178f59d8819c380b951d7c -> 
  custom:scripting/monoscript/fileName/NavMeshComponentsGUIUtility.cs: 08c52049b94db52661003d42fda4ecff -> 
  custom:scripting/monoscript/fileName/ConverterItemInfo.cs: 9fb131dfa28a9ed6b6d00fd9cf83ece4 -> 
  custom:CustomObjectIndexerAttribute: 9a22284fe3817be447336de3de66b15e -> 
  custom:scripting/monoscript/fileName/Geometry.cs: b17e483d4d82d1ed140086d07c793966 -> 
  custom:scripting/monoscript/fileName/NavMeshAssetManager.cs: 79eb4858c2054289cd611249ab36b0a5 -> 
  custom:scripting/monoscript/fileName/Cherry.cs: f6b64806f9b1c9f1e2e6f42014a4c25c -> 
  custom:scripting/monoscript/fileName/NavMeshSurfaceEditor.cs: adb1294e971eab992abc2e3e7e051565 -> 
  custom:container-demuxer-webm: 4f35f7cbe854078d1ac9338744f61a02 -> 
  custom:scripting/monoscript/fileName/NavMeshModifierVolume.cs: 8dc531216c72b86c60b86e16ff3da10b -> 
  custom:scripting/monoscript/fileName/NavMeshUpdaterUtility.cs: 5eb03802e6dba19b3e13aaf384805cac -> 
  custom:scripting/monoscript/fileName/NavigationPreferences.cs: ada9399a4f085d4c824cc06527e7fcae -> 
  custom:scripting/monoscript/fileName/NavMeshUpdaterEditor.cs: 169704080eda430978bba61ddedeb304 -> 
  custom:scripting/precompiled-assembly-types:Unity.AI.Navigation.Editor.ConversionSystem: 27c718e5de2659aeeb663e092dc21158 -> 
  custom:scripting/monoscript/fileName/Ghost.cs: 24df48ed11035b9c3af0b2161962899a -> 
  custom:scripting/monoscript/fileName/NavMeshModifierEditor.cs: b8675d28116f43f78881455a7301fe8c -> 
  custom:container-muxer-webm: aa71ff27fc2769a1b78a27578f13a17b -> 
  custom:video-decoder-webm-vp8: 9c59270c3fd7afecdb556c50c9e8de78 -> 
  custom:scripting/precompiled-assembly-types:Unity.AI.Navigation.Editor: 7eaf38f66973fde07200cf372b24130e -> 
  custom:scripting/monoscript/fileName/HelpUrls.cs: c1a90585e3e9c9d25f58f9141655f24f -> 
  custom:scripting/monoscript/fileName/EditorStyles.cs: 86b9f4d8fe570a8d8295bfc466c975cf -> 
  custom:SearchIndexIgnoredProperties: e643bd26f0fe6173181afceb89e7c659 -> 
  custom:scripting/precompiled-assembly-types:Unity.AI.Navigation.Updater: d2095ddf03fd615830d6dacf5841450d -> 
  custom:scripting/monoscript/fileName/NavMeshLinkEditor.cs: aed8ae070d922149bb2ba3de06889ff6 -> 
  custom:AudioImporter_EditorPlatform: d09bf68614088b80899f8185d706f6e7 -> 
  custom:scripting/monoscript/fileName/NavMeshModifier.cs: 99ae5ed91bb784edc4f8312d7de046da -> 
  custom:scripting/monoscript/fileName/NavMeshSceneConverter.cs: baf486a1c1cdf03a3111dd113d13c2f4 -> 
  custom:scripting/monoscript/fileName/SystemConverterContainer.cs: eb4026ea01a117ce0888f693e9eed2cd -> 
  custom:scripting/monoscript/fileName/NavMeshLink.cs: 0b3d0eeb07ab57d259e8f9365538df09 -> 
  custom:scripting/monoscript/fileName/Enemy.cs: 8448538d4f104f9acda18da16679c4ac -> 
  custom:scripting/monoscript/fileName/ObsoleteNavigationWindowMenuEntry.cs: c7f73386e6473f401a8e4151cac4e1e5 -> 
  custom:scripting/monoscript/fileName/InitializeConverterContext.cs: a97e19589a5774cdc2a34a28caea355f -> 
  custom:scripting/monoscript/fileName/SystemConverter.cs: c748d1769fc66e95256254a1cc1497f3 -> 
  custom:video-encoder-webm-vp8: eb34c28f22e8b96e1ab97ce403110664 -> 
  custom:scripting/monoscript/fileName/Labyrinth.cs: 32051f7884a6750ed1c67dd49efc6ddd -> 
  custom:audio-decoder-ogg-vorbis: bf7c407c2cedff20999df2af8eb42d56 -> 
  custom:scripting/monoscript/fileName/Item.cs: c2b7fc65fe255f985743270ca947d8ec -> 
  custom:scripting/monoscript/fileName/RunItemContext.cs: 338b2243183036c2b60f94c1b5e817c5 -> 
  custom:scripting/monoscript/fileName/Player.cs: 007e2e63cbf915a2b71612a7f593548a -> 
  custom:audio-encoder-webm-vorbis: bf7c407c2cedff20999df2af8eb42d56 -> 
  custom:scripting/monoscript/fileName/Coin.cs: 619f3eee3888c45b850590cb583d64bd -> 
  custom:scripting/precompiled-assembly-types:Assembly-CSharp: 410ae31b56ecef2ff4dd6901e9e7d2a5 -> 
  custom:scripting/monoscript/fileName/SystemConvertersEditor.cs: c127c1335f24b77ca70195bf2136c6a2 -> 
========================================================================
Received Prepare
Caller must complete domain reload
Begin MonoManager ReloadAssembly
- Loaded All Assemblies, in  0.697 seconds
Native extension for WindowsStandalone target not found
Mono: successfully reloaded assembly
- Finished resetting the current domain, in  0.835 seconds
Domain Reload Profiling: 1530ms
	BeginReloadAssembly (243ms)
		ExecutionOrderSort (0ms)
		DisableScriptedObjects (5ms)
		BackupInstance (0ms)
		ReleaseScriptingObjects (0ms)
		CreateAndSetChildDomain (52ms)
	RebuildCommonClasses (36ms)
	RebuildNativeTypeToScriptingClass (14ms)
	initialDomainReloadingComplete (39ms)
	LoadAllAssembliesAndSetupDomain (362ms)
		LoadAssemblies (481ms)
		RebuildTransferFunctionScriptingTraits (0ms)
		AnalyzeDomain (22ms)
			TypeCache.Refresh (10ms)
				TypeCache.ScanAssembly (0ms)
			ScanForSourceGeneratedMonoScriptInfo (0ms)
			ResolveRequiredComponents (9ms)
	FinalizeReload (836ms)
		ReleaseScriptCaches (0ms)
		RebuildScriptCaches (0ms)
		SetupLoadedEditorAssemblies (392ms)
			LogAssemblyErrors (0ms)
			InitializePlatformSupportModulesInManaged (5ms)
			SetLoadedEditorAssemblies (4ms)
			RefreshPlugins (0ms)
			BeforeProcessingInitializeOnLoad (50ms)
			ProcessInitializeOnLoadAttributes (308ms)
			ProcessInitializeOnLoadMethodAttributes (23ms)
			AfterProcessingInitializeOnLoad (1ms)
			EditorAssembliesLoaded (0ms)
		ExecutionOrderSort2 (0ms)
		AwakeInstancesAfterBackupRestoration (8ms)
Refreshing native plugins compatible for Editor in 3.14 ms, found 3 plugins.
Preloading 0 native plugins for Editor in 0.00 ms.
Unloading 3144 Unused Serialized files (Serialized files now loaded: 0)
Unloading 14 unused Assets / (28.5 KB). Loaded Objects now: 3735.
Memory consumption went from 125.5 MB to 125.5 MB.
Total: 2.688100 ms (FindLiveObjects: 0.194000 ms CreateObjectMapping: 0.075200 ms MarkObjects: 2.374300 ms  DeleteObjects: 0.043300 ms)

Prepare: number of updated asset objects reloaded= 0
AssetImportParameters requested are different than current active one (requested -> active):
  custom:scripting/monoscript/fileName/LabyrinthFloor.cs: 7bc7ec44740e702d584c3c395e3ac230 -> 
  custom:scripting/monoscript/fileName/NavMeshSurface.cs: 34aebd278d8d3d5db6b23265b9c700f9 -> 
  custom:scripting/precompiled-assembly-types:Unity.AI.Navigation: 5d8fa505e3253b9a2a456e2c28a1afb3 -> 
  custom:container-demuxer-ogg: 62fdf1f143b41e24485cea50d1cbac27 -> 
  custom:scripting/monoscript/fileName/CoinBank.cs: b794b09a1b79de1dc66b485a0c1f3e65 -> 
  custom:scripting/monoscript/fileName/NavMeshModifierVolumeEditor.cs: 262a50135a116189426aa01c964a744c -> 
  custom:scripting/monoscript/fileName/NavigationOverlay.cs: 2744f4e7946ebbb71339c9b1ce538d00 -> 
  custom:scripting/monoscript/fileName/GameManager.cs: 9933fbcc6190e2a9171c2ec8808a053e -> 
  custom:scripting/monoscript/fileName/ConverterItemDescriptor.cs: 8182050d34c5cb602eb7913435a7abee -> 
  custom:video-codec-MediaFoundation-h265: 746d11721c4dcdbdad8f713fa42b33f4 -> 
  custom:scripting/monoscript/fileName/BuiltInToNavMeshSurfaceConverterContainer.cs: c40a906f9f99ea8a6c5aaa215767017f -> 
  custom:video-decoder-ogg-theora: a1e56fd34408186e4bbccfd4996cb3dc -> 
  custom:framework-win-MediaFoundation: 216162199b28c13a410421893ffa2e32 -> 
  custom:scripting/monoscript/fileName/NavigationWindow.cs: 7884404b71178f59d8819c380b951d7c -> 
  custom:scripting/monoscript/fileName/NavMeshComponentsGUIUtility.cs: 08c52049b94db52661003d42fda4ecff -> 
  custom:scripting/monoscript/fileName/ConverterItemInfo.cs: 9fb131dfa28a9ed6b6d00fd9cf83ece4 -> 
  custom:CustomObjectIndexerAttribute: 9a22284fe3817be447336de3de66b15e -> 
  custom:scripting/monoscript/fileName/Geometry.cs: b17e483d4d82d1ed140086d07c793966 -> 
  custom:scripting/monoscript/fileName/NavMeshAssetManager.cs: 79eb4858c2054289cd611249ab36b0a5 -> 
  custom:scripting/monoscript/fileName/Cherry.cs: f6b64806f9b1c9f1e2e6f42014a4c25c -> 
  custom:scripting/monoscript/fileName/NavMeshSurfaceEditor.cs: adb1294e971eab992abc2e3e7e051565 -> 
  custom:container-demuxer-webm: 4f35f7cbe854078d1ac9338744f61a02 -> 
  custom:scripting/monoscript/fileName/NavMeshModifierVolume.cs: 8dc531216c72b86c60b86e16ff3da10b -> 
  custom:scripting/monoscript/fileName/NavMeshUpdaterUtility.cs: 5eb03802e6dba19b3e13aaf384805cac -> 
  custom:scripting/monoscript/fileName/NavigationPreferences.cs: ada9399a4f085d4c824cc06527e7fcae -> 
  custom:scripting/monoscript/fileName/NavMeshUpdaterEditor.cs: 169704080eda430978bba61ddedeb304 -> 
  custom:scripting/precompiled-assembly-types:Unity.AI.Navigation.Editor.ConversionSystem: 27c718e5de2659aeeb663e092dc21158 -> 
  custom:scripting/monoscript/fileName/Ghost.cs: 24df48ed11035b9c3af0b2161962899a -> 
  custom:scripting/monoscript/fileName/NavMeshModifierEditor.cs: b8675d28116f43f78881455a7301fe8c -> 
  custom:container-muxer-webm: aa71ff27fc2769a1b78a27578f13a17b -> 
  custom:video-decoder-webm-vp8: 9c59270c3fd7afecdb556c50c9e8de78 -> 
  custom:scripting/precompiled-assembly-types:Unity.AI.Navigation.Editor: 7eaf38f66973fde07200cf372b24130e -> 
  custom:scripting/monoscript/fileName/HelpUrls.cs: c1a90585e3e9c9d25f58f9141655f24f -> 
  custom:scripting/monoscript/fileName/EditorStyles.cs: 86b9f4d8fe570a8d8295bfc466c975cf -> 
  custom:SearchIndexIgnoredProperties: e643bd26f0fe6173181afceb89e7c659 -> 
  custom:scripting/precompiled-assembly-types:Unity.AI.Navigation.Updater: d2095ddf03fd615830d6dacf5841450d -> 
  custom:scripting/monoscript/fileName/NavMeshLinkEditor.cs: aed8ae070d922149bb2ba3de06889ff6 -> 
  custom:AudioImporter_EditorPlatform: d09bf68614088b80899f8185d706f6e7 -> 
  custom:scripting/monoscript/fileName/NavMeshModifier.cs: 99ae5ed91bb784edc4f8312d7de046da -> 
  custom:scripting/monoscript/fileName/NavMeshSceneConverter.cs: baf486a1c1cdf03a3111dd113d13c2f4 -> 
  custom:scripting/monoscript/fileName/SystemConverterContainer.cs: eb4026ea01a117ce0888f693e9eed2cd -> 
  custom:scripting/monoscript/fileName/NavMeshLink.cs: 0b3d0eeb07ab57d259e8f9365538df09 -> 
  custom:scripting/monoscript/fileName/Enemy.cs: 8448538d4f104f9acda18da16679c4ac -> 
  custom:scripting/monoscript/fileName/ObsoleteNavigationWindowMenuEntry.cs: c7f73386e6473f401a8e4151cac4e1e5 -> 
  custom:scripting/monoscript/fileName/InitializeConverterContext.cs: a97e19589a5774cdc2a34a28caea355f -> 
  custom:scripting/monoscript/fileName/SystemConverter.cs: c748d1769fc66e95256254a1cc1497f3 -> 
  custom:video-encoder-webm-vp8: eb34c28f22e8b96e1ab97ce403110664 -> 
  custom:scripting/monoscript/fileName/Labyrinth.cs: 32051f7884a6750ed1c67dd49efc6ddd -> 
  custom:audio-decoder-ogg-vorbis: bf7c407c2cedff20999df2af8eb42d56 -> 
  custom:scripting/monoscript/fileName/Item.cs: c2b7fc65fe255f985743270ca947d8ec -> 
  custom:scripting/monoscript/fileName/RunItemContext.cs: 338b2243183036c2b60f94c1b5e817c5 -> 
  custom:scripting/monoscript/fileName/Player.cs: 007e2e63cbf915a2b71612a7f593548a -> 
  custom:audio-encoder-webm-vorbis: bf7c407c2cedff20999df2af8eb42d56 -> 
  custom:scripting/monoscript/fileName/Coin.cs: 619f3eee3888c45b850590cb583d64bd -> 
  custom:scripting/precompiled-assembly-types:Assembly-CSharp: 410ae31b56ecef2ff4dd6901e9e7d2a5 -> 
  custom:scripting/monoscript/fileName/SystemConvertersEditor.cs: c127c1335f24b77ca70195bf2136c6a2 -> 
========================================================================
Received Prepare
Caller must complete domain reload
Begin MonoManager ReloadAssembly
- Loaded All Assemblies, in  0.271 seconds
Native extension for WindowsStandalone target not found
Mono: successfully reloaded assembly
- Finished resetting the current domain, in  0.759 seconds
Domain Reload Profiling: 1030ms
	BeginReloadAssembly (97ms)
		ExecutionOrderSort (0ms)
		DisableScriptedObjects (3ms)
		BackupInstance (0ms)
		ReleaseScriptingObjects (0ms)
		CreateAndSetChildDomain (19ms)
	RebuildCommonClasses (20ms)
	RebuildNativeTypeToScriptingClass (6ms)
	initialDomainReloadingComplete (16ms)
	LoadAllAssembliesAndSetupDomain (130ms)
		LoadAssemblies (173ms)
		RebuildTransferFunctionScriptingTraits (0ms)
		AnalyzeDomain (10ms)
			TypeCache.Refresh (4ms)
				TypeCache.ScanAssembly (0ms)
			ScanForSourceGeneratedMonoScriptInfo (0ms)
			ResolveRequiredComponents (4ms)
	FinalizeReload (760ms)
		ReleaseScriptCaches (0ms)
		RebuildScriptCaches (0ms)
		SetupLoadedEditorAssemblies (406ms)
			LogAssemblyErrors (0ms)
			InitializePlatformSupportModulesInManaged (5ms)
			SetLoadedEditorAssemblies (4ms)
			RefreshPlugins (0ms)
			BeforeProcessingInitializeOnLoad (53ms)
			ProcessInitializeOnLoadAttributes (320ms)
			ProcessInitializeOnLoadMethodAttributes (22ms)
			AfterProcessingInitializeOnLoad (2ms)
			EditorAssembliesLoaded (0ms)
		ExecutionOrderSort2 (0ms)
		AwakeInstancesAfterBackupRestoration (8ms)
Refreshing native plugins compatible for Editor in 2.93 ms, found 3 plugins.
Preloading 0 native plugins for Editor in 0.00 ms.
Unloading 3144 Unused Serialized files (Serialized files now loaded: 0)
Unloading 14 unused Assets / (28.5 KB). Loaded Objects now: 3738.
Memory consumption went from 125.6 MB to 125.5 MB.
Total: 2.344400 ms (FindLiveObjects: 0.247300 ms CreateObjectMapping: 0.080200 ms MarkObjects: 1.963800 ms  DeleteObjects: 0.051800 ms)

Prepare: number of updated asset objects reloaded= 0
AssetImportParameters requested are different than current active one (requested -> active):
  custom:scripting/monoscript/fileName/LabyrinthFloor.cs: 7bc7ec44740e702d584c3c395e3ac230 -> 
  custom:scripting/monoscript/fileName/NavMeshSurface.cs: 34aebd278d8d3d5db6b23265b9c700f9 -> 
  custom:scripting/precompiled-assembly-types:Unity.AI.Navigation: 5d8fa505e3253b9a2a456e2c28a1afb3 -> 
  custom:container-demuxer-ogg: 62fdf1f143b41e24485cea50d1cbac27 -> 
  custom:scripting/monoscript/fileName/CoinBank.cs: b794b09a1b79de1dc66b485a0c1f3e65 -> 
  custom:scripting/monoscript/fileName/NavMeshModifierVolumeEditor.cs: 262a50135a116189426aa01c964a744c -> 
  custom:scripting/monoscript/fileName/NavigationOverlay.cs: 2744f4e7946ebbb71339c9b1ce538d00 -> 
  custom:scripting/monoscript/fileName/GameManager.cs: 9933fbcc6190e2a9171c2ec8808a053e -> 
  custom:scripting/monoscript/fileName/ConverterItemDescriptor.cs: 8182050d34c5cb602eb7913435a7abee -> 
  custom:video-codec-MediaFoundation-h265: 746d11721c4dcdbdad8f713fa42b33f4 -> 
  custom:scripting/monoscript/fileName/BuiltInToNavMeshSurfaceConverterContainer.cs: c40a906f9f99ea8a6c5aaa215767017f -> 
  custom:video-decoder-ogg-theora: a1e56fd34408186e4bbccfd4996cb3dc -> 
  custom:framework-win-MediaFoundation: 216162199b28c13a410421893ffa2e32 -> 
  custom:scripting/monoscript/fileName/NavigationWindow.cs: 7884404b71178f59d8819c380b951d7c -> 
  custom:scripting/monoscript/fileName/NavMeshComponentsGUIUtility.cs: 08c52049b94db52661003d42fda4ecff -> 
  custom:scripting/monoscript/fileName/ConverterItemInfo.cs: 9fb131dfa28a9ed6b6d00fd9cf83ece4 -> 
  custom:CustomObjectIndexerAttribute: 9a22284fe3817be447336de3de66b15e -> 
  custom:scripting/monoscript/fileName/Geometry.cs: b17e483d4d82d1ed140086d07c793966 -> 
  custom:scripting/monoscript/fileName/NavMeshAssetManager.cs: 79eb4858c2054289cd611249ab36b0a5 -> 
  custom:scripting/monoscript/fileName/Cherry.cs: f6b64806f9b1c9f1e2e6f42014a4c25c -> 
  custom:scripting/monoscript/fileName/NavMeshSurfaceEditor.cs: adb1294e971eab992abc2e3e7e051565 -> 
  custom:container-demuxer-webm: 4f35f7cbe854078d1ac9338744f61a02 -> 
  custom:scripting/monoscript/fileName/NavMeshModifierVolume.cs: 8dc531216c72b86c60b86e16ff3da10b -> 
  custom:scripting/monoscript/fileName/NavMeshUpdaterUtility.cs: 5eb03802e6dba19b3e13aaf384805cac -> 
  custom:scripting/monoscript/fileName/NavigationPreferences.cs: ada9399a4f085d4c824cc06527e7fcae -> 
  custom:scripting/monoscript/fileName/NavMeshUpdaterEditor.cs: 169704080eda430978bba61ddedeb304 -> 
  custom:scripting/precompiled-assembly-types:Unity.AI.Navigation.Editor.ConversionSystem: 27c718e5de2659aeeb663e092dc21158 -> 
  custom:scripting/monoscript/fileName/Ghost.cs: 24df48ed11035b9c3af0b2161962899a -> 
  custom:scripting/monoscript/fileName/NavMeshModifierEditor.cs: b8675d28116f43f78881455a7301fe8c -> 
  custom:container-muxer-webm: aa71ff27fc2769a1b78a27578f13a17b -> 
  custom:video-decoder-webm-vp8: 9c59270c3fd7afecdb556c50c9e8de78 -> 
  custom:scripting/precompiled-assembly-types:Unity.AI.Navigation.Editor: 7eaf38f66973fde07200cf372b24130e -> 
  custom:scripting/monoscript/fileName/HelpUrls.cs: c1a90585e3e9c9d25f58f9141655f24f -> 
  custom:scripting/monoscript/fileName/EditorStyles.cs: 86b9f4d8fe570a8d8295bfc466c975cf -> 
  custom:SearchIndexIgnoredProperties: e643bd26f0fe6173181afceb89e7c659 -> 
  custom:scripting/precompiled-assembly-types:Unity.AI.Navigation.Updater: d2095ddf03fd615830d6dacf5841450d -> 
  custom:scripting/monoscript/fileName/NavMeshLinkEditor.cs: aed8ae070d922149bb2ba3de06889ff6 -> 
  custom:AudioImporter_EditorPlatform: d09bf68614088b80899f8185d706f6e7 -> 
  custom:scripting/monoscript/fileName/NavMeshModifier.cs: 99ae5ed91bb784edc4f8312d7de046da -> 
  custom:scripting/monoscript/fileName/NavMeshSceneConverter.cs: baf486a1c1cdf03a3111dd113d13c2f4 -> 
  custom:scripting/monoscript/fileName/SystemConverterContainer.cs: eb4026ea01a117ce0888f693e9eed2cd -> 
  custom:scripting/monoscript/fileName/NavMeshLink.cs: 0b3d0eeb07ab57d259e8f9365538df09 -> 
  custom:scripting/monoscript/fileName/Enemy.cs: 8448538d4f104f9acda18da16679c4ac -> 
  custom:scripting/monoscript/fileName/ObsoleteNavigationWindowMenuEntry.cs: c7f73386e6473f401a8e4151cac4e1e5 -> 
  custom:scripting/monoscript/fileName/InitializeConverterContext.cs: a97e19589a5774cdc2a34a28caea355f -> 
  custom:scripting/monoscript/fileName/SystemConverter.cs: c748d1769fc66e95256254a1cc1497f3 -> 
  custom:video-encoder-webm-vp8: eb34c28f22e8b96e1ab97ce403110664 -> 
  custom:scripting/monoscript/fileName/Labyrinth.cs: 32051f7884a6750ed1c67dd49efc6ddd -> 
  custom:audio-decoder-ogg-vorbis: bf7c407c2cedff20999df2af8eb42d56 -> 
  custom:scripting/monoscript/fileName/Item.cs: c2b7fc65fe255f985743270ca947d8ec -> 
  custom:scripting/monoscript/fileName/RunItemContext.cs: 338b2243183036c2b60f94c1b5e817c5 -> 
  custom:scripting/monoscript/fileName/Player.cs: 007e2e63cbf915a2b71612a7f593548a -> 
  custom:audio-encoder-webm-vorbis: bf7c407c2cedff20999df2af8eb42d56 -> 
  custom:scripting/monoscript/fileName/Coin.cs: 619f3eee3888c45b850590cb583d64bd -> 
  custom:scripting/precompiled-assembly-types:Assembly-CSharp: 410ae31b56ecef2ff4dd6901e9e7d2a5 -> 
  custom:scripting/monoscript/fileName/SystemConvertersEditor.cs: c127c1335f24b77ca70195bf2136c6a2 -> 
========================================================================
Received Prepare
Caller must complete domain reload
Begin MonoManager ReloadAssembly
- Loaded All Assemblies, in  0.285 seconds
Native extension for WindowsStandalone target not found
Mono: successfully reloaded assembly
- Finished resetting the current domain, in  0.765 seconds
Domain Reload Profiling: 1050ms
	BeginReloadAssembly (97ms)
		ExecutionOrderSort (0ms)
		DisableScriptedObjects (3ms)
		BackupInstance (0ms)
		ReleaseScriptingObjects (0ms)
		CreateAndSetChildDomain (18ms)
	RebuildCommonClasses (21ms)
	RebuildNativeTypeToScriptingClass (7ms)
	initialDomainReloadingComplete (17ms)
	LoadAllAssembliesAndSetupDomain (143ms)
		LoadAssemblies (187ms)
		RebuildTransferFunctionScriptingTraits (0ms)
		AnalyzeDomain (10ms)
			TypeCache.Refresh (4ms)
				TypeCache.ScanAssembly (0ms)
			ScanForSourceGeneratedMonoScriptInfo (0ms)
			ResolveRequiredComponents (3ms)
	FinalizeReload (766ms)
		ReleaseScriptCaches (0ms)
		RebuildScriptCaches (0ms)
		SetupLoadedEditorAssemblies (426ms)
			LogAssemblyErrors (0ms)
			InitializePlatformSupportModulesInManaged (5ms)
			SetLoadedEditorAssemblies (5ms)
			RefreshPlugins (0ms)
			BeforeProcessingInitializeOnLoad (52ms)
			ProcessInitializeOnLoadAttributes (339ms)
			ProcessInitializeOnLoadMethodAttributes (23ms)
			AfterProcessingInitializeOnLoad (3ms)
			EditorAssembliesLoaded (0ms)
		ExecutionOrderSort2 (0ms)
		AwakeInstancesAfterBackupRestoration (7ms)
Refreshing native plugins compatible for Editor in 3.27 ms, found 3 plugins.
Preloading 0 native plugins for Editor in 0.00 ms.
Unloading 3144 Unused Serialized files (Serialized files now loaded: 0)
Unloading 14 unused Assets / (28.5 KB). Loaded Objects now: 3741.
Memory consumption went from 125.6 MB to 125.5 MB.
Total: 3.204100 ms (FindLiveObjects: 0.208100 ms CreateObjectMapping: 0.078100 ms MarkObjects: 2.859500 ms  DeleteObjects: 0.057300 ms)

Prepare: number of updated asset objects reloaded= 0
AssetImportParameters requested are different than current active one (requested -> active):
  custom:scripting/monoscript/fileName/LabyrinthFloor.cs: 7bc7ec44740e702d584c3c395e3ac230 -> 
  custom:scripting/monoscript/fileName/NavMeshSurface.cs: 34aebd278d8d3d5db6b23265b9c700f9 -> 
  custom:scripting/precompiled-assembly-types:Unity.AI.Navigation: 5d8fa505e3253b9a2a456e2c28a1afb3 -> 
  custom:container-demuxer-ogg: 62fdf1f143b41e24485cea50d1cbac27 -> 
  custom:scripting/monoscript/fileName/CoinBank.cs: b794b09a1b79de1dc66b485a0c1f3e65 -> 
  custom:scripting/monoscript/fileName/NavMeshModifierVolumeEditor.cs: 262a50135a116189426aa01c964a744c -> 
  custom:scripting/monoscript/fileName/NavigationOverlay.cs: 2744f4e7946ebbb71339c9b1ce538d00 -> 
  custom:scripting/monoscript/fileName/GameManager.cs: 9933fbcc6190e2a9171c2ec8808a053e -> 
  custom:scripting/monoscript/fileName/ConverterItemDescriptor.cs: 8182050d34c5cb602eb7913435a7abee -> 
  custom:video-codec-MediaFoundation-h265: 746d11721c4dcdbdad8f713fa42b33f4 -> 
  custom:scripting/monoscript/fileName/BuiltInToNavMeshSurfaceConverterContainer.cs: c40a906f9f99ea8a6c5aaa215767017f -> 
  custom:video-decoder-ogg-theora: a1e56fd34408186e4bbccfd4996cb3dc -> 
  custom:framework-win-MediaFoundation: 216162199b28c13a410421893ffa2e32 -> 
  custom:scripting/monoscript/fileName/NavigationWindow.cs: 7884404b71178f59d8819c380b951d7c -> 
  custom:scripting/monoscript/fileName/NavMeshComponentsGUIUtility.cs: 08c52049b94db52661003d42fda4ecff -> 
  custom:scripting/monoscript/fileName/ConverterItemInfo.cs: 9fb131dfa28a9ed6b6d00fd9cf83ece4 -> 
  custom:CustomObjectIndexerAttribute: 9a22284fe3817be447336de3de66b15e -> 
  custom:scripting/monoscript/fileName/Geometry.cs: b17e483d4d82d1ed140086d07c793966 -> 
  custom:scripting/monoscript/fileName/NavMeshAssetManager.cs: 79eb4858c2054289cd611249ab36b0a5 -> 
  custom:scripting/monoscript/fileName/Cherry.cs: f6b64806f9b1c9f1e2e6f42014a4c25c -> 
  custom:scripting/monoscript/fileName/NavMeshSurfaceEditor.cs: adb1294e971eab992abc2e3e7e051565 -> 
  custom:container-demuxer-webm: 4f35f7cbe854078d1ac9338744f61a02 -> 
  custom:scripting/monoscript/fileName/NavMeshModifierVolume.cs: 8dc531216c72b86c60b86e16ff3da10b -> 
  custom:scripting/monoscript/fileName/NavMeshUpdaterUtility.cs: 5eb03802e6dba19b3e13aaf384805cac -> 
  custom:scripting/monoscript/fileName/NavigationPreferences.cs: ada9399a4f085d4c824cc06527e7fcae -> 
  custom:scripting/monoscript/fileName/NavMeshUpdaterEditor.cs: 169704080eda430978bba61ddedeb304 -> 
  custom:scripting/precompiled-assembly-types:Unity.AI.Navigation.Editor.ConversionSystem: 27c718e5de2659aeeb663e092dc21158 -> 
  custom:scripting/monoscript/fileName/Ghost.cs: 24df48ed11035b9c3af0b2161962899a -> 
  custom:scripting/monoscript/fileName/NavMeshModifierEditor.cs: b8675d28116f43f78881455a7301fe8c -> 
  custom:container-muxer-webm: aa71ff27fc2769a1b78a27578f13a17b -> 
  custom:video-decoder-webm-vp8: 9c59270c3fd7afecdb556c50c9e8de78 -> 
  custom:scripting/precompiled-assembly-types:Unity.AI.Navigation.Editor: 7eaf38f66973fde07200cf372b24130e -> 
  custom:scripting/monoscript/fileName/HelpUrls.cs: c1a90585e3e9c9d25f58f9141655f24f -> 
  custom:scripting/monoscript/fileName/EditorStyles.cs: 86b9f4d8fe570a8d8295bfc466c975cf -> 
  custom:SearchIndexIgnoredProperties: e643bd26f0fe6173181afceb89e7c659 -> 
  custom:scripting/precompiled-assembly-types:Unity.AI.Navigation.Updater: d2095ddf03fd615830d6dacf5841450d -> 
  custom:scripting/monoscript/fileName/NavMeshLinkEditor.cs: aed8ae070d922149bb2ba3de06889ff6 -> 
  custom:AudioImporter_EditorPlatform: d09bf68614088b80899f8185d706f6e7 -> 
  custom:scripting/monoscript/fileName/NavMeshModifier.cs: 99ae5ed91bb784edc4f8312d7de046da -> 
  custom:scripting/monoscript/fileName/NavMeshSceneConverter.cs: baf486a1c1cdf03a3111dd113d13c2f4 -> 
  custom:scripting/monoscript/fileName/SystemConverterContainer.cs: eb4026ea01a117ce0888f693e9eed2cd -> 
  custom:scripting/monoscript/fileName/NavMeshLink.cs: 0b3d0eeb07ab57d259e8f9365538df09 -> 
  custom:scripting/monoscript/fileName/Enemy.cs: 8448538d4f104f9acda18da16679c4ac -> 
  custom:scripting/monoscript/fileName/ObsoleteNavigationWindowMenuEntry.cs: c7f73386e6473f401a8e4151cac4e1e5 -> 
  custom:scripting/monoscript/fileName/InitializeConverterContext.cs: a97e19589a5774cdc2a34a28caea355f -> 
  custom:scripting/monoscript/fileName/SystemConverter.cs: c748d1769fc66e95256254a1cc1497f3 -> 
  custom:video-encoder-webm-vp8: eb34c28f22e8b96e1ab97ce403110664 -> 
  custom:scripting/monoscript/fileName/Labyrinth.cs: 32051f7884a6750ed1c67dd49efc6ddd -> 
  custom:audio-decoder-ogg-vorbis: bf7c407c2cedff20999df2af8eb42d56 -> 
  custom:scripting/monoscript/fileName/Item.cs: c2b7fc65fe255f985743270ca947d8ec -> 
  custom:scripting/monoscript/fileName/RunItemContext.cs: 338b2243183036c2b60f94c1b5e817c5 -> 
  custom:scripting/monoscript/fileName/Player.cs: 007e2e63cbf915a2b71612a7f593548a -> 
  custom:audio-encoder-webm-vorbis: bf7c407c2cedff20999df2af8eb42d56 -> 
  custom:scripting/monoscript/fileName/Coin.cs: 619f3eee3888c45b850590cb583d64bd -> 
  custom:scripting/precompiled-assembly-types:Assembly-CSharp: 410ae31b56ecef2ff4dd6901e9e7d2a5 -> 
  custom:scripting/monoscript/fileName/SystemConvertersEditor.cs: c127c1335f24b77ca70195bf2136c6a2 -> 
========================================================================
Received Prepare
Caller must complete domain reload
Begin MonoManager ReloadAssembly
- Loaded All Assemblies, in  0.296 seconds
Native extension for WindowsStandalone target not found
Mono: successfully reloaded assembly
- Finished resetting the current domain, in  0.883 seconds
Domain Reload Profiling: 1179ms
	BeginReloadAssembly (108ms)
		ExecutionOrderSort (0ms)
		DisableScriptedObjects (3ms)
		BackupInstance (0ms)
		ReleaseScriptingObjects (0ms)
		CreateAndSetChildDomain (20ms)
	RebuildCommonClasses (24ms)
	RebuildNativeTypeToScriptingClass (7ms)
	initialDomainReloadingComplete (17ms)
	LoadAllAssembliesAndSetupDomain (139ms)
		LoadAssemblies (188ms)
		RebuildTransferFunctionScriptingTraits (0ms)
		AnalyzeDomain (11ms)
			TypeCache.Refresh (6ms)
				TypeCache.ScanAssembly (0ms)
			ScanForSourceGeneratedMonoScriptInfo (0ms)
			ResolveRequiredComponents (4ms)
	FinalizeReload (883ms)
		ReleaseScriptCaches (0ms)
		RebuildScriptCaches (0ms)
		SetupLoadedEditorAssemblies (404ms)
			LogAssemblyErrors (0ms)
			InitializePlatformSupportModulesInManaged (6ms)
			SetLoadedEditorAssemblies (5ms)
			RefreshPlugins (0ms)
			BeforeProcessingInitializeOnLoad (53ms)
			ProcessInitializeOnLoadAttributes (317ms)
			ProcessInitializeOnLoadMethodAttributes (22ms)
			AfterProcessingInitializeOnLoad (2ms)
			EditorAssembliesLoaded (0ms)
		ExecutionOrderSort2 (0ms)
		AwakeInstancesAfterBackupRestoration (8ms)
Refreshing native plugins compatible for Editor in 3.00 ms, found 3 plugins.
Preloading 0 native plugins for Editor in 0.00 ms.
Unloading 3144 Unused Serialized files (Serialized files now loaded: 0)
Unloading 14 unused Assets / (28.6 KB). Loaded Objects now: 3744.
Memory consumption went from 125.6 MB to 125.5 MB.
Total: 2.674100 ms (FindLiveObjects: 0.193500 ms CreateObjectMapping: 0.078300 ms MarkObjects: 2.330000 ms  DeleteObjects: 0.071000 ms)

Prepare: number of updated asset objects reloaded= 0
AssetImportParameters requested are different than current active one (requested -> active):
  custom:scripting/monoscript/fileName/LabyrinthFloor.cs: 7bc7ec44740e702d584c3c395e3ac230 -> 
  custom:scripting/monoscript/fileName/NavMeshSurface.cs: 34aebd278d8d3d5db6b23265b9c700f9 -> 
  custom:scripting/precompiled-assembly-types:Unity.AI.Navigation: 5d8fa505e3253b9a2a456e2c28a1afb3 -> 
  custom:container-demuxer-ogg: 62fdf1f143b41e24485cea50d1cbac27 -> 
  custom:scripting/monoscript/fileName/CoinBank.cs: b794b09a1b79de1dc66b485a0c1f3e65 -> 
  custom:scripting/monoscript/fileName/NavMeshModifierVolumeEditor.cs: 262a50135a116189426aa01c964a744c -> 
  custom:scripting/monoscript/fileName/NavigationOverlay.cs: 2744f4e7946ebbb71339c9b1ce538d00 -> 
  custom:scripting/monoscript/fileName/GameManager.cs: 9933fbcc6190e2a9171c2ec8808a053e -> 
  custom:scripting/monoscript/fileName/ConverterItemDescriptor.cs: 8182050d34c5cb602eb7913435a7abee -> 
  custom:video-codec-MediaFoundation-h265: 746d11721c4dcdbdad8f713fa42b33f4 -> 
  custom:scripting/monoscript/fileName/BuiltInToNavMeshSurfaceConverterContainer.cs: c40a906f9f99ea8a6c5aaa215767017f -> 
  custom:video-decoder-ogg-theora: a1e56fd34408186e4bbccfd4996cb3dc -> 
  custom:framework-win-MediaFoundation: 216162199b28c13a410421893ffa2e32 -> 
  custom:scripting/monoscript/fileName/NavigationWindow.cs: 7884404b71178f59d8819c380b951d7c -> 
  custom:scripting/monoscript/fileName/NavMeshComponentsGUIUtility.cs: 08c52049b94db52661003d42fda4ecff -> 
  custom:scripting/monoscript/fileName/ConverterItemInfo.cs: 9fb131dfa28a9ed6b6d00fd9cf83ece4 -> 
  custom:CustomObjectIndexerAttribute: 9a22284fe3817be447336de3de66b15e -> 
  custom:scripting/monoscript/fileName/Geometry.cs: b17e483d4d82d1ed140086d07c793966 -> 
  custom:scripting/monoscript/fileName/NavMeshAssetManager.cs: 79eb4858c2054289cd611249ab36b0a5 -> 
  custom:scripting/monoscript/fileName/Cherry.cs: f6b64806f9b1c9f1e2e6f42014a4c25c -> 
  custom:scripting/monoscript/fileName/NavMeshSurfaceEditor.cs: adb1294e971eab992abc2e3e7e051565 -> 
  custom:container-demuxer-webm: 4f35f7cbe854078d1ac9338744f61a02 -> 
  custom:scripting/monoscript/fileName/NavMeshModifierVolume.cs: 8dc531216c72b86c60b86e16ff3da10b -> 
  custom:scripting/monoscript/fileName/NavMeshUpdaterUtility.cs: 5eb03802e6dba19b3e13aaf384805cac -> 
  custom:scripting/monoscript/fileName/NavigationPreferences.cs: ada9399a4f085d4c824cc06527e7fcae -> 
  custom:scripting/monoscript/fileName/NavMeshUpdaterEditor.cs: 169704080eda430978bba61ddedeb304 -> 
  custom:scripting/precompiled-assembly-types:Unity.AI.Navigation.Editor.ConversionSystem: 27c718e5de2659aeeb663e092dc21158 -> 
  custom:scripting/monoscript/fileName/Ghost.cs: 24df48ed11035b9c3af0b2161962899a -> 
  custom:scripting/monoscript/fileName/NavMeshModifierEditor.cs: b8675d28116f43f78881455a7301fe8c -> 
  custom:container-muxer-webm: aa71ff27fc2769a1b78a27578f13a17b -> 
  custom:video-decoder-webm-vp8: 9c59270c3fd7afecdb556c50c9e8de78 -> 
  custom:scripting/precompiled-assembly-types:Unity.AI.Navigation.Editor: 7eaf38f66973fde07200cf372b24130e -> 
  custom:scripting/monoscript/fileName/HelpUrls.cs: c1a90585e3e9c9d25f58f9141655f24f -> 
  custom:scripting/monoscript/fileName/EditorStyles.cs: 86b9f4d8fe570a8d8295bfc466c975cf -> 
  custom:SearchIndexIgnoredProperties: e643bd26f0fe6173181afceb89e7c659 -> 
  custom:scripting/precompiled-assembly-types:Unity.AI.Navigation.Updater: d2095ddf03fd615830d6dacf5841450d -> 
  custom:scripting/monoscript/fileName/NavMeshLinkEditor.cs: aed8ae070d922149bb2ba3de06889ff6 -> 
  custom:AudioImporter_EditorPlatform: d09bf68614088b80899f8185d706f6e7 -> 
  custom:scripting/monoscript/fileName/NavMeshModifier.cs: 99ae5ed91bb784edc4f8312d7de046da -> 
  custom:scripting/monoscript/fileName/NavMeshSceneConverter.cs: baf486a1c1cdf03a3111dd113d13c2f4 -> 
  custom:scripting/monoscript/fileName/SystemConverterContainer.cs: eb4026ea01a117ce0888f693e9eed2cd -> 
  custom:scripting/monoscript/fileName/NavMeshLink.cs: 0b3d0eeb07ab57d259e8f9365538df09 -> 
  custom:scripting/monoscript/fileName/Enemy.cs: 8448538d4f104f9acda18da16679c4ac -> 
  custom:scripting/monoscript/fileName/ObsoleteNavigationWindowMenuEntry.cs: c7f73386e6473f401a8e4151cac4e1e5 -> 
  custom:scripting/monoscript/fileName/InitializeConverterContext.cs: a97e19589a5774cdc2a34a28caea355f -> 
  custom:scripting/monoscript/fileName/SystemConverter.cs: c748d1769fc66e95256254a1cc1497f3 -> 
  custom:video-encoder-webm-vp8: eb34c28f22e8b96e1ab97ce403110664 -> 
  custom:scripting/monoscript/fileName/Labyrinth.cs: 32051f7884a6750ed1c67dd49efc6ddd -> 
  custom:audio-decoder-ogg-vorbis: bf7c407c2cedff20999df2af8eb42d56 -> 
  custom:scripting/monoscript/fileName/Item.cs: c2b7fc65fe255f985743270ca947d8ec -> 
  custom:scripting/monoscript/fileName/RunItemContext.cs: 338b2243183036c2b60f94c1b5e817c5 -> 
  custom:scripting/monoscript/fileName/Player.cs: 007e2e63cbf915a2b71612a7f593548a -> 
  custom:audio-encoder-webm-vorbis: bf7c407c2cedff20999df2af8eb42d56 -> 
  custom:scripting/monoscript/fileName/Coin.cs: 619f3eee3888c45b850590cb583d64bd -> 
  custom:scripting/precompiled-assembly-types:Assembly-CSharp: 410ae31b56ecef2ff4dd6901e9e7d2a5 -> 
  custom:scripting/monoscript/fileName/SystemConvertersEditor.cs: c127c1335f24b77ca70195bf2136c6a2 -> 
========================================================================
Received Prepare
Caller must complete domain reload
Begin MonoManager ReloadAssembly
- Loaded All Assemblies, in  0.273 seconds
Native extension for WindowsStandalone target not found
Mono: successfully reloaded assembly
- Finished resetting the current domain, in  0.607 seconds
Domain Reload Profiling: 880ms
	BeginReloadAssembly (101ms)
		ExecutionOrderSort (0ms)
		DisableScriptedObjects (3ms)
		BackupInstance (0ms)
		ReleaseScriptingObjects (0ms)
		CreateAndSetChildDomain (23ms)
	RebuildCommonClasses (19ms)
	RebuildNativeTypeToScriptingClass (7ms)
	initialDomainReloadingComplete (15ms)
	LoadAllAssembliesAndSetupDomain (131ms)
		LoadAssemblies (174ms)
		RebuildTransferFunctionScriptingTraits (0ms)
		AnalyzeDomain (10ms)
			TypeCache.Refresh (5ms)
				TypeCache.ScanAssembly (0ms)
			ScanForSourceGeneratedMonoScriptInfo (0ms)
			ResolveRequiredComponents (3ms)
	FinalizeReload (608ms)
		ReleaseScriptCaches (0ms)
		RebuildScriptCaches (0ms)
		SetupLoadedEditorAssemblies (307ms)
			LogAssemblyErrors (0ms)
			InitializePlatformSupportModulesInManaged (4ms)
			SetLoadedEditorAssemblies (4ms)
			RefreshPlugins (0ms)
			BeforeProcessingInitializeOnLoad (40ms)
			ProcessInitializeOnLoadAttributes (241ms)
			ProcessInitializeOnLoadMethodAttributes (17ms)
			AfterProcessingInitializeOnLoad (1ms)
			EditorAssembliesLoaded (0ms)
		ExecutionOrderSort2 (0ms)
		AwakeInstancesAfterBackupRestoration (6ms)
Refreshing native plugins compatible for Editor in 2.26 ms, found 3 plugins.
Preloading 0 native plugins for Editor in 0.00 ms.
Unloading 3144 Unused Serialized files (Serialized files now loaded: 0)
Unloading 14 unused Assets / (28.5 KB). Loaded Objects now: 3747.
Memory consumption went from 125.6 MB to 125.5 MB.
Total: 2.019500 ms (FindLiveObjects: 0.150400 ms CreateObjectMapping: 0.059200 ms MarkObjects: 1.776700 ms  DeleteObjects: 0.032600 ms)

Prepare: number of updated asset objects reloaded= 0
AssetImportParameters requested are different than current active one (requested -> active):
  custom:scripting/monoscript/fileName/LabyrinthFloor.cs: 7bc7ec44740e702d584c3c395e3ac230 -> 
  custom:scripting/monoscript/fileName/NavMeshSurface.cs: 34aebd278d8d3d5db6b23265b9c700f9 -> 
  custom:scripting/precompiled-assembly-types:Unity.AI.Navigation: 5d8fa505e3253b9a2a456e2c28a1afb3 -> 
  custom:container-demuxer-ogg: 62fdf1f143b41e24485cea50d1cbac27 -> 
  custom:scripting/monoscript/fileName/CoinBank.cs: b794b09a1b79de1dc66b485a0c1f3e65 -> 
  custom:scripting/monoscript/fileName/NavMeshModifierVolumeEditor.cs: 262a50135a116189426aa01c964a744c -> 
  custom:scripting/monoscript/fileName/NavigationOverlay.cs: 2744f4e7946ebbb71339c9b1ce538d00 -> 
  custom:scripting/monoscript/fileName/GameManager.cs: 9933fbcc6190e2a9171c2ec8808a053e -> 
  custom:scripting/monoscript/fileName/ConverterItemDescriptor.cs: 8182050d34c5cb602eb7913435a7abee -> 
  custom:video-codec-MediaFoundation-h265: 746d11721c4dcdbdad8f713fa42b33f4 -> 
  custom:scripting/monoscript/fileName/BuiltInToNavMeshSurfaceConverterContainer.cs: c40a906f9f99ea8a6c5aaa215767017f -> 
  custom:video-decoder-ogg-theora: a1e56fd34408186e4bbccfd4996cb3dc -> 
  custom:framework-win-MediaFoundation: 216162199b28c13a410421893ffa2e32 -> 
  custom:scripting/monoscript/fileName/NavigationWindow.cs: 7884404b71178f59d8819c380b951d7c -> 
  custom:scripting/monoscript/fileName/NavMeshComponentsGUIUtility.cs: 08c52049b94db52661003d42fda4ecff -> 
  custom:scripting/monoscript/fileName/ConverterItemInfo.cs: 9fb131dfa28a9ed6b6d00fd9cf83ece4 -> 
  custom:CustomObjectIndexerAttribute: 9a22284fe3817be447336de3de66b15e -> 
  custom:scripting/monoscript/fileName/Geometry.cs: b17e483d4d82d1ed140086d07c793966 -> 
  custom:scripting/monoscript/fileName/NavMeshAssetManager.cs: 79eb4858c2054289cd611249ab36b0a5 -> 
  custom:scripting/monoscript/fileName/Cherry.cs: f6b64806f9b1c9f1e2e6f42014a4c25c -> 
  custom:scripting/monoscript/fileName/NavMeshSurfaceEditor.cs: adb1294e971eab992abc2e3e7e051565 -> 
  custom:container-demuxer-webm: 4f35f7cbe854078d1ac9338744f61a02 -> 
  custom:scripting/monoscript/fileName/NavMeshModifierVolume.cs: 8dc531216c72b86c60b86e16ff3da10b -> 
  custom:scripting/monoscript/fileName/NavMeshUpdaterUtility.cs: 5eb03802e6dba19b3e13aaf384805cac -> 
  custom:scripting/monoscript/fileName/NavigationPreferences.cs: ada9399a4f085d4c824cc06527e7fcae -> 
  custom:scripting/monoscript/fileName/NavMeshUpdaterEditor.cs: 169704080eda430978bba61ddedeb304 -> 
  custom:scripting/precompiled-assembly-types:Unity.AI.Navigation.Editor.ConversionSystem: 27c718e5de2659aeeb663e092dc21158 -> 
  custom:scripting/monoscript/fileName/Ghost.cs: 24df48ed11035b9c3af0b2161962899a -> 
  custom:scripting/monoscript/fileName/NavMeshModifierEditor.cs: b8675d28116f43f78881455a7301fe8c -> 
  custom:container-muxer-webm: aa71ff27fc2769a1b78a27578f13a17b -> 
  custom:video-decoder-webm-vp8: 9c59270c3fd7afecdb556c50c9e8de78 -> 
  custom:scripting/precompiled-assembly-types:Unity.AI.Navigation.Editor: 7eaf38f66973fde07200cf372b24130e -> 
  custom:scripting/monoscript/fileName/HelpUrls.cs: c1a90585e3e9c9d25f58f9141655f24f -> 
  custom:scripting/monoscript/fileName/EditorStyles.cs: 86b9f4d8fe570a8d8295bfc466c975cf -> 
  custom:SearchIndexIgnoredProperties: e643bd26f0fe6173181afceb89e7c659 -> 
  custom:scripting/precompiled-assembly-types:Unity.AI.Navigation.Updater: d2095ddf03fd615830d6dacf5841450d -> 
  custom:scripting/monoscript/fileName/NavMeshLinkEditor.cs: aed8ae070d922149bb2ba3de06889ff6 -> 
  custom:AudioImporter_EditorPlatform: d09bf68614088b80899f8185d706f6e7 -> 
  custom:scripting/monoscript/fileName/NavMeshModifier.cs: 99ae5ed91bb784edc4f8312d7de046da -> 
  custom:scripting/monoscript/fileName/NavMeshSceneConverter.cs: baf486a1c1cdf03a3111dd113d13c2f4 -> 
  custom:scripting/monoscript/fileName/SystemConverterContainer.cs: eb4026ea01a117ce0888f693e9eed2cd -> 
  custom:scripting/monoscript/fileName/NavMeshLink.cs: 0b3d0eeb07ab57d259e8f9365538df09 -> 
  custom:scripting/monoscript/fileName/Enemy.cs: 8448538d4f104f9acda18da16679c4ac -> 
  custom:scripting/monoscript/fileName/ObsoleteNavigationWindowMenuEntry.cs: c7f73386e6473f401a8e4151cac4e1e5 -> 
  custom:scripting/monoscript/fileName/InitializeConverterContext.cs: a97e19589a5774cdc2a34a28caea355f -> 
  custom:scripting/monoscript/fileName/SystemConverter.cs: c748d1769fc66e95256254a1cc1497f3 -> 
  custom:video-encoder-webm-vp8: eb34c28f22e8b96e1ab97ce403110664 -> 
  custom:scripting/monoscript/fileName/Labyrinth.cs: 32051f7884a6750ed1c67dd49efc6ddd -> 
  custom:audio-decoder-ogg-vorbis: bf7c407c2cedff20999df2af8eb42d56 -> 
  custom:scripting/monoscript/fileName/Item.cs: c2b7fc65fe255f985743270ca947d8ec -> 
  custom:scripting/monoscript/fileName/RunItemContext.cs: 338b2243183036c2b60f94c1b5e817c5 -> 
  custom:scripting/monoscript/fileName/Player.cs: 007e2e63cbf915a2b71612a7f593548a -> 
  custom:audio-encoder-webm-vorbis: bf7c407c2cedff20999df2af8eb42d56 -> 
  custom:scripting/monoscript/fileName/Coin.cs: 619f3eee3888c45b850590cb583d64bd -> 
  custom:scripting/precompiled-assembly-types:Assembly-CSharp: 410ae31b56ecef2ff4dd6901e9e7d2a5 -> 
  custom:scripting/monoscript/fileName/SystemConvertersEditor.cs: c127c1335f24b77ca70195bf2136c6a2 -> 
========================================================================
Received Prepare
Caller must complete domain reload
Begin MonoManager ReloadAssembly
- Loaded All Assemblies, in  0.289 seconds
Native extension for WindowsStandalone target not found
Mono: successfully reloaded assembly
- Finished resetting the current domain, in  0.897 seconds
Domain Reload Profiling: 1185ms
	BeginReloadAssembly (103ms)
		ExecutionOrderSort (0ms)
		DisableScriptedObjects (3ms)
		BackupInstance (0ms)
		ReleaseScriptingObjects (0ms)
		CreateAndSetChildDomain (21ms)
	RebuildCommonClasses (21ms)
	RebuildNativeTypeToScriptingClass (7ms)
	initialDomainReloadingComplete (17ms)
	LoadAllAssembliesAndSetupDomain (140ms)
		LoadAssemblies (187ms)
		RebuildTransferFunctionScriptingTraits (0ms)
		AnalyzeDomain (10ms)
			TypeCache.Refresh (5ms)
				TypeCache.ScanAssembly (0ms)
			ScanForSourceGeneratedMonoScriptInfo (0ms)
			ResolveRequiredComponents (3ms)
	FinalizeReload (897ms)
		ReleaseScriptCaches (0ms)
		RebuildScriptCaches (0ms)
		SetupLoadedEditorAssemblies (418ms)
			LogAssemblyErrors (0ms)
			InitializePlatformSupportModulesInManaged (5ms)
			SetLoadedEditorAssemblies (5ms)
			RefreshPlugins (0ms)
			BeforeProcessingInitializeOnLoad (54ms)
			ProcessInitializeOnLoadAttributes (330ms)
			ProcessInitializeOnLoadMethodAttributes (23ms)
			AfterProcessingInitializeOnLoad (2ms)
			EditorAssembliesLoaded (0ms)
		ExecutionOrderSort2 (0ms)
		AwakeInstancesAfterBackupRestoration (9ms)
Refreshing native plugins compatible for Editor in 3.16 ms, found 3 plugins.
Preloading 0 native plugins for Editor in 0.00 ms.
Unloading 3144 Unused Serialized files (Serialized files now loaded: 0)
Unloading 14 unused Assets / (28.5 KB). Loaded Objects now: 3750.
Memory consumption went from 125.6 MB to 125.5 MB.
Total: 2.481300 ms (FindLiveObjects: 0.234400 ms CreateObjectMapping: 0.105100 ms MarkObjects: 2.102600 ms  DeleteObjects: 0.038200 ms)

Prepare: number of updated asset objects reloaded= 0
AssetImportParameters requested are different than current active one (requested -> active):
  custom:scripting/monoscript/fileName/LabyrinthFloor.cs: 7bc7ec44740e702d584c3c395e3ac230 -> 
  custom:scripting/monoscript/fileName/NavMeshSurface.cs: 34aebd278d8d3d5db6b23265b9c700f9 -> 
  custom:scripting/precompiled-assembly-types:Unity.AI.Navigation: 5d8fa505e3253b9a2a456e2c28a1afb3 -> 
  custom:container-demuxer-ogg: 62fdf1f143b41e24485cea50d1cbac27 -> 
  custom:scripting/monoscript/fileName/CoinBank.cs: b794b09a1b79de1dc66b485a0c1f3e65 -> 
  custom:scripting/monoscript/fileName/NavMeshModifierVolumeEditor.cs: 262a50135a116189426aa01c964a744c -> 
  custom:scripting/monoscript/fileName/NavigationOverlay.cs: 2744f4e7946ebbb71339c9b1ce538d00 -> 
  custom:scripting/monoscript/fileName/GameManager.cs: 9933fbcc6190e2a9171c2ec8808a053e -> 
  custom:scripting/monoscript/fileName/ConverterItemDescriptor.cs: 8182050d34c5cb602eb7913435a7abee -> 
  custom:video-codec-MediaFoundation-h265: 746d11721c4dcdbdad8f713fa42b33f4 -> 
  custom:scripting/monoscript/fileName/BuiltInToNavMeshSurfaceConverterContainer.cs: c40a906f9f99ea8a6c5aaa215767017f -> 
  custom:video-decoder-ogg-theora: a1e56fd34408186e4bbccfd4996cb3dc -> 
  custom:framework-win-MediaFoundation: 216162199b28c13a410421893ffa2e32 -> 
  custom:scripting/monoscript/fileName/NavigationWindow.cs: 7884404b71178f59d8819c380b951d7c -> 
  custom:scripting/monoscript/fileName/NavMeshComponentsGUIUtility.cs: 08c52049b94db52661003d42fda4ecff -> 
  custom:scripting/monoscript/fileName/ConverterItemInfo.cs: 9fb131dfa28a9ed6b6d00fd9cf83ece4 -> 
  custom:CustomObjectIndexerAttribute: 9a22284fe3817be447336de3de66b15e -> 
  custom:scripting/monoscript/fileName/Geometry.cs: b17e483d4d82d1ed140086d07c793966 -> 
  custom:scripting/monoscript/fileName/NavMeshAssetManager.cs: 79eb4858c2054289cd611249ab36b0a5 -> 
  custom:scripting/monoscript/fileName/Cherry.cs: f6b64806f9b1c9f1e2e6f42014a4c25c -> 
  custom:scripting/monoscript/fileName/NavMeshSurfaceEditor.cs: adb1294e971eab992abc2e3e7e051565 -> 
  custom:container-demuxer-webm: 4f35f7cbe854078d1ac9338744f61a02 -> 
  custom:scripting/monoscript/fileName/NavMeshModifierVolume.cs: 8dc531216c72b86c60b86e16ff3da10b -> 
  custom:scripting/monoscript/fileName/NavMeshUpdaterUtility.cs: 5eb03802e6dba19b3e13aaf384805cac -> 
  custom:scripting/monoscript/fileName/NavigationPreferences.cs: ada9399a4f085d4c824cc06527e7fcae -> 
  custom:scripting/monoscript/fileName/NavMeshUpdaterEditor.cs: 169704080eda430978bba61ddedeb304 -> 
  custom:scripting/precompiled-assembly-types:Unity.AI.Navigation.Editor.ConversionSystem: 27c718e5de2659aeeb663e092dc21158 -> 
  custom:scripting/monoscript/fileName/Ghost.cs: 24df48ed11035b9c3af0b2161962899a -> 
  custom:scripting/monoscript/fileName/NavMeshModifierEditor.cs: b8675d28116f43f78881455a7301fe8c -> 
  custom:container-muxer-webm: aa71ff27fc2769a1b78a27578f13a17b -> 
  custom:video-decoder-webm-vp8: 9c59270c3fd7afecdb556c50c9e8de78 -> 
  custom:scripting/precompiled-assembly-types:Unity.AI.Navigation.Editor: 7eaf38f66973fde07200cf372b24130e -> 
  custom:scripting/monoscript/fileName/HelpUrls.cs: c1a90585e3e9c9d25f58f9141655f24f -> 
  custom:scripting/monoscript/fileName/EditorStyles.cs: 86b9f4d8fe570a8d8295bfc466c975cf -> 
  custom:SearchIndexIgnoredProperties: e643bd26f0fe6173181afceb89e7c659 -> 
  custom:scripting/precompiled-assembly-types:Unity.AI.Navigation.Updater: d2095ddf03fd615830d6dacf5841450d -> 
  custom:scripting/monoscript/fileName/NavMeshLinkEditor.cs: aed8ae070d922149bb2ba3de06889ff6 -> 
  custom:AudioImporter_EditorPlatform: d09bf68614088b80899f8185d706f6e7 -> 
  custom:scripting/monoscript/fileName/NavMeshModifier.cs: 99ae5ed91bb784edc4f8312d7de046da -> 
  custom:scripting/monoscript/fileName/NavMeshSceneConverter.cs: baf486a1c1cdf03a3111dd113d13c2f4 -> 
  custom:scripting/monoscript/fileName/SystemConverterContainer.cs: eb4026ea01a117ce0888f693e9eed2cd -> 
  custom:scripting/monoscript/fileName/NavMeshLink.cs: 0b3d0eeb07ab57d259e8f9365538df09 -> 
  custom:scripting/monoscript/fileName/Enemy.cs: 8448538d4f104f9acda18da16679c4ac -> 
  custom:scripting/monoscript/fileName/ObsoleteNavigationWindowMenuEntry.cs: c7f73386e6473f401a8e4151cac4e1e5 -> 
  custom:scripting/monoscript/fileName/InitializeConverterContext.cs: a97e19589a5774cdc2a34a28caea355f -> 
  custom:scripting/monoscript/fileName/SystemConverter.cs: c748d1769fc66e95256254a1cc1497f3 -> 
  custom:video-encoder-webm-vp8: eb34c28f22e8b96e1ab97ce403110664 -> 
  custom:scripting/monoscript/fileName/Labyrinth.cs: 32051f7884a6750ed1c67dd49efc6ddd -> 
  custom:audio-decoder-ogg-vorbis: bf7c407c2cedff20999df2af8eb42d56 -> 
  custom:scripting/monoscript/fileName/Item.cs: c2b7fc65fe255f985743270ca947d8ec -> 
  custom:scripting/monoscript/fileName/RunItemContext.cs: 338b2243183036c2b60f94c1b5e817c5 -> 
  custom:scripting/monoscript/fileName/Player.cs: 007e2e63cbf915a2b71612a7f593548a -> 
  custom:audio-encoder-webm-vorbis: bf7c407c2cedff20999df2af8eb42d56 -> 
  custom:scripting/monoscript/fileName/Coin.cs: 619f3eee3888c45b850590cb583d64bd -> 
  custom:scripting/precompiled-assembly-types:Assembly-CSharp: 410ae31b56ecef2ff4dd6901e9e7d2a5 -> 
  custom:scripting/monoscript/fileName/SystemConvertersEditor.cs: c127c1335f24b77ca70195bf2136c6a2 -> 
========================================================================
Received Prepare
Caller must complete domain reload
Begin MonoManager ReloadAssembly
- Loaded All Assemblies, in  0.279 seconds
Native extension for WindowsStandalone target not found
Mono: successfully reloaded assembly
- Finished resetting the current domain, in  0.863 seconds
Domain Reload Profiling: 1142ms
	BeginReloadAssembly (96ms)
		ExecutionOrderSort (0ms)
		DisableScriptedObjects (3ms)
		BackupInstance (0ms)
		ReleaseScriptingObjects (0ms)
		CreateAndSetChildDomain (19ms)
	RebuildCommonClasses (22ms)
	RebuildNativeTypeToScriptingClass (8ms)
	initialDomainReloadingComplete (17ms)
	LoadAllAssembliesAndSetupDomain (137ms)
		LoadAssemblies (176ms)
		RebuildTransferFunctionScriptingTraits (0ms)
		AnalyzeDomain (11ms)
			TypeCache.Refresh (6ms)
				TypeCache.ScanAssembly (0ms)
			ScanForSourceGeneratedMonoScriptInfo (0ms)
			ResolveRequiredComponents (3ms)
	FinalizeReload (864ms)
		ReleaseScriptCaches (0ms)
		RebuildScriptCaches (0ms)
		SetupLoadedEditorAssemblies (433ms)
			LogAssemblyErrors (0ms)
			InitializePlatformSupportModulesInManaged (5ms)
			SetLoadedEditorAssemblies (5ms)
			RefreshPlugins (0ms)
			BeforeProcessingInitializeOnLoad (56ms)
			ProcessInitializeOnLoadAttributes (341ms)
			ProcessInitializeOnLoadMethodAttributes (24ms)
			AfterProcessingInitializeOnLoad (2ms)
			EditorAssembliesLoaded (0ms)
		ExecutionOrderSort2 (0ms)
		AwakeInstancesAfterBackupRestoration (8ms)
Refreshing native plugins compatible for Editor in 2.82 ms, found 3 plugins.
Preloading 0 native plugins for Editor in 0.00 ms.
Unloading 3144 Unused Serialized files (Serialized files now loaded: 0)
Unloading 14 unused Assets / (28.5 KB). Loaded Objects now: 3753.
Memory consumption went from 125.6 MB to 125.5 MB.
Total: 2.556100 ms (FindLiveObjects: 0.199600 ms CreateObjectMapping: 0.078200 ms MarkObjects: 2.237700 ms  DeleteObjects: 0.039200 ms)

Prepare: number of updated asset objects reloaded= 0
AssetImportParameters requested are different than current active one (requested -> active):
  custom:scripting/monoscript/fileName/LabyrinthFloor.cs: 7bc7ec44740e702d584c3c395e3ac230 -> 
  custom:scripting/monoscript/fileName/NavMeshSurface.cs: 34aebd278d8d3d5db6b23265b9c700f9 -> 
  custom:scripting/precompiled-assembly-types:Unity.AI.Navigation: 5d8fa505e3253b9a2a456e2c28a1afb3 -> 
  custom:container-demuxer-ogg: 62fdf1f143b41e24485cea50d1cbac27 -> 
  custom:scripting/monoscript/fileName/CoinBank.cs: b794b09a1b79de1dc66b485a0c1f3e65 -> 
  custom:scripting/monoscript/fileName/NavMeshModifierVolumeEditor.cs: 262a50135a116189426aa01c964a744c -> 
  custom:scripting/monoscript/fileName/NavigationOverlay.cs: 2744f4e7946ebbb71339c9b1ce538d00 -> 
  custom:scripting/monoscript/fileName/GameManager.cs: 9933fbcc6190e2a9171c2ec8808a053e -> 
  custom:scripting/monoscript/fileName/ConverterItemDescriptor.cs: 8182050d34c5cb602eb7913435a7abee -> 
  custom:video-codec-MediaFoundation-h265: 746d11721c4dcdbdad8f713fa42b33f4 -> 
  custom:scripting/monoscript/fileName/BuiltInToNavMeshSurfaceConverterContainer.cs: c40a906f9f99ea8a6c5aaa215767017f -> 
  custom:video-decoder-ogg-theora: a1e56fd34408186e4bbccfd4996cb3dc -> 
  custom:framework-win-MediaFoundation: 216162199b28c13a410421893ffa2e32 -> 
  custom:scripting/monoscript/fileName/NavigationWindow.cs: 7884404b71178f59d8819c380b951d7c -> 
  custom:scripting/monoscript/fileName/NavMeshComponentsGUIUtility.cs: 08c52049b94db52661003d42fda4ecff -> 
  custom:scripting/monoscript/fileName/ConverterItemInfo.cs: 9fb131dfa28a9ed6b6d00fd9cf83ece4 -> 
  custom:CustomObjectIndexerAttribute: 9a22284fe3817be447336de3de66b15e -> 
  custom:scripting/monoscript/fileName/Geometry.cs: b17e483d4d82d1ed140086d07c793966 -> 
  custom:scripting/monoscript/fileName/NavMeshAssetManager.cs: 79eb4858c2054289cd611249ab36b0a5 -> 
  custom:scripting/monoscript/fileName/Cherry.cs: f6b64806f9b1c9f1e2e6f42014a4c25c -> 
  custom:scripting/monoscript/fileName/NavMeshSurfaceEditor.cs: adb1294e971eab992abc2e3e7e051565 -> 
  custom:container-demuxer-webm: 4f35f7cbe854078d1ac9338744f61a02 -> 
  custom:scripting/monoscript/fileName/NavMeshModifierVolume.cs: 8dc531216c72b86c60b86e16ff3da10b -> 
  custom:scripting/monoscript/fileName/NavMeshUpdaterUtility.cs: 5eb03802e6dba19b3e13aaf384805cac -> 
  custom:scripting/monoscript/fileName/NavigationPreferences.cs: ada9399a4f085d4c824cc06527e7fcae -> 
  custom:scripting/monoscript/fileName/NavMeshUpdaterEditor.cs: 169704080eda430978bba61ddedeb304 -> 
  custom:scripting/precompiled-assembly-types:Unity.AI.Navigation.Editor.ConversionSystem: 27c718e5de2659aeeb663e092dc21158 -> 
  custom:scripting/monoscript/fileName/Ghost.cs: 24df48ed11035b9c3af0b2161962899a -> 
  custom:scripting/monoscript/fileName/NavMeshModifierEditor.cs: b8675d28116f43f78881455a7301fe8c -> 
  custom:container-muxer-webm: aa71ff27fc2769a1b78a27578f13a17b -> 
  custom:video-decoder-webm-vp8: 9c59270c3fd7afecdb556c50c9e8de78 -> 
  custom:scripting/precompiled-assembly-types:Unity.AI.Navigation.Editor: 7eaf38f66973fde07200cf372b24130e -> 
  custom:scripting/monoscript/fileName/HelpUrls.cs: c1a90585e3e9c9d25f58f9141655f24f -> 
  custom:scripting/monoscript/fileName/EditorStyles.cs: 86b9f4d8fe570a8d8295bfc466c975cf -> 
  custom:SearchIndexIgnoredProperties: e643bd26f0fe6173181afceb89e7c659 -> 
  custom:scripting/precompiled-assembly-types:Unity.AI.Navigation.Updater: d2095ddf03fd615830d6dacf5841450d -> 
  custom:scripting/monoscript/fileName/NavMeshLinkEditor.cs: aed8ae070d922149bb2ba3de06889ff6 -> 
  custom:AudioImporter_EditorPlatform: d09bf68614088b80899f8185d706f6e7 -> 
  custom:scripting/monoscript/fileName/NavMeshModifier.cs: 99ae5ed91bb784edc4f8312d7de046da -> 
  custom:scripting/monoscript/fileName/NavMeshSceneConverter.cs: baf486a1c1cdf03a3111dd113d13c2f4 -> 
  custom:scripting/monoscript/fileName/SystemConverterContainer.cs: eb4026ea01a117ce0888f693e9eed2cd -> 
  custom:scripting/monoscript/fileName/NavMeshLink.cs: 0b3d0eeb07ab57d259e8f9365538df09 -> 
  custom:scripting/monoscript/fileName/Enemy.cs: 8448538d4f104f9acda18da16679c4ac -> 
  custom:scripting/monoscript/fileName/ObsoleteNavigationWindowMenuEntry.cs: c7f73386e6473f401a8e4151cac4e1e5 -> 
  custom:scripting/monoscript/fileName/InitializeConverterContext.cs: a97e19589a5774cdc2a34a28caea355f -> 
  custom:scripting/monoscript/fileName/SystemConverter.cs: c748d1769fc66e95256254a1cc1497f3 -> 
  custom:video-encoder-webm-vp8: eb34c28f22e8b96e1ab97ce403110664 -> 
  custom:scripting/monoscript/fileName/Labyrinth.cs: 32051f7884a6750ed1c67dd49efc6ddd -> 
  custom:audio-decoder-ogg-vorbis: bf7c407c2cedff20999df2af8eb42d56 -> 
  custom:scripting/monoscript/fileName/Item.cs: c2b7fc65fe255f985743270ca947d8ec -> 
  custom:scripting/monoscript/fileName/RunItemContext.cs: 338b2243183036c2b60f94c1b5e817c5 -> 
  custom:scripting/monoscript/fileName/Player.cs: 007e2e63cbf915a2b71612a7f593548a -> 
  custom:audio-encoder-webm-vorbis: bf7c407c2cedff20999df2af8eb42d56 -> 
  custom:scripting/monoscript/fileName/Coin.cs: 619f3eee3888c45b850590cb583d64bd -> 
  custom:scripting/precompiled-assembly-types:Assembly-CSharp: 410ae31b56ecef2ff4dd6901e9e7d2a5 -> 
  custom:scripting/monoscript/fileName/SystemConvertersEditor.cs: c127c1335f24b77ca70195bf2136c6a2 -> 
