# Object Export From Tinkercad Server 2015

mtllib obj.mtl

o obj_0
v 1.958 		-19.9 		8.333
v 3.899 		-19.612 		8.333
v 14.1417 		14.1463 		0.0035
v 14.142 		14.146 		0.0035
v -3.903 		-19.612 		8.333
v -1.962 		-19.9 		8.333
v -0.002 		-19.996 		8.333
v 14.1414 		14.1466 		0.0036
v 14.1411 		14.1469 		0.0036
v 14.1407 		14.1472 		0.0038
v 14.1404 		14.1475 		0.0039
v 1.587 		-12.068 		46.556
v 14.14 		14.1478 		0.0041
v 14.1395 		14.1482 		0.0044
v 3.149 		-11.757 		46.556
v 14.139 		14.1487 		0.0048
v 14.1384 		14.1493 		0.0053
v 7.3565 		-17.7636 		6.4087
v 7.3565 		-17.7634 		6.4087
v 14.1376 		14.15 		0.0059
v 7.0686 		-17.0677 		6.3779
v 7.0684 		-17.0673 		6.3779
v 14.1366 		14.1509 		0.0069
v 14.1352 		14.1522 		0.0083
v 7.652 		-18.478 		6.503
v 7.6509 		-18.4735 		6.5027
v 7.6511 		-18.4739 		6.5028
v 14.1331 		14.1541 		0.0105
v 14.1293 		14.1575 		0.0145
v 14.1207 		14.1653 		0.024
v 14.1435 		14.1444 		0.0039
v 14.1432 		14.1447 		0.0038
v 14.1429 		14.1451 		0.0036
v 14.1426 		14.1454 		0.0036
v 14.1423 		14.1457 		0.0035
v 7.6526 		-18.4777 		6.5036
v 11.087 		-16.6434 		3.2901
v 9.427 		-17.638 		4.897
v 19.616 		3.904 		3.2674
v 19.6089 		3.9321 		3.2911
v 14.1613 		14.1247 		0.024
v 14.1535 		14.1333 		0.0145
v 14.1501 		14.1371 		0.0105
v 19.904 		1.963 		1.638
v 1.844 		-14.018 		45.118
v 3.658 		-13.657 		45.118
v 14.1482 		14.1392 		0.0083
v 14.1469 		14.1406 		0.0069
v 14.146 		14.1416 		0.0059
v 14.1453 		14.1424 		0.0053
v 14.1447 		14.143 		0.0048
v 14.1442 		14.1435 		0.0044
v 14.139 		14.143 		0
v -15.8506 		-12.1594 		33.0692
v -15.867 		-12.172 		33.333
v -15.7002 		-12.3623 		33.333
v -15.7674 		-12.2716 		33.2156
v -13.527 		-14.6974 		33.077
v -13.435 		-13.435 		33.2021
v -13.527 		-13.3334 		33.077
v -13.7131 		-13.128 		32.768
v -12.053 		-14.687 		34.6983
v -12.113 		-14.6326 		34.654
v -12.626 		-14.1679 		34.186
v -13.099 		-13.7394 		33.659
v -10.556 		-15.798 		35.5842
v -10.989 		-15.4766 		35.393
v -11.566 		-15.0484 		35.058
v -9.5789 		-16.384 		35.8838
v -9.77 		-16.2694 		35.849
v -10.389 		-15.8982 		35.658
v 2.069 		-15.728 		43.479
v 4.104 		-15.323 		43.479
v -12.626 		-15.3797 		34.186
v -12.7667 		-15.2726 		34.0293
v -12.113 		-15.7809 		34.654
v -12.1129 		-15.781 		34.6541
v 2.259 		-17.169 		41.667
v -11.566 		-16.1086 		35.058
v -11.6111 		-16.0816 		35.0247
v 2.41 		-18.316 		39.711
v 2.519 		-19.149 		37.647
v -4.484 		-16.727 		41.667
v 14.1438 		14.144 		0.0041
v 19.996 		0.0837 		0.0681
v 0.339 		2.59 		49.857
v 2.586 		-19.655 		35.509
v 3.658 		3.662 		49.432
v 11.111 		-16.629 		3.2672
v 2.608 		0.002 		49.857
v 2.586 		0.343 		49.857
v 5.804 		-19.139 		8.333
v 2.519 		0.678 		49.857
v 7.652 		-18.478 		8.333
v 2.41 		1.001 		49.857
v 2.259 		1.307 		49.857
v 2.069 		1.591 		49.857
v 9.427 		-17.638 		8.333
v 1.958 		-19.9 		33.333
v 11.111 		-16.629 		8.333
v 2.608 		-19.825 		33.333
v 2.3492 		-19.842 		33.333
v 3.6597 		-19.6475 		33.333
v -7.072 		-17.067 		39.711
v 3.471 		-19.6755 		33.077
v -4.784 		-17.844 		39.711
v -7.394 		-17.844 		37.647
v -5.001 		-18.656 		37.647
v 3.6597 		-19.616 		33.333
v 3.0337 		-19.7404 		33.333
v 1.844 		1.848 		49.857
v 3.9 		-19.5421 		33.659
v -7.5527 		-18.2281 		35.9073
v -8.0402 		-17.9698 		35.9748
v -7.864 		-18.0595 		35.964
v 2.6053 		-19.804 		33.0638
v -7.233 		-18.3512 		35.849
v -6.614 		-18.6093 		35.658
v -6.2761 		-18.7615 		35.509
v 2.7872 		-19.777 		33.1784
v -5.134 		-19.149 		35.509
v 3.707 		-18.635 		33.3972
v 3.471 		-18.67 		33.077
v 3.2849 		-18.6977 		32.768
v 4.14 		-18.5265 		33.927
v 3.9 		-18.5866 		33.659
v 3.9642 		-19.6047 		30
v -5.1474 		-19.1997 		34.8449
v 3.903 		-19.62 		29.8313
v -6.013 		-18.8604 		35.393
v 3.8088 		-19.634 		29.5873
v -5.436 		-19.084 		35.058
v 3.7243 		-19.6465 		29.368
v 3.5754 		-19.6686 		28.695
v 3.6491 		-19.6576 		29.0272
v -4.889 		-19.2664 		34.654
v -4.376 		-19.4059 		34.186
v 2.027 		-19.8898 		28.784
v 2.12 		-19.876 		29.561
v 2.275 		-19.853 		30.323
v 2.49 		-19.8211 		31.062
v 2.763 		-19.7806 		31.772
v 3.091 		-19.7319 		32.446
v -7.271 		-17.554 		35.8559
v -7.864 		-17.2737 		35.964
v -8.192 		-17.1186 		35.9841
v -5.515 		-18.182 		35.1039
v -6.013 		-18.0039 		35.393
v -6.614 		-17.789 		35.658
v -7.233 		-17.5676 		35.849
v -4.144 		-18.5255 		33.927
v -4.376 		-18.4674 		34.186
v -4.889 		-18.3388 		34.654
v -5.436 		-18.2018 		35.058
v 4.01 		-19.5932 		30.0842
v 3.441 		-19.477 		28.695
v -9.66 		-16.727 		37.647
v -10.7264 		-16.627 		35.509
v -10.389 		-16.8096 		35.658
v -10.1163 		-16.9677 		35.7421
v -9.8784 		-17.1056 		35.8155
v -9.77 		-17.1502 		35.849
v -9.138 		-17.4313 		35.964
v -8.501 		-17.7351 		36.003
v -10.989 		-16.4625 		35.393
v -0.002 		10.001 		8.333
v 2.586 		4.484 		49.432
v 3.559 		-19.41 		29.368
v 1.979 		4.784 		49.432
v 1.338 		5.001 		49.432
v 0.674 		5.134 		49.432
v 3.824 		9.24 		47.767
v 2.586 		9.66 		47.767
v 1.303 		9.915 		47.767
v 3.824 		6.63 		48.731
v 2.927 		7.072 		48.731
v 3.75 		-19.299 		30
v 1.979 		7.394 		48.731
v 0.997 		7.589 		48.731
v 3.224 		-19.01 		28.695
v -0.002 		5.178 		49.432
v -0.678 		5.134 		49.432
v -1.342 		5.001 		49.432
v 19.996 		0.002 		0
v 14.0782 		14.2038 		0.0717
v 19.9999 		0.0004 		0.0035
v 19.9999 		0.0008 		0.0034
v 20 		0.0012 		0.0034
v 20 		0.0016 		0.0033
v 20 		0.002 		0.0033
v 20 		0.0024 		0.0033
v 20 		0.0028 		0.0034
v 19.9999 		0.0032 		0.0034
v 19.9999 		0.0036 		0.0035
v 19.9999 		0.0041 		0.0037
v 19.9999 		0.0046 		0.0039
v 19.9998 		0.0052 		0.0041
v 19.9998 		0.0058 		0.0045
v 19.9998 		0.0066 		0.005
v 19.9997 		0.0076 		0.0056
v 19.9997 		0.0089 		0.0065
v 19.9996 		0.0106 		0.0078
v 19.9994 		0.0134 		0.0099
v 19.9992 		0.0181 		0.0137
v 19.9987 		0.0291 		0.0227
v 7.41 		-18.513 		31.464
v 7.3786 		-18.58 		31.464
v 7.487 		-18.5412 		31.3873
v 7.655 		-18.481 		31.2497
v 6.178 		-18.49 		31.939
v 6.26 		-18.451 		31.939
v 6.786 		-18.66 		31.759
v 6.889 		-18.513 		31.759
v 5.74 		-18.451 		31.939
v 5.822 		-18.49 		31.939
v 5.91 		-18.513 		31.939
v 6 		-18.521 		31.939
v 6.09 		-18.513 		31.939
v 10.758 		3.828 		8.333
v 10.428 		2.905 		8.333
v 10.189 		1.953 		8.333
v 10.045 		0.982 		8.333
v 9.997 		0.002 		8.333
v 19.616 		-3.9 		8.333
v 19.904 		-1.959 		8.333
v -8.957 		-16.757 		35.9751
v -9.138 		-16.6484 		35.964
v 5.214 		-18.66 		31.759
v -8.501 		-16.9726 		36.003
v -1.983 		4.784 		49.432
v -2.59 		4.484 		49.432
v -16.731 		-4.48 		41.667
v -17.848 		-4.78 		39.711
v -17.071 		-7.068 		39.711
v -1.307 		9.915 		47.767
v -18.66 		-4.998 		37.647
v -0.002 		10.001 		47.767
v -2.59 		9.66 		47.767
v -17.848 		-7.39 		37.647
v -3.828 		9.24 		47.767
v -19.153 		-5.13 		35.509
v -18.32 		-7.585 		35.509
v -19.319 		-5.174 		33.333
v -19.4051 		-4.741 		33.333
v -0.002 		7.655 		48.731
v -1.001 		7.589 		48.731
v -19.139 		-5.803 		33.333
v -18.478 		-7.651 		33.333
v -19.2335 		-5.4259 		33.333
v -1.983 		7.394 		48.731
v -2.931 		7.072 		48.731
v -3.828 		6.63 		48.731
v -19.298 		-5.1684 		33.0575
v -19.2623 		-5.3109 		33.2095
v -16.731 		-9.656 		37.647
v -17.173 		-9.911 		35.509
v -17.639 		-9.425 		33.333
v -17.4366 		-9.7626 		33.333
v -17.321 		-9.997 		33.333
v -17.0794 		-10.3584 		33.333
v -16.63 		-11.108 		33.333
v 3.899 		19.616 		8.333
v 1.958 		19.904 		8.333
v -0.002 		20 		8.333
v -1.962 		19.904 		8.333
v -3.903 		19.616 		8.333
v -17.3025 		-9.9863 		33.0613
v 2.259 		17.173 		41.667
v -17.207 		-10.1456 		33.1769
v -14.972 		-13.2245 		28.784
v -14.878 		-13.3282 		29.561
v 2.41 		18.32 		39.711
v -14.723 		-13.4992 		30.323
v 2.519 		19.153 		37.647
v -4.376 		-19.4935 		21.814
v 2.586 		19.659 		35.509
v -4.144 		-18.5255 		22.073
v -4.376 		-18.4674 		21.814
v -4.889 		-19.365 		21.346
v -4.889 		-18.3388 		21.346
v -5.436 		-19.2279 		20.942
v -5.436 		-18.2018 		20.942
v -6.013 		-19.0613 		20.607
v -5.807 		-19.135 		20.7266
v -5.515 		-18.182 		20.8961
v -6.013 		-18.0039 		20.607
v -6.614 		-18.8463 		20.342
v 5.111 		-18.513 		31.759
v -6.614 		-17.789 		20.342
v -7.233 		-18.6249 		20.151
v 4.59 		-18.513 		31.464
v -7.233 		-17.5676 		20.151
v -7.864 		-18.3752 		20.036
v -7.655 		-18.474 		20.0741
v 4.701 		-18.75 		31.464
v -7.271 		-17.554 		20.1441
v -7.864 		-17.2737 		20.036
v -8.192 		-17.1186 		20.0164
v -11.112 		-16.626 		20.6784
v 4.188 		-18.66 		31.064
v -9.429 		-17.635 		20.089
v -9.77 		-17.4306 		20.151
v -10.389 		-17.0595 		20.342
v -10.989 		-16.6997 		20.607
v -8.3785 		-18.139 		30.395
v -8.5948 		-18.0368 		30
v -8.6726 		-18 		29.7866
v -8.6089 		-18.0301 		29.9612
v 7.9463 		-18.3433 		25
v 7.899 		-18.335 		24.936
v 7.9129 		-18.3591 		24.9623
v -8.7877 		-17.9456 		29.4442
v -8.8132 		-17.9336 		29.368
v 7.8896 		-18.3701 		24.936
v 8.1395 		-18.252 		25.2473
v -8.943 		-17.8722 		28.695
v -8.9128 		-17.8865 		28.8509
v -8.9749 		-17.8571 		28.1936
v -8.9869 		-17.8514 		28
v -8.943 		-17.8722 		27.305
v -8.954 		-17.867 		27.4824
v -8.8324 		-17.9245 		26.7311
v 7.487 		-18.5412 		24.6127
v -8.8132 		-17.9336 		26.632
v 7.4366 		-18.5592 		24.577
v 7.6601 		-18.4786 		24.7546
v 7.655 		-18.481 		24.7506
v -8.6726 		-18 		26.2134
v -8.5948 		-18.0368 		26
v -8.2818 		-18.1847 		25.429
v -8.5489 		-18.0585 		25.9163
v 4.188 		-18.66 		24.936
v -8.501 		-18.0739 		19.998
v -9.138 		-17.7726 		20.036
v -9.5789 		-16.384 		20.1162
v -9.138 		-16.6484 		20.036
v -9.0427 		-16.7056 		20.0303
v 7.5 		-18 		31.464
v 7.477 		-17.74 		31.464
v 7.928 		-18 		31.064
v 7.899 		-17.665 		31.064
v -8.598 		-18 		30
v 7.01 		-17.822 		31.759
v 7.026 		-18 		31.759
v -8.598 		-18 		26
v 6.49 		-18.178 		31.939
v 6.513 		-18.09 		31.939
v -8.91 		-17.487 		27.305
v 6.521 		-18 		31.939
v -8.776 		-17.51 		26.632
v -8.298 		-18 		25.429
v 3.899 		19.616 		33.333
v 3.0337 		19.7444 		33.333
v 2.608 		19.829 		33.333
v 1.958 		19.904 		33.333
v 2.3492 		19.846 		33.333
v 2.6053 		19.808 		33.0638
v 2.4635 		19.829 		33.2126
v 19.6089 		-3.9281 		3.2911
v 19.616 		-3.9 		3.2674
v 19.904 		-1.959 		1.638
v 4.01 		-19.149 		30.571
v 3.559 		-18.889 		30
v 19.996 		-0.0797 		0.0681
v 3.351 		-18.964 		29.368
v -14.508 		-13.7363 		31.062
v -14.235 		-14.0375 		31.772
v -14.143 		-14.139 		31.961
v -13.907 		-14.3529 		32.446
v 3.84 		-18.786 		30.571
v -14.687 		-12.053 		30.4467
v -14.723 		-12.0045 		30.323
v -14.878 		-11.7956 		29.561
v -14.972 		-11.669 		28.784
v -14.9764 		-11.663 		28.672
v -13.907 		-12.914 		32.446
v -14.235 		-12.5519 		31.772
v -14.508 		-12.2506 		31.062
v -14.9766 		-11.6628 		27.3319
v -14.972 		-11.669 		27.216
v -14.878 		-11.7956 		26.439
v -14.723 		-12.0045 		25.677
v -14.687 		-12.053 		25.5533
v -14.508 		-12.2506 		24.938
v -14.4741 		-12.288 		24.8498
v -14.996 		-11.6367 		28.1781
v -15.003 		-11.6272 		28
v -14.9946 		-11.6385 		28.2128
v -14.9946 		-11.6386 		28.2133
v 8.584 		5.829 		8.333
v -15.003 		-13.1903 		28
v -14.508 		-13.7363 		24.938
v -14.723 		-13.4992 		25.677
v -14.878 		-13.3282 		26.439
v -14.972 		-13.2245 		27.216
v -14.3688 		-12.4042 		24.576
v -14.143 		-14.139 		24.039
v -14.235 		-14.0375 		24.228
v 19.9987 		-0.0251 		0.0227
v -12.689 		-15.457 		21.8842
v -13.099 		-15.0853 		22.341
v -13.527 		-14.6974 		22.923
v -13.907 		-14.3529 		23.554
v 19.9992 		-0.0141 		0.0137
v 19.9994 		-0.0094 		0.0099
v -11.566 		-16.2895 		20.942
v -12.113 		-15.884 		21.346
v 19.9996 		-0.0066 		0.0078
v -12.626 		-15.5037 		21.814
v 19.9997 		-0.0049 		0.0065
v 19.9997 		-0.0036 		0.0056
v -14.235 		-12.5519 		24.228
v 19.9998 		-0.0026 		0.005
v -13.907 		-12.914 		23.554
v -13.527 		-13.3334 		22.923
v -13.435 		-13.435 		22.7979
v -13.099 		-13.7394 		22.341
v -12.626 		-14.1679 		21.814
v -12.113 		-14.6326 		21.346
v 19.9998 		-0.0018 		0.0045
v -12.053 		-14.687 		21.3017
v -11.566 		-15.0484 		20.942
v -10.989 		-15.4766 		20.607
v -10.556 		-15.798 		20.4158
v 19.9998 		-0.0012 		0.0041
v -10.389 		-15.8982 		20.342
v -9.77 		-16.2694 		20.151
v 19.9999 		-0.0006 		0.0039
v 19.9999 		-0.0001 		0.0037
v -8.9667 		-16.7512 		20.0258
v -8.2818 		-18.1847 		30.571
v -8.957 		-16.757 		20.0252
v -8.501 		-16.9726 		19.998
v -8.298 		-18 		30.571
v 10.045 		-0.978 		8.333
v 9.425 		5.324 		8.333
v 10.312 		4.905 		8.333
v -3.153 		4.108 		49.432
v 11.1293 		4.6122 		8.333
v 11.2646 		4.6682 		8.251
v -0.002 		2.612 		49.857
v -0.343 		2.59 		49.857
v -0.678 		2.523 		49.857
v -1.001 		2.414 		49.857
v -1.307 		2.263 		49.857
v -1.591 		2.073 		49.857
v 12.3428 		5.1155 		7.6707
v 12.3431 		5.1156 		7.6706
v 11.2651 		4.6684 		8.2507
v 13.2883 		5.5069 		7.2319
v 13.2885 		5.507 		7.2318
v -3.662 		3.662 		49.432
v 14.1388 		5.8592 		6.9036
v 14.139 		5.8593 		6.9035
v 14.9227 		6.1839 		6.665
v 14.9228 		6.1839 		6.6649
v -1.848 		1.848 		49.857
v 15.6607 		6.4898 		6.5029
v 15.661 		6.49 		6.5028
v 16.3709 		6.7836 		6.4088
v 16.3713 		6.7838 		6.4088
v 3.6481 		-18.6437 		30.2858
v 3.4989 		-18.6659 		30
v 3.4975 		-18.6661 		29.9959
v 3.707 		-18.635 		30.3992
v 3.4007 		-18.6805 		29.7173
v 3.3934 		-18.6816 		29.696
v 3.2798 		-18.6984 		29.368
v 3.224 		-18.7067 		29.0875
v 3.1454 		-18.7184 		28.695
v 3.658 		13.661 		45.118
v 3.1451 		-18.7184 		28.6915
v 1.844 		14.022 		45.118
v 3.1439 		-18.7186 		28.672
v 3 		-18.74 		32.259
v 2.763 		-18.7752 		31.772
v 2.49 		-18.8157 		31.062
v 2.275 		-18.8477 		30.323
v 2.12 		-18.8707 		29.561
v 2.027 		-18.8845 		28.784
v 2.0224 		-18.8852 		28.672
v 3.091 		-18.7265 		32.446
v 3.149 		11.761 		46.556
v 1.587 		12.072 		46.556
v 4.14 		-18.5265 		31.0482
v 4.096 		-18.5375 		30.9875
v 3.9648 		-18.5704 		30.8067
v 3.902 		-18.5861 		30.72
v 4.104 		15.327 		43.479
v 3.794 		-18.6132 		30.571
v 2.069 		15.732 		43.479
v -0.002 		17.321 		41.667
v -2.263 		17.173 		41.667
v -0.002 		18.478 		39.711
v -2.414 		18.32 		39.711
v 3.5537 		-19.6718 		28.3948
v 3.5254 		-19.676 		28
v 3.5471 		-19.6728 		27.699
v 3.5754 		-19.6686 		27.305
v -0.002 		19.319 		37.647
v -2.523 		19.153 		37.647
v 3.6551 		-19.6568 		26.9439
v 3.7243 		-19.6465 		26.632
v 3.9642 		-19.6047 		26
v 3.9171 		-19.6165 		26.1301
v 3.903 		-19.62 		26.1691
v -2.59 		19.659 		35.509
v -0.002 		19.829 		35.509
v 1.995 		-19.8945 		28
v 2.49 		-19.8211 		24.938
v 2.275 		-19.853 		25.677
v 2.12 		-19.876 		26.439
v 2.027 		-19.8898 		27.216
v -1.962 		19.904 		33.333
v -2.612 		19.829 		33.333
v -0.002 		20 		33.333
v -2.3532 		19.846 		33.333
v -3.903 		19.616 		33.333
v -3.0377 		19.7444 		33.333
v 6.7798 		16.3753 		6.4088
v 6.7796 		16.3749 		6.4088
v -2.6093 		19.808 		33.0638
v -2.7912 		19.781 		33.1784
v -0.002 		14.143 		45.118
v -1.848 		14.022 		45.118
v 6.486 		15.665 		6.5028
v 6.4858 		15.6647 		6.5029
v -3.662 		13.661 		45.118
v 6.1799 		14.9268 		6.6649
v -1.591 		12.072 		46.556
v -0.002 		12.176 		46.556
v -3.153 		11.761 		46.556
v 6.1799 		14.9267 		6.665
v 5.8553 		14.143 		6.9035
v 5.8552 		14.1428 		6.9036
v 5.503 		13.2925 		7.2318
v -8.91 		-17.487 		28.695
v 5.5029 		13.2923 		7.2319
v 5.1116 		12.3471 		7.6706
v 4.6644 		11.2691 		8.2507
v 4.6642 		11.2686 		8.251
v -8.954 		-17.479 		28
v 5.1115 		12.3468 		7.6707
v 4.6082 		11.1333 		8.333
v 4.901 		10.316 		8.333
v 5.32 		9.429 		8.333
v -8.559 		-17.549 		26
v 5.825 		8.588 		8.333
v 6.409 		7.799 		8.333
v 7.068 		7.072 		8.333
v 7.795 		6.413 		8.333
v -8.263 		-17.601 		25.429
v -5.807 		19.139 		8.333
v -7.655 		18.478 		8.333
v -9.429 		17.639 		8.333
v -11.112 		16.63 		8.333
v -12.689 		15.461 		8.333
v -14.143 		14.143 		8.333
v -15.461 		12.689 		8.333
v -16.63 		11.112 		8.333
v -17.639 		9.429 		8.333
v -18.478 		7.655 		8.333
v -19.139 		5.807 		8.333
v -4.484 		16.731 		41.667
v -4.784 		17.848 		39.711
v -7.072 		17.071 		39.711
v -5.001 		18.66 		37.647
v -7.394 		17.848 		37.647
v -5.134 		19.153 		35.509
v 10.189 		-1.949 		8.333
v 10.428 		-2.901 		8.333
v 10.758 		-3.824 		8.333
v 5.803 		-19.135 		8.333
v -5.036 		-19.149 		31.464
v 7.651 		-18.474 		8.333
v 9.425 		-17.635 		8.333
v -8.957 		-16.757 		24.576
v 11.108 		-16.626 		8.333
v -4.8364 		-19.3861 		31.1748
v 12.685 		-15.457 		8.333
v -4.523 		-19.24 		31.064
v 14.139 		-14.139 		8.333
v 15.457 		-12.685 		8.333
v -4.7027 		-19.4197 		31.064
v 16.626 		-11.108 		8.333
v -8.776 		-17.51 		29.368
v 17.635 		-9.425 		8.333
v 18.474 		-7.651 		8.333
v 19.135 		-5.803 		8.333
v 16.727 		-4.48 		41.667
v -6 		-19.026 		31.759
v -5.822 		-19.01 		31.759
v -8.776 		-16.99 		27.305
v -6 		-19.0739 		31.7292
v -5.9652 		-19.0863 		31.7195
v -5.807 		-19.143 		31.6755
v -5.7983 		-19.1452 		31.6736
v -5.5617 		-19.2045 		31.5999
v -8.649 		-17.036 		26.632
v -5.685 		-19.1736 		31.6384
v -5.2779 		-19.2755 		31.4847
v -5.2611 		-19.2798 		31.4778
v -5.2327 		-19.2869 		31.464
v -8.441 		-17.111 		26
v 5.5122 		-18.1827 		31.939
v 5.549 		-18.26 		31.939
v 5.515 		-18.182 		31.9393
v 5.601 		-18.335 		31.939
v 5.1853 		-18.2646 		31.8186
v 5.12 		-18.281 		31.7945
v 5.4641 		-18.1948 		31.9216
v 5.5011 		-18.1855 		31.935
v 5.0238 		-18.3051 		31.759
v -4.2868 		-19.5238 		30.571
v 5.036 		-18.351 		31.759
v -4.24 		-19.477 		30.571
v 5.0235 		-18.3051 		31.7588
v -0.002 		0.002 		50
v 5.0005 		-18.3109 		31.744
v 4.7591 		-18.3714 		31.5887
v 4.5654 		-18.4199 		31.464
v -6.178 		-19.01 		31.759
v -6.1791 		-19.0097 		31.759
v 4.5172 		-18.432 		31.4174
v -6.178 		-19.0101 		31.7589
v -6.178 		-19.0101 		31.7589
v 4.3422 		-18.4758 		31.2482
v 4.1515 		-18.5236 		31.064
v 4.1506 		-18.5238 		31.0628
v 7.928 		-18 		24.936
v 7.899 		-17.665 		24.936
v -4.523 		-19.24 		24.936
v -4.7027 		-19.4197 		24.936
v -5.036 		-19.3362 		24.6797
v -4.8364 		-19.3861 		24.8252
v 4.5172 		-18.432 		24.5825
v 4.5239 		-18.4303 		24.576
v 4.1515 		-18.5236 		24.936
v 4.14 		-18.5265 		24.9519
v 4.1522 		-18.5235 		24.9354
v 4.4285 		-18.4542 		24.6681
v -4.2868 		-19.5238 		25.429
v -4.24 		-19.477 		25.429
v -8.1395 		-18.252 		30.7527
v -7.477 		-18.26 		31.464
v -7.928 		-18 		31.064
v 7.271 		-17.554 		31.5586
v 7.168 		-17.5908 		31.6266
v -2.073 		15.732 		43.479
v -0.002 		15.867 		43.479
v -4.108 		15.327 		43.479
v 6.9676 		-17.6625 		31.759
v 6.8971 		-17.6877 		31.7857
v 6.9677 		-17.6625 		31.7589
v 6.656 		-17.7739 		31.8771
v 6.9903 		-17.6544 		31.744
v 6.513 		-17.91 		31.939
v 6.4927 		-17.8323 		31.939
v 6.2476 		-17.92 		31.9695
v 6.144 		-17.9571 		31.9824
v 3.9 		19.62 		8.333
v 1.959 		19.908 		8.333
v -0.002 		20.004 		8.333
v -1.963 		19.908 		8.333
v -3.904 		19.62 		8.333
v 6.016 		-18.0028 		31.9981
v 6.016 		-18.0028 		31.9981
v -3.828 		10.762 		8.333
v 6.0239 		-18 		31.9972
v -2.905 		10.432 		8.333
v -1.953 		10.193 		8.333
v 6.0469 		-17.9918 		31.9944
v -0.982 		10.049 		8.333
v 5.9609 		-18.0225 		31.9947
v 5.952 		-18.0257 		31.9936
v 0.978 		10.049 		8.333
v 5.9823 		-18.0149 		31.9973
v 1.949 		10.193 		8.333
v 2.901 		10.432 		8.333
v 5.9897 		-18.0122 		31.9981
v 3.824 		10.762 		8.333
v 5.9938 		-18.0108 		31.9985
v 5.9964 		-18.0098 		31.9988
v 5.9984 		-18.0091 		31.9989
v 6 		-18.0085 		31.999
v 6.0014 		-18.008 		31.999
v 6.0027 		-18.0076 		31.9991
v 6.0041 		-18.0071 		31.999
v 6.0055 		-18.0066 		31.999
v 6.0071 		-18.006 		31.9989
v 6.0092 		-18.0053 		31.9988
v 6.0119 		-18.0043 		31.9985
v 5.8897 		-18.048 		31.9859
v 5.888 		-18.0486 		31.9857
v 5.632 		-18.1402 		31.9539
v 3.9281 		19.6129 		3.2911
v 3.9 		19.62 		3.2674
v -7.899 		-18.335 		31.064
v -7.8896 		-18.3701 		31.064
v -7.9463 		-18.3433 		31
v -7.9129 		-18.3591 		31.0377
v 1.959 		19.908 		1.638
v -6.786 		-18.66 		31.759
v -6.66 		-18.786 		31.759
v -6.513 		-18.889 		31.759
v -6.5026 		-18.8938 		31.759
v -6.3484 		-18.9491 		31.7642
v -6.5135 		-18.8899 		31.7583
v -6.513 		-18.8901 		31.7584
v -6.3459 		-18.95 		31.7643
v -7.1479 		-18.6627 		31.5727
v -7.0048 		-18.7139 		31.6276
v -6.8966 		-18.7527 		31.6691
v -6.6931 		-18.8256 		31.7268
v -6.6685 		-18.8344 		31.7312
v -7.41 		-18.513 		31.464
v -7.3786 		-18.58 		31.464
v -7.2077 		-18.6412 		31.5444
v -8.7209 		-16.8686 		27.324
v -8.7198 		-16.8691 		27.305
v -8.7196 		-16.8692 		27.3037
v -8.6274 		-16.9128 		26.7936
v -7.6601 		-18.4786 		31.2454
v -8.598 		-16.9267 		26.632
v -8.5955 		-16.9279 		26.624
v -8.441 		-17.0009 		26.1335
v -8.399 		-17.0208 		26
v -7.655 		-18.481 		31.2494
v -7.487 		-18.5412 		31.3873
v -8.3989 		-17.0208 		25.9998
v -7.4366 		-18.5592 		31.423
v -8.192 		-17.1186 		25.5617
v -2.073 		1.591 		49.857
v -2.263 		1.307 		49.857
v -2.414 		1.001 		49.857
v -2.523 		0.678 		49.857
v 3.181 		-19.026 		28
v -2.59 		0.343 		49.857
v -2.612 		0.002 		49.857
v 3.402 		-19.5 		28
v -4.108 		3.153 		49.432
v 3.224 		-19.01 		27.305
v 3.441 		-19.477 		27.305
v 3.559 		-19.41 		26.632
v 4.104 		-3.149 		49.432
v 3.75 		-19.299 		26
v 4.01 		-19.149 		25.429
v -8.263 		-17.601 		30.571
v -8.559 		-17.549 		30
v 3.351 		-18.964 		26.632
v -8.441 		-17.111 		30
v 3.559 		-18.889 		26
v -8.649 		-17.036 		29.368
v -8.776 		-16.99 		28.695
v 3.1051 		-18.7244 		28.0712
v 3.1006 		-18.7251 		28
v 3.1193 		-18.7223 		27.7139
v 3.1235 		-18.7217 		27.648
v -8.819 		-16.974 		28
v 3.1454 		-18.7184 		27.305
v 3.1463 		-18.7183 		27.3002
v 3.2038 		-18.7097 		27.0114
v 3.2798 		-18.6984 		26.632
v 3.2826 		-18.698 		26.624
v 3.3858 		-18.6827 		26.3268
v 3.4989 		-18.6659 		26
v 3.4998 		-18.6658 		25.9982
v 3.84 		-18.786 		25.429
v 3.6672 		-18.6409 		25.6763
v 3.707 		-18.635 		25.6
v -8.3361 		-17.0505 		30.1328
v -8.399 		-17.0208 		30
v -8.3993 		-17.0206 		29.9988
v -8.192 		-17.1186 		30.438
v -8.4947 		-16.9755 		29.696
v -8.5473 		-16.9507 		29.529
v -8.598 		-16.9267 		29.368
v -8.6875 		-16.8844 		28.8727
v -8.7198 		-16.8691 		28.695
v 2.007 		-18.8875 		28.2943
v 1.995 		-18.8892 		28
v 2.027 		-18.8845 		27.216
v 2.12 		-18.8707 		26.439
v 2.275 		-18.8477 		25.677
v 2.49 		-18.8157 		24.938
v -8.7199 		-16.8691 		28.6936
v 1.844 		-1.844 		49.857
v 2.069 		-1.587 		49.857
v 2.259 		-1.303 		49.857
v 2.41 		-0.997 		49.857
v 2.519 		-0.674 		49.857
v -7.589 		18.32 		35.509
v 2.586 		-0.339 		49.857
v -5.178 		19.319 		33.333
v -4.745 		19.4051 		33.333
v -5.807 		19.139 		33.333
v -7.655 		18.478 		33.333
v -5.4299 		19.2335 		33.333
v -8.7212 		-16.8685 		28.672
v -8.7502 		-16.8547 		28.1838
v -8.761 		-16.8496 		28
v -8.7401 		-16.8595 		27.648
v -8.7303 		-16.8642 		27.4835
v -5.1724 		19.298 		33.0575
v -5.3149 		19.2623 		33.2095
v -9.66 		16.731 		37.647
v -9.915 		17.173 		35.509
v -9.429 		17.639 		33.333
v -9.7666 		17.4366 		33.333
v -10.001 		17.321 		33.333
v -10.3624 		17.0794 		33.333
v -11.112 		16.63 		33.333
v 0.339 		-2.586 		49.857
v 0.674 		-2.519 		49.857
v 0.997 		-2.41 		49.857
v 1.303 		-2.259 		49.857
v 1.587 		-2.069 		49.857
v 3.658 		-3.658 		49.432
v 7.812 		-17.34 		31.064
v 7.796 		-17.3058 		31.064
v 7.5799 		-17.408 		31.2883
v 8.0285 		-17.1959 		30.72
v 7.8304 		-17.2896 		31.0132
v 7.4065 		-17.49 		31.4666
v 7.4103 		-17.4881 		31.464
v 0.674 		-5.13 		49.432
v 7.4221 		-17.4826 		31.452
v 1.338 		-4.998 		49.432
v 8.16 		-17.214 		30.571
v 1.979 		-4.78 		49.432
v 8.1292 		-17.1483 		30.571
v 8.1299 		-17.148 		30.5695
v 2.586 		-4.48 		49.432
v 8.1754 		-17.1265 		30.4736
v 8.192 		-17.1186 		30.4383
v 8.16 		-17.214 		25.429
v 3.149 		-4.104 		49.432
v 8.1292 		-17.1483 		25.429
v 8.192 		-17.1186 		25.562
v 8.1272 		-17.1493 		25.426
v 7.812 		-17.34 		24.936
v 8.064 		-17.1791 		25.3324
v 7.796 		-17.3058 		24.936
v 7.5799 		-17.408 		24.7117
v 7.7476 		-17.3287 		24.8858
v 7.449 		-17.4698 		24.576
v 0.997 		-7.585 		48.731
v 1.979 		-7.39 		48.731
v 2.927 		-7.068 		48.731
v 3.824 		-6.626 		48.731
v 5.2327 		-19.2869 		24.536
v 5.2611 		-19.2798 		24.5222
v 1.303 		-9.911 		47.767
v 5.2779 		-19.2755 		24.5153
v 2.586 		-9.656 		47.767
v 3.824 		-9.236 		47.767
v -7.928 		-18 		24.936
v -7.899 		-18.335 		24.936
v -7.9463 		-18.3433 		25
v -7.8896 		-18.3701 		24.936
v -1.848 		-1.844 		49.857
v -7.487 		-18.5412 		24.6127
v -7.655 		-18.481 		24.7503
v -6.451 		-18.26 		31.939
v -6.399 		-18.335 		31.939
v -6.335 		-18.399 		31.939
v -6.413 		-7.795 		8.333
v -7.072 		-7.068 		8.333
v -7.799 		-6.409 		8.333
v -8.588 		-5.825 		8.333
v -9.429 		-5.32 		8.333
v -7.026 		-18 		31.759
v -10.316 		-4.901 		8.333
v -7.01 		-18.178 		31.759
v -6.964 		-18.351 		31.759
v -11.1333 		-4.6082 		8.333
v -4.905 		-10.312 		8.333
v -4.6122 		-11.1293 		8.333
v -5.324 		-9.425 		8.333
v -5.829 		-8.584 		8.333
v -7.477 		-17.74 		31.464
v -15.464 		-12.687 		8.333
v -15.461 		-12.685 		8.333
v -14.146 		-14.142 		8.333
v -14.143 		-14.139 		8.333
v -12.691 		-15.46 		8.333
v -12.689 		-15.457 		8.333
v -7.5 		-18 		31.464
v -19.143 		-5.804 		8.333
v -19.139 		-5.803 		8.333
v -18.482 		-7.653 		8.333
v -18.478 		-7.651 		8.333
v -17.642 		-9.427 		8.333
v -17.639 		-9.425 		8.333
v -16.633 		-11.111 		8.333
v -16.63 		-11.108 		8.333
v -7.899 		-17.665 		31.064
v -11.115 		-16.629 		8.333
v -11.112 		-16.626 		8.333
v -6.09 		-18.513 		31.939
v 0.0797 		20 		0.0681
v -5.487 		-18.889 		31.759
v -5.649 		-18.964 		31.759
v -6.26 		-18.451 		31.939
v -6.178 		-18.49 		31.939
v -6.889 		-18.513 		31.759
v 0.0251 		20.0027 		0.0227
v 0.0141 		20.0032 		0.0137
v 0.0094 		20.0034 		0.0099
v 0.0066 		20.0036 		0.0078
v 0.0049 		20.0037 		0.0065
v 0.0036 		20.0037 		0.0056
v 0.0026 		20.0038 		0.005
v 0.0018 		20.0038 		0.0045
v 0.0012 		20.0038 		0.0041
v 0.0006 		20.0039 		0.0039
v 0.0001 		20.0039 		0.0037
v 5.5617 		-19.2045 		24.4001
v 5.7983 		-19.1452 		24.3264
v 5.685 		-19.1736 		24.3616
v 5.807 		-19.143 		24.3245
v 17.067 		-7.068 		39.711
v 5.803 		-19.135 		20.7266
v 5.432 		-19.2279 		20.942
v 4.885 		-19.365 		21.346
v 4.372 		-19.4935 		21.814
v 17.844 		-4.78 		39.711
v 17.844 		-7.39 		37.647
v 6.178 		-19.0101 		24.2411
v 6.178 		-19.01 		24.241
v 6.178 		-19.0101 		24.2411
v 18.656 		-4.998 		37.647
v 6.1791 		-19.0097 		24.241
v 6 		-19.0739 		24.2708
v 5.9652 		-19.0863 		24.2805
v 18.316 		-7.585 		35.509
v 19.149 		-5.13 		35.509
v -9.431 		-17.638 		8.333
v -9.429 		-17.635 		8.333
v -7.656 		-18.478 		8.333
v 6.513 		-18.889 		24.241
v 6.5135 		-18.8899 		24.2417
v -7.655 		-18.474 		8.333
v 6.513 		-18.8901 		24.2416
v 6.5026 		-18.8938 		24.241
v -5.808 		-19.139 		8.333
v -5.807 		-19.135 		8.333
v 6.6931 		-18.8256 		24.2732
v 6.6685 		-18.8344 		24.2688
v 6.8966 		-18.7527 		24.3309
v 7.0048 		-18.7139 		24.3724
v 7.1479 		-18.6627 		24.4273
v 6.3459 		-18.95 		24.2357
v 6.3484 		-18.9491 		24.2358
v 7.3786 		-18.58 		24.536
v 7.2077 		-18.6412 		24.4556
v 18.474 		-7.651 		33.333
v -11.2686 		-4.6642 		8.251
v 19.135 		-5.803 		33.333
v 19.315 		-5.174 		33.333
v 19.2295 		-5.4259 		33.333
v 19.4011 		-4.741 		33.333
v -12.3468 		-5.1115 		7.6707
v -12.3471 		-5.1116 		7.6706
v -11.2691 		-4.6644 		8.2507
v 19.294 		-5.1684 		33.0575
v 19.3397 		-4.9858 		33.1749
v -13.2923 		-5.5029 		7.2319
v -13.2925 		-5.503 		7.2318
v 16.727 		-9.656 		37.647
v -14.1428 		-5.8552 		6.9036
v -14.143 		-5.8553 		6.9035
v 17.169 		-9.911 		35.509
v 16.626 		-11.108 		33.333
v -14.9267 		-6.1799 		6.665
v -14.9268 		-6.1799 		6.6649
v 17.317 		-9.997 		33.333
v 17.0754 		-10.3584 		33.333
v -15.6647 		-6.4858 		6.5029
v 17.635 		-9.425 		33.333
v 17.4326 		-9.7626 		33.333
v -15.665 		-6.486 		6.5028
v -16.3749 		-6.7796 		6.4088
v -9.9903 		17.3025 		33.0613
v -10.1496 		17.207 		33.1769
v 17.2985 		-9.9863 		33.0613
v -16.3753 		-6.7798 		6.4088
v 17.3727 		-9.8625 		33.2117
v -5.413 		13.066 		45.118
v 4.096 		-18.5375 		25.0126
v 3.794 		-18.6132 		25.429
v 4.0125 		-18.5585 		25.1278
v -5.001 		8.661 		47.767
v -6.7838 		-16.3713 		6.4088
v -6.7836 		-16.3709 		6.4088
v -2.59 		-0.339 		49.857
v -2.523 		-0.674 		49.857
v -2.414 		-0.997 		49.857
v -6.49 		-15.661 		6.5028
v -2.263 		-1.303 		49.857
v -6.4898 		-15.6607 		6.5029
v -2.073 		-1.587 		49.857
v 3.1183 		-18.7224 		28.2778
v -4.661 		11.249 		46.556
v 3.1183 		-18.7224 		28.2779
v -6.089 		10.545 		46.556
v -7.413 		9.66 		46.556
v 7.651 		-18.474 		20.0741
v 7.229 		-18.6249 		20.151
v 6.61 		-18.8463 		20.342
v -6.1839 		-14.9228 		6.6649
v 6.009 		-19.0613 		20.607
v -7.072 		12.248 		45.118
v 8.657 		-4.998 		47.767
v 9.656 		-7.409 		46.556
v 10.541 		-6.085 		46.556
v -6.1839 		-14.9227 		6.665
v -5.8593 		-14.139 		6.9035
v -6.073 		14.66 		43.479
v 11.245 		-4.657 		46.556
v 12.244 		-7.068 		45.118
v 13.062 		-5.409 		45.118
v -5.8592 		-14.1388 		6.9036
v -5.507 		-13.2885 		7.2318
v 7.86 		-18.3752 		20.036
v -5.5069 		-13.2883 		7.2319
v -5.1156 		-12.3431 		7.6706
v -4.6684 		-11.2651 		8.2507
v -4.6682 		-11.2646 		8.251
v -5.1155 		-12.3428 		7.6707
v 5.822 		-19.01 		24.241
v 6 		-19.026 		24.241
v 5.036 		-19.149 		24.536
v 6.66 		-18.786 		24.241
v -1.591 		-2.069 		49.857
v -1.307 		-2.259 		49.857
v -1.001 		-2.41 		49.857
v -0.678 		-2.519 		49.857
v -0.343 		-2.586 		49.857
v -0.002 		-2.608 		49.857
v 5.34 		-18.786 		24.241
v -3.662 		-3.658 		49.432
v 5.487 		-18.889 		24.241
v -4.108 		-3.149 		49.432
v -3.153 		-4.104 		49.432
v -2.59 		-4.48 		49.432
v -1.983 		-4.78 		49.432
v -7.935 		13.742 		43.479
v -3.9321 		19.6129 		3.2911
v -3.904 		19.62 		3.2674
v 5.649 		-18.964 		24.241
v -6.63 		16.002 		41.667
v -8.61 		8.61 		46.556
v -8.61 		11.221 		45.118
v -10.001 		10.001 		45.118
v 4.851 		-18.964 		24.536
v -11.221 		8.61 		45.118
v 3.1269 		-18.7211 		28.413
v -1.963 		19.908 		1.638
v -9.66 		12.589 		43.479
v -11.221 		11.221 		43.479
v -12.589 		9.66 		43.479
v 13.738 		-7.931 		43.479
v 14.656 		-6.069 		43.479
v 15.998 		-6.626 		41.667
v 4.657 		-6.069 		48.731
v 3.899 		-19.612 		22.3424
v 3.471 		-19.6755 		22.923
v 3.091 		-19.7319 		23.554
v 2.763 		-19.7806 		24.228
v 5.409 		-5.409 		48.731
v 3.9 		-19.6117 		22.341
v 6.069 		-4.657 		48.731
v 2.763 		-18.7752 		24.228
v 3.091 		-18.7265 		23.554
v 3.471 		-18.67 		22.923
v 3.707 		-18.635 		22.6028
v 3.9 		-18.5866 		22.341
v 6.085 		-7.931 		47.767
v 4.14 		-18.5265 		22.073
v 7.068 		-7.068 		47.767
v 7.931 		-6.085 		47.767
v -3.153 		-11.757 		46.556
v -1.591 		-12.068 		46.556
v -0.002 		-12.172 		46.556
v 8.606 		-8.606 		46.556
v 8.606 		-11.217 		45.118
v -1.342 		-4.998 		49.432
v 9.997 		-9.997 		45.118
v -0.678 		-5.13 		49.432
v 11.217 		-8.606 		45.118
v -0.002 		-5.174 		49.432
v -0.0837 		20 		0.0681
v -7.899 		-17.665 		24.936
v -0.002 		20 		0
v -8.661 		15.001 		41.667
v -10.545 		13.742 		41.667
v -12.248 		12.248 		41.667
v -13.742 		10.545 		41.667
v -15.001 		8.661 		41.667
v -5.665 		-18.399 		31.939
v -4.661 		6.073 		48.731
v -7.7476 		-17.3287 		31.1142
v -7.796 		-17.3058 		31.064
v -7.812 		-17.34 		31.064
v -7.7961 		-17.3058 		31.0639
v -5.413 		5.413 		48.731
v -6.073 		4.661 		48.731
v -6.089 		7.935 		47.767
v -7.072 		7.072 		47.767
v -7.935 		6.089 		47.767
v -7.5799 		-17.408 		31.2883
v -8.0286 		-17.1959 		30.72
v -7.01 		-17.822 		31.759
v -6.521 		-18 		31.939
v -6.513 		-18.09 		31.939
v -6.49 		-18.178 		31.939
v -0.0004 		20.0039 		0.0035
v -0.0008 		20.0039 		0.0034
v -0.0012 		20.004 		0.0034
v -0.0016 		20.004 		0.0033
v -0.002 		20.004 		0.0033
v -0.0024 		20.004 		0.0033
v -0.0028 		20.004 		0.0034
v -0.0032 		20.0039 		0.0034
v -0.0036 		20.0039 		0.0035
v -0.0041 		20.0039 		0.0037
v -0.0046 		20.0039 		0.0039
v -0.0052 		20.0038 		0.0041
v -0.0058 		20.0038 		0.0045
v -0.0066 		20.0038 		0.005
v -0.0076 		20.0037 		0.0056
v -0.0089 		20.0037 		0.0065
v -0.0106 		20.0036 		0.0078
v -7.4103 		-17.4881 		31.464
v -7.271 		-17.554 		31.5586
v -0.0134 		20.0034 		0.0099
v -7.4108 		-17.4879 		31.4635
v -0.0181 		20.0032 		0.0137
v -0.0291 		20.0027 		0.0227
v -7.4221 		-17.4826 		31.452
v -8.661 		5.001 		47.767
v -7.4115 		-17.4876 		31.4627
v -9.66 		7.413 		46.556
v -8.16 		-17.214 		30.571
v -8.064 		-17.1791 		30.6676
v -8.1292 		-17.1483 		30.571
v -10.545 		6.089 		46.556
v -11.249 		4.661 		46.556
v -4.851 		-18.964 		31.464
v -12.248 		7.072 		45.118
v -13.066 		5.413 		45.118
v -4.33 		-18.964 		31.064
v -13.742 		7.935 		43.479
v -14.66 		6.073 		43.479
v -6 		-18.521 		31.939
v -5.91 		-18.513 		31.939
v -5.822 		-18.49 		31.939
v -5.74 		-18.451 		31.939
v -16.002 		6.63 		41.667
v -5.34 		-18.786 		31.759
v -5.214 		-18.66 		31.759
v -8.1754 		-17.1265 		25.5264
v -8.16 		-17.214 		25.429
v -8.1292 		-17.1483 		25.429
v -7.8304 		-17.2896 		24.9868
v -7.796 		-17.3058 		24.936
v -7.812 		-17.34 		24.936
v -7.7959 		-17.3059 		24.9359
v -7.5799 		-17.408 		24.7117
v -7.4571 		-17.466 		24.5843
v -7.449 		-17.4698 		24.576
v -4.33 		-18.964 		24.936
v -0.002 		-9.997 		47.767
v -3.662 		-13.657 		45.118
v -1.848 		-14.018 		45.118
v -0.002 		-14.139 		45.118
v -4.108 		-15.323 		43.479
v -2.073 		-15.728 		43.479
v -0.002 		-15.863 		43.479
v -2.263 		-17.169 		41.667
v -0.002 		-17.317 		41.667
v -2.414 		-18.316 		39.711
v -3.828 		-6.626 		48.731
v -2.931 		-7.068 		48.731
v -1.983 		-7.39 		48.731
v -1.001 		-7.585 		48.731
v -0.002 		-7.651 		48.731
v -3.828 		-9.236 		47.767
v -2.59 		-9.656 		47.767
v -1.307 		-9.911 		47.767
v -10.001 		0.002 		8.333
v -9.24 		16.002 		39.711
v -4.484 		2.59 		49.432
v -11.249 		14.66 		39.711
v -4.784 		1.983 		49.432
v -5.001 		1.342 		49.432
v -13.066 		13.066 		39.711
v -5.134 		0.678 		49.432
v -5.178 		0.002 		49.432
v -14.66 		11.249 		39.711
v -0.002 		-18.474 		39.711
v -2.523 		-19.149 		37.647
v -0.002 		-19.315 		37.647
v -16.002 		9.24 		39.711
v -11.761 		15.327 		37.647
v -13.661 		13.661 		37.647
v 9.656 		-12.585 		43.479
v -2.59 		-19.655 		35.509
v -15.327 		11.761 		37.647
v 11.217 		-11.217 		43.479
v -0.002 		-19.825 		35.509
v 12.585 		-9.656 		43.479
v -3.6637 		-19.616 		33.333
v -3.6637 		-19.6475 		33.333
v -3.0377 		-19.7404 		33.333
v -3.475 		-19.6755 		33.077
v 8.657 		-14.997 		41.667
v 10.541 		-13.738 		41.667
v 12.244 		-12.244 		41.667
v -12.072 		15.732 		35.509
v -14.022 		14.022 		35.509
v 7.477 		-18.26 		24.536
v -15.732 		12.072 		35.509
v -11.8225 		16.1033 		33.333
v -6.63 		3.828 		48.731
v -12.176 		15.867 		33.333
v 6.964 		-18.351 		24.241
v -12.689 		15.461 		33.333
v -14.143 		14.143 		33.333
v -7.072 		2.931 		48.731
v 7.01 		-18.178 		24.241
v -12.3663 		15.7002 		33.333
v -7.394 		1.983 		48.731
v -7.589 		1.001 		48.731
v -15.461 		12.689 		33.333
v -15.7002 		12.3663 		33.333
v -15.867 		12.176 		33.333
v -7.655 		0.002 		48.731
v 6.335 		-18.399 		24.061
v -16.1033 		11.8225 		33.333
v 6.399 		-18.335 		24.061
v -12.1634 		15.8506 		33.0692
v 13.738 		-10.541 		41.667
v -12.2756 		15.7674 		33.2156
v 14.997 		-8.657 		41.667
v -15.8506 		12.1634 		33.0692
v -15.9578 		12.0188 		33.1818
v -16.731 		4.484 		41.667
v 4.998 		-8.657 		47.767
v -16.731 		9.66 		37.647
v 4.657 		-11.245 		46.556
v 6.085 		-10.541 		46.556
v -17.173 		9.915 		35.509
v 7.409 		-9.656 		46.556
v -16.63 		11.112 		33.333
v -17.321 		10.001 		33.333
v -17.0794 		10.3624 		33.333
v 7.068 		-12.244 		45.118
v -17.639 		9.429 		33.333
v -17.4366 		9.7666 		33.333
v -17.3025 		9.9903 		33.0613
v 5.409 		-13.062 		45.118
v -17.3767 		9.8665 		33.2117
v -17.071 		7.072 		39.711
v -17.848 		4.784 		39.711
v 6.069 		-14.656 		43.479
v 7.931 		-13.738 		43.479
v -17.848 		7.394 		37.647
v -18.66 		5.001 		37.647
v 6.626 		-15.998 		41.667
v -18.32 		7.589 		35.509
v 9.236 		-15.998 		39.711
v -19.153 		5.134 		35.509
v 11.245 		-14.656 		39.711
v 13.062 		-13.062 		39.711
v -18.478 		7.655 		33.333
v 14.656 		-11.245 		39.711
v -19.139 		5.807 		33.333
v -19.319 		5.178 		33.333
v 15.998 		-9.236 		39.711
v -19.2335 		5.4299 		33.333
v -19.4051 		4.745 		33.333
v 11.757 		-15.323 		37.647
v 13.657 		-13.657 		37.647
v 15.323 		-11.757 		37.647
v -19.298 		5.1724 		33.0575
v -19.3437 		4.9898 		33.1749
v 12.068 		-15.728 		35.509
v 6.451 		-18.26 		24.061
v 5.665 		-18.399 		24.061
v 7.41 		-18.513 		24.536
v 6.786 		-18.66 		24.241
v 6.889 		-18.513 		24.241
v 6.178 		-18.49 		24.061
v 6.26 		-18.451 		24.061
v -14.2038 		-14.0782 		0.0717
v -5.601 		-18.335 		31.939
v -5.549 		-18.26 		31.939
v -5.515 		-18.182 		31.9393
v -5.632 		-18.1402 		31.9539
v -5.888 		-18.0486 		31.9857
v -5.8897 		-18.048 		31.9859
v -5.952 		-18.0257 		31.9936
v -6.0119 		-18.0043 		31.9985
v -6.016 		-18.0028 		31.9981
v -6.0092 		-18.0053 		31.9988
v -6.0071 		-18.006 		31.9989
v -6.0055 		-18.0066 		31.999
v -6.0041 		-18.0071 		31.999
v -6.0027 		-18.0076 		31.9991
v -6.0014 		-18.008 		31.999
v -6 		-18.0085 		31.999
v -5.9984 		-18.0091 		31.9989
v -5.9964 		-18.0098 		31.9988
v -5.9938 		-18.0108 		31.9985
v -5.9897 		-18.0122 		31.9981
v -5.9823 		-18.0149 		31.9973
v 5.214 		-18.66 		24.241
v 5.74 		-18.451 		24.061
v 5.822 		-18.49 		24.061
v 5.91 		-18.513 		24.061
v -5.808 		19.143 		8.333
v 6 		-18.521 		24.061
v -7.656 		18.482 		8.333
v -9.431 		17.642 		8.333
v -11.115 		16.633 		8.333
v 6.09 		-18.513 		24.061
v -5.829 		8.588 		8.333
v -5.324 		9.429 		8.333
v 4.59 		-18.513 		24.536
v -4.905 		10.316 		8.333
v 4.701 		-18.75 		24.536
v -4.6122 		11.1333 		8.333
v -12.691 		15.464 		8.333
v -14.146 		14.146 		8.333
v -15.464 		12.691 		8.333
v 5.111 		-18.513 		24.241
v -10.316 		4.905 		8.333
v -11.1333 		4.6122 		8.333
v -9.429 		5.324 		8.333
v -8.588 		5.829 		8.333
v -7.799 		6.413 		8.333
v -7.072 		7.072 		8.333
v -6.413 		7.799 		8.333
v -16.633 		11.115 		8.333
v -17.642 		9.431 		8.333
v -18.482 		7.656 		8.333
v -19.143 		5.808 		8.333
v -5.808 		19.143 		4.8969
v 11.108 		16.63 		8.333
v 9.425 		17.639 		8.333
v 7.651 		18.478 		8.333
v 5.803 		19.139 		8.333
v -7.0724 		17.0713 		6.3779
v 19.135 		5.807 		8.333
v 18.474 		7.655 		8.333
v 17.635 		9.429 		8.333
v 16.626 		11.112 		8.333
v 15.457 		12.689 		8.333
v 14.139 		14.143 		8.333
v 12.685 		15.461 		8.333
v 4.48 		16.731 		41.667
v -7.3605 		17.7674 		6.4087
v -7.3605 		17.7676 		6.4087
v -7.0726 		17.0717 		6.3779
v 9.656 		16.731 		37.647
v 9.911 		17.173 		35.509
v -7.656 		18.482 		6.503
v -7.6549 		18.4775 		6.5027
v -7.6551 		18.4779 		6.5028
v 11.108 		16.63 		33.333
v 9.997 		17.321 		33.333
v 10.3584 		17.0794 		33.333
v 9.425 		17.639 		33.333
v 14.018 		-14.018 		35.509
v 9.7626 		17.4366 		33.333
v 15.728 		-12.068 		35.509
v 9.9863 		17.3025 		33.0613
v 9.8625 		17.3767 		33.2117
v 7.068 		17.071 		39.711
v 4.78 		17.848 		39.711
v 11.562 		-16.1084 		35.058
v 12.1089 		-15.781 		34.6541
v -5.9609 		-18.0225 		31.9947
v -6.0469 		-17.9918 		31.9944
v -6.144 		-17.9571 		31.9824
v -6.0239 		-18 		31.9972
v 13.3347 		-14.868 		33.333
v -6.016 		-18.0028 		31.9981
v 14.139 		-14.139 		33.333
v 13.3347 		-14.8439 		33.333
v 12.109 		-15.7809 		34.654
v 12.622 		-15.3799 		34.186
v 13.095 		-15.0201 		33.659
v 15.457 		-12.685 		33.333
v 15.6962 		-12.3623 		33.333
v 15.863 		-12.172 		33.333
v 16.0993 		-11.8185 		33.333
v 13.523 		-14.6974 		33.077
v -9.24 		3.828 		47.767
v 15.8466 		-12.1594 		33.0692
v -9.66 		2.59 		47.767
v 15.9538 		-12.0148 		33.1818
v 7.5 		-18 		24.536
v -9.915 		1.307 		47.767
v 10.556 		-15.798 		35.5825
v 10.385 		-15.9006 		35.658
v 9.766 		-16.2718 		35.849
v 9.5789 		-16.384 		35.883
v -10.001 		0.002 		47.767
v 12.053 		-14.687 		34.6954
v 11.562 		-15.0514 		35.058
v 10.985 		-15.4796 		35.393
v 7.477 		-17.74 		24.536
v 13.435 		-13.435 		33.1967
v 13.095 		-13.743 		33.659
v 12.622 		-14.1715 		34.186
v 12.109 		-14.6363 		34.654
v 13.7091 		-13.1325 		32.768
v 13.523 		-13.3379 		33.077
v 7.01 		-17.822 		24.241
v -14.0822 		-14.1998 		0.0717
v 7.026 		-18 		24.241
v -14.143 		-14.139 		0
v 6.49 		-18.178 		24.061
v 4.48 		-16.727 		41.667
v 6.513 		-18.09 		24.061
v 9.656 		-16.727 		37.647
v 8.497 		-17.735 		36.003
v 6.521 		-18 		24.061
v 9.134 		-17.4312 		35.964
v 9.4402 		-17.2951 		35.9083
v 9.766 		-17.1502 		35.849
v 9.8744 		-17.1056 		35.8155
v 10.385 		-16.8097 		35.658
v 10.7224 		-16.627 		35.509
v 10.985 		-16.4624 		35.393
v -14.144 		-14.1438 		0.0041
v 8.957 		-16.757 		35.9748
v 8.497 		-16.9744 		36.003
v 8.192 		-17.1186 		35.9843
v 9.134 		-16.6508 		35.964
v -6.2476 		-17.92 		31.9695
v -6.4927 		-17.8323 		31.939
v -6.513 		-17.91 		31.939
v -6.5216 		-17.822 		31.9281
v -6.9676 		-17.6625 		31.759
v -7.6566 		18.4817 		6.5036
v -6.9903 		-17.6544 		31.744
v -9.431 		17.642 		4.897
v 4.78 		-17.844 		39.711
v -6.9916 		-17.6539 		31.7431
v -7.168 		-17.5908 		31.6266
v 7.068 		-17.067 		39.711
v -5.111 		-18.513 		31.759
v 4.998 		-18.656 		37.647
v -4.701 		-18.75 		31.464
v 7.39 		-17.844 		37.647
v -4.59 		-18.513 		31.464
v -4.188 		-18.66 		31.064
v 5.13 		-19.149 		35.509
v 7.1887 		-18.3681 		35.8366
v 7.229 		-18.3513 		35.849
v 7.5487 		-18.2281 		35.9073
v 6.2721 		-18.7615 		35.509
v 6.61 		-18.6093 		35.658
v 7.86 		-18.0595 		35.964
v 5.1434 		-19.1997 		34.8449
v 4.2807 		-19.4324 		34.0841
v 4.372 		-19.406 		34.186
v -4.188 		-18.66 		24.936
v 4.885 		-19.2664 		34.654
v -3.904 		-19.542 		33.659
v -2.612 		-19.825 		33.333
v 5.432 		-19.084 		35.058
v 5.5638 		-19.0328 		35.1345
v -14.1653 		-14.1207 		0.024
v -1.962 		-19.9 		33.333
v -0.002 		-19.996 		33.333
v -2.3532 		-19.842 		33.333
v -14.1575 		-14.1293 		0.0145
v -14.1541 		-14.1331 		0.0105
v 6.009 		-18.8604 		35.393
v -14.1522 		-14.1352 		0.0083
v -14.1509 		-14.1366 		0.0069
v 5.515 		-18.182 		35.1062
v 5.432 		-18.2028 		35.058
v 4.885 		-18.3398 		34.654
v 4.372 		-18.4684 		34.186
v -14.15 		-14.1376 		0.0059
v 7.271 		-17.554 		35.8567
v 7.229 		-17.569 		35.849
v 6.61 		-17.7904 		35.658
v 6.009 		-18.0053 		35.393
v -14.1493 		-14.1384 		0.0053
v -2.6093 		-19.804 		33.0638
v 7.86 		-17.2756 		35.964
v -14.1487 		-14.139 		0.0048
v -14.1482 		-14.1395 		0.0044
v -2.4675 		-19.825 		33.2126
v -14.1478 		-14.14 		0.0041
v -14.1475 		-14.1404 		0.0039
v -14.1472 		-14.1407 		0.0038
v -11.091 		16.6474 		3.2901
v 7.39 		17.848 		37.647
v -14.1469 		-14.1411 		0.0036
v -11.115 		16.633 		3.2672
v 4.998 		18.66 		37.647
v -5.134 		-0.674 		49.432
v -5.001 		-1.338 		49.432
v 7.585 		18.32 		35.509
v 5.13 		19.153 		35.509
v 7.651 		18.478 		33.333
v 5.803 		19.139 		33.333
v 5.174 		19.319 		33.333
v 5.4259 		19.2335 		33.333
v 4.741 		19.4051 		33.333
v -4.6682 		11.2686 		8.251
v 5.1684 		19.298 		33.0575
v 4.9858 		19.3437 		33.1749
v 16.727 		4.484 		41.667
v -5.1155 		12.3468 		7.6707
v -5.1156 		12.3471 		7.6706
v -4.6684 		11.2691 		8.2507
v 16.727 		9.66 		37.647
v 17.169 		9.915 		35.509
v 17.635 		9.429 		33.333
v 17.4326 		9.7666 		33.333
v -4.784 		-1.979 		49.432
v 17.317 		10.001 		33.333
v -4.484 		-2.586 		49.432
v 17.0754 		10.3624 		33.333
v 16.626 		11.112 		33.333
v 17.2985 		9.9903 		33.0613
v 17.203 		10.1496 		33.1769
v 17.844 		4.784 		39.711
v 17.067 		7.072 		39.711
v -7.589 		-0.997 		48.731
v -7.394 		-1.979 		48.731
v 18.656 		5.001 		37.647
v 17.844 		7.394 		37.647
v -7.072 		-2.927 		48.731
v -6.63 		-3.824 		48.731
v 19.149 		5.134 		35.509
v 18.316 		7.589 		35.509
v 19.315 		5.178 		33.333
v 19.4011 		4.745 		33.333
v 19.135 		5.807 		33.333
v 18.474 		7.655 		33.333
v 19.2295 		5.4299 		33.333
v -9.915 		-1.303 		47.767
v 19.294 		5.1724 		33.0575
v -9.66 		-2.586 		47.767
v 19.2583 		5.3149 		33.2095
v -9.24 		-3.824 		47.767
v 8.606 		8.61 		46.556
v 11.217 		8.61 		45.118
v 9.997 		10.001 		45.118
v 8.606 		11.221 		45.118
v -20 		0.002 		8.333
v -19.616 		3.903 		8.333
v -19.904 		1.962 		8.333
v -19.904 		-1.958 		8.333
v -19.616 		-3.899 		8.333
v 12.585 		9.66 		43.479
v -11.761 		3.153 		46.556
v 11.217 		11.221 		43.479
v -12.072 		1.591 		46.556
v 9.656 		12.589 		43.479
v -12.176 		0.002 		46.556
v 14.997 		8.661 		41.667
v 13.738 		10.545 		41.667
v -3.707 		-18.635 		33.3917
v -3.904 		-18.5856 		33.659
v -13.661 		3.662 		45.118
v -3.2889 		-18.6971 		32.768
v -3.475 		-18.6695 		33.077
v -14.022 		1.848 		45.118
v -14.143 		0.002 		45.118
v -3.9642 		-19.6047 		30
v -3.9171 		-19.6165 		29.8699
v -3.903 		-19.62 		29.8309
v -15.327 		4.108 		43.479
v -15.732 		2.073 		43.479
v -15.867 		0.002 		43.479
v -3.7243 		-19.6465 		29.368
v -3.6551 		-19.6568 		29.0561
v -3.5754 		-19.6686 		28.695
v -17.173 		2.263 		41.667
v -4.1405 		-19.5605 		30.324
v -17.321 		0.002 		41.667
v -5.5069 		13.2923 		7.2319
v -5.507 		13.2925 		7.2318
v -14.1466 		-14.1414 		0.0036
v -14.1463 		-14.1417 		0.0035
v -14.146 		-14.142 		0.0035
v -14.1457 		-14.1423 		0.0035
v -5.8592 		14.1428 		6.9036
v -5.8593 		14.143 		6.9035
v -14.1454 		-14.1426 		0.0036
v -3.095 		-19.7319 		32.446
v -14.1451 		-14.1429 		0.0036
v -2.767 		-19.7806 		31.772
v -2.494 		-19.8211 		31.062
v -14.1447 		-14.1432 		0.0038
v -2.279 		-19.853 		30.323
v -6.1839 		14.9267 		6.665
v -6.1839 		14.9268 		6.6649
v -2.124 		-19.876 		29.561
v -2.031 		-19.8898 		28.784
v -14.1444 		-14.1435 		0.0039
v -6.4898 		15.6647 		6.5029
v -6.49 		15.665 		6.5028
v -6.7836 		16.3749 		6.4088
v -3.559 		-19.41 		29.368
v -6.7838 		16.3753 		6.4088
v -3.441 		-19.477 		28.695
v -14.1435 		-14.1442 		0.0044
v -14.143 		-14.1447 		0.0048
v -14.1424 		-14.1453 		0.0053
v -14.1416 		-14.146 		0.0059
v -14.1406 		-14.1469 		0.0069
v -14.1392 		-14.1482 		0.0083
v -14.1371 		-14.1501 		0.0105
v -14.1333 		-14.1535 		0.0145
v -14.1247 		-14.1613 		0.024
v -15.464 		-12.687 		1.6379
v -12.691 		-15.46 		1.6379
v -12.691 		15.464 		1.6379
v -19.143 		-5.804 		4.8969
v -5.036 		-18.351 		31.759
v -5.0238 		-18.3051 		31.759
v -5.12 		-18.281 		31.7945
v -5.0005 		-18.3109 		31.744
v -4.5654 		-18.4199 		31.464
v -4.9215 		-18.3307 		31.6932
v -4.565 		-18.42 		31.4637
v -4.5172 		-18.432 		31.4175
v -5.5122 		-18.1827 		31.939
v -5.4641 		-18.1948 		31.9216
v -4.4285 		-18.4542 		31.3319
v -4.1515 		-18.5236 		31.064
v -4.144 		-18.5255 		31.0537
v -4.524 		-18.4303 		24.576
v -4.5172 		-18.432 		24.5826
v -4.144 		-18.5255 		24.9463
v -4.1515 		-18.5236 		24.936
v -4.3422 		-18.4758 		24.7518
v 13.903 		-14.3529 		32.446
v 14.139 		-14.139 		31.961
v 14.231 		-14.0375 		31.772
v 14.504 		-13.7363 		31.062
v 14.719 		-13.4992 		30.323
v 14.874 		-13.3282 		29.561
v 14.968 		-13.2245 		28.784
v 15.457 		-12.685 		30.4705
v 5.4641 		-18.1948 		24.0784
v 5.4228 		-18.2051 		24.0937
v 5.12 		-18.281 		24.2055
v 5.5122 		-18.1827 		24.061
v 5.549 		-18.26 		24.061
v 5.5135 		-18.1824 		24.0608
v 5.601 		-18.335 		24.061
v 5.515 		-18.182 		24.0607
v 4.5654 		-18.4199 		24.536
v 4.9215 		-18.3307 		24.3068
v 5.0238 		-18.3051 		24.241
v 5.036 		-18.351 		24.241
v 5.0239 		-18.305 		24.241
v -17.0713 		-7.0684 		6.3779
v -3.75 		-19.299 		30
v 14.687 		-12.053 		30.433
v 14.504 		-12.255 		31.062
v 14.231 		-12.5563 		31.772
v 13.903 		-12.9184 		32.446
v 14.9724 		-11.6684 		28.672
v 14.968 		-11.6744 		28.784
v 14.874 		-11.801 		29.561
v 14.719 		-12.0099 		30.323
v -17.7674 		-7.3565 		6.4087
v -17.7676 		-7.3565 		6.4087
v -17.0717 		-7.0686 		6.3779
v -3.224 		-19.01 		28.695
v -18.4775 		-7.6509 		6.5027
v -18.4779 		-7.6511 		6.5028
v 14.4741 		-12.288 		24.8603
v 14.504 		-12.255 		24.938
v 14.687 		-12.053 		25.567
v 14.719 		-12.0099 		25.677
v 14.874 		-11.801 		26.439
v 14.968 		-11.6744 		27.216
v 14.999 		-11.6326 		28
v 14.9902 		-11.6444 		28.2215
v -18.4821 		-7.6528 		6.5037
v 4.372 		-18.4684 		21.814
v -16.6474 		-11.087 		3.2901
v 4.885 		-18.3398 		21.346
v 5.432 		-18.2028 		20.942
v 5.515 		-18.182 		20.8938
v -18.482 		-7.653 		6.5035
v -18.32 		2.414 		39.711
v -17.642 		-9.427 		4.897
v -16.633 		-11.111 		3.2672
v -18.478 		0.002 		39.711
v -19.153 		2.523 		37.647
v -19.319 		0.002 		37.647
v -19.659 		2.59 		35.509
v -19.829 		0.002 		35.509
v -19.616 		3.903 		33.333
v -19.7444 		3.0377 		33.333
v 7.168 		-17.5908 		24.3734
v 7.271 		-17.554 		24.4414
v 6.9676 		-17.6625 		24.241
v 6.9916 		-17.6539 		24.2569
v -19.829 		2.612 		33.333
v 6.9676 		-17.6625 		24.241
v 6.513 		-17.91 		24.061
v -19.904 		1.962 		33.333
v -20 		0.002 		33.333
v -19.846 		2.3532 		33.333
v 6.5216 		-17.822 		24.0719
v 6.4927 		-17.8323 		24.061
v 6.2476 		-17.92 		24.0305
v 6.144 		-17.9571 		24.0176
v -19.808 		2.6093 		33.0638
v -19.829 		2.4675 		33.2126
v -5.808 		-19.139 		4.8969
v 6.016 		-18.0028 		24.0019
v 6.016 		-18.0028 		24.0019
v 6.0239 		-18 		24.0028
v 6.0469 		-17.9918 		24.0056
v 5.9609 		-18.0225 		24.0053
v 5.952 		-18.0257 		24.0064
v 5.9823 		-18.0149 		24.0027
v 5.9897 		-18.0122 		24.0019
v 5.9938 		-18.0108 		24.0015
v 5.9964 		-18.0098 		24.0012
v -12.072 		-1.587 		46.556
v 5.9984 		-18.0091 		24.0011
v 6 		-18.0085 		24.001
v -11.761 		-3.149 		46.556
v 6.0014 		-18.008 		24.001
v 6.0027 		-18.0076 		24.0009
v 6.0041 		-18.0071 		24.001
v 6.0055 		-18.0066 		24.001
v 6.0071 		-18.006 		24.0011
v 6.0092 		-18.0053 		24.0012
v -14.022 		-1.844 		45.118
v 6.0119 		-18.0043 		24.0015
v -13.661 		-3.658 		45.118
v 5.8897 		-18.048 		24.0141
v 5.888 		-18.0486 		24.0143
v -15.732 		-2.069 		43.479
v 5.632 		-18.1402 		24.0461
v -15.327 		-4.104 		43.479
v -17.173 		-2.259 		41.667
v -6 		-19.0739 		24.2708
v -6.0229 		-19.0657 		24.2669
v -5.863 		-19.1229 		24.309
v -5.7983 		-19.1452 		24.3264
v 14.874 		-13.3282 		26.439
v 14.719 		-13.4992 		25.677
v -5.807 		-19.143 		24.3246
v 14.504 		-13.7363 		24.938
v -6.178 		-19.0101 		24.2411
v -6.1781 		-19.0101 		24.2411
v -6.178 		-19.01 		24.241
v -6.1791 		-19.0097 		24.241
v 14.3648 		-12.4086 		24.576
v 14.3744 		-12.398 		24.601
v -7.1479 		-18.6627 		24.4273
v -6.8966 		-18.7527 		24.3309
v -7.0339 		-18.7035 		24.3836
v -6.6931 		-18.8256 		24.2732
v 14.999 		-13.1903 		28
v 14.968 		-13.2245 		27.216
v -6.513 		-18.889 		24.241
v -6.5142 		-18.8897 		24.2418
v -6.5135 		-18.8899 		24.2417
v -6.5026 		-18.8938 		24.241
v -6.3459 		-18.95 		24.2357
v -6.3434 		-18.9509 		24.2358
v -7.3786 		-18.58 		24.536
v -5.2327 		-19.2869 		24.536
v 12.685 		-15.457 		21.8842
v 12.622 		-15.5037 		21.814
v 12.109 		-15.884 		21.346
v 11.562 		-16.2895 		20.942
v -5.6861 		-19.1733 		24.3613
v -5.5617 		-19.2045 		24.4001
v -5.2611 		-19.2798 		24.5222
v -5.487 		-19.2232 		24.4302
v 14.139 		-14.139 		24.039
v -5.253 		-19.2818 		24.5261
v 13.903 		-14.3529 		23.554
v 13.523 		-14.6974 		22.923
v 13.095 		-15.0853 		22.341
v 14.231 		-14.0375 		24.228
v -5.036 		-19.149 		24.536
v -6 		-19.026 		24.241
v 9.5789 		-16.384 		20.117
v 9.766 		-16.2718 		20.151
v 10.385 		-15.9006 		20.342
v 10.556 		-15.798 		20.4175
v -5.822 		-19.01 		24.241
v 10.985 		-15.4796 		20.607
v 11.562 		-15.0514 		20.942
v 12.053 		-14.687 		21.3046
v 12.109 		-14.6363 		21.346
v 12.622 		-14.1715 		21.814
v 13.095 		-13.743 		22.341
v 13.435 		-13.435 		22.8033
v 13.523 		-13.3379 		22.923
v 13.903 		-12.9184 		23.554
v 14.231 		-12.5563 		24.228
v -11.091 		-16.6434 		3.2901
v -11.115 		-16.629 		3.2672
v -7.656 		-18.478 		6.503
v -7.6566 		-18.4777 		6.5036
v -7.6551 		-18.4739 		6.5028
v 12.244 		12.248 		41.667
v 10.541 		13.742 		41.667
v -9.431 		-17.638 		4.897
v 8.657 		15.001 		41.667
v -7.6549 		-18.4735 		6.5027
v -7.3605 		-17.7636 		6.4087
v 8.2818 		-18.1847 		30.571
v 8.5489 		-18.0585 		30.0837
v 8.5948 		-18.0368 		30
v 8.6726 		-18 		29.7866
v 5.409 		13.066 		45.118
v -7.0726 		-17.0677 		6.3779
v -7.0724 		-17.0673 		6.3779
v -7.3605 		-17.7634 		6.4087
v 8.8132 		-17.9336 		29.368
v -4.01 		-19.149 		30.571
v 5.174 		0.002 		49.432
v 5.13 		0.678 		49.432
v 4.998 		1.342 		49.432
v 4.78 		1.983 		49.432
v 4.48 		2.59 		49.432
v -3.84 		-18.786 		30.571
v -3.559 		-18.889 		30
v -3.351 		-18.964 		29.368
v -14.0822 		14.2038 		0.0717
v -14.2038 		14.0822 		0.0717
v -3.9021 		-18.5861 		30.72
v -4.0125 		-18.5585 		30.8722
v -4.096 		-18.5375 		30.9874
v -3.794 		-18.6132 		30.571
v -14.1247 		14.1653 		0.024
v -3.7933 		-18.6134 		30.5696
v -14.1333 		14.1575 		0.0145
v -3.707 		-18.635 		30.4
v -14.1371 		14.1541 		0.0105
v -14.1392 		14.1522 		0.0083
v -14.1406 		14.1509 		0.0069
v -14.1416 		14.15 		0.0059
v -14.1424 		14.1493 		0.0053
v -14.143 		14.1487 		0.0048
v -14.1435 		14.1482 		0.0044
v -14.144 		14.1478 		0.0041
v -14.1444 		14.1475 		0.0039
v -14.1447 		14.1472 		0.0038
v -14.1451 		14.1469 		0.0036
v -3.6672 		-18.6409 		30.3237
v -14.1454 		14.1466 		0.0036
v -3.4989 		-18.6659 		30
v -14.1457 		14.1463 		0.0035
v -14.146 		14.146 		0.0035
v -3.3937 		-18.6815 		29.696
v -14.1463 		14.1457 		0.0035
v -3.2798 		-18.6984 		29.368
v -14.1466 		14.1454 		0.0036
v -3.3858 		-18.6827 		29.6732
v -14.1469 		14.1451 		0.0036
v -3.2794 		-18.6985 		29.366
v -14.1472 		14.1447 		0.0038
v -3.2038 		-18.7097 		28.9886
v -14.1475 		14.1444 		0.0039
v -3.1454 		-18.7184 		28.695
v -3.1439 		-18.7186 		28.672
v -2.0264 		-18.8846 		28.672
v -2.031 		-18.8839 		28.784
v -2.124 		-18.8701 		29.561
v -2.279 		-18.8471 		30.323
v -2.494 		-18.8151 		31.062
v -2.767 		-18.7746 		31.772
v -3.095 		-18.7259 		32.446
v -14.143 		14.143 		0
v -18.32 		-2.41 		39.711
v 4.998 		8.661 		47.767
v 7.409 		9.66 		46.556
v -19.153 		-2.519 		37.647
v 6.085 		10.545 		46.556
v 4.657 		11.249 		46.556
v -19.659 		-2.586 		35.509
v 7.068 		12.248 		45.118
v -19.904 		-1.958 		33.333
v -19.829 		-2.608 		33.333
v -19.846 		-2.3492 		33.333
v -19.616 		-3.899 		33.333
v 7.931 		13.742 		43.479
v -19.7444 		-3.0337 		33.333
v 6.069 		14.66 		43.479
v -19.808 		-2.6053 		33.0638
v -19.781 		-2.7872 		33.1784
v 6.626 		16.002 		41.667
v -10.049 		0.982 		8.333
v -10.193 		1.953 		8.333
v -10.432 		2.905 		8.333
v -10.762 		3.828 		8.333
v -20.004 		0.002 		8.333
v 8.657 		5.001 		47.767
v -19.62 		3.904 		8.333
v -19.908 		1.963 		8.333
v 11.245 		4.661 		46.556
v 10.541 		6.089 		46.556
v -10.762 		-3.824 		8.333
v -10.432 		-2.901 		8.333
v -10.193 		-1.949 		8.333
v -10.049 		-0.978 		8.333
v 9.656 		7.413 		46.556
v -19.908 		-1.959 		8.333
v -19.62 		-3.9 		8.333
v 8.8324 		-17.9245 		29.2689
v 8.943 		-17.8722 		28.695
v 13.062 		5.413 		45.118
v 8.954 		-17.867 		28.5176
v 8.9869 		-17.8514 		28
v 12.244 		7.072 		45.118
v 8.9749 		-17.8571 		27.8064
v 8.943 		-17.8722 		27.305
v 8.9128 		-17.8865 		27.1491
v 8.8132 		-17.9336 		26.632
v 8.6089 		-18.0301 		26.0388
v 8.5948 		-18.0368 		26
v 14.656 		6.073 		43.479
v 13.738 		7.935 		43.479
v 8.6726 		-18 		26.2134
v 8.7877 		-17.9456 		26.5558
v 8.3785 		-18.139 		25.605
v 8.2818 		-18.1847 		25.429
v 15.998 		6.63 		41.667
v 9.425 		-17.635 		20.089
v 9.134 		-17.7726 		20.036
v 8.497 		-18.0739 		19.998
v 11.108 		-16.626 		20.6784
v 10.985 		-16.6997 		20.607
v 10.385 		-17.0595 		20.342
v 9.766 		-17.4306 		20.151
v 6.069 		4.661 		48.731
v 5.409 		5.413 		48.731
v 8.957 		-16.757 		20.0254
v 8.192 		-17.1186 		20.0162
v 4.657 		6.073 		48.731
v 8.497 		-16.9744 		19.998
v 9.134 		-16.6508 		20.036
v 7.931 		6.089 		47.767
v 7.068 		7.072 		47.767
v 9.997 		0.002 		47.767
v 6.085 		7.935 		47.767
v 9.911 		1.307 		47.767
v 9.656 		2.59 		47.767
v 8.298 		-18 		30.571
v 9.236 		3.828 		47.767
v 8.598 		-18 		30
v 15.998 		9.24 		39.711
v 14.656 		11.249 		39.711
v 13.062 		13.066 		39.711
v 11.245 		14.66 		39.711
v 7.651 		0.002 		48.731
v 9.236 		16.002 		39.711
v 7.585 		1.001 		48.731
v 7.39 		1.983 		48.731
v 7.068 		2.931 		48.731
v 8.598 		-18 		26
v 15.323 		11.761 		37.647
v 6.626 		3.828 		48.731
v 13.657 		13.661 		37.647
v 8.298 		-18 		25.429
v 11.757 		15.327 		37.647
v 4.48 		-2.586 		49.432
v 4.78 		-1.979 		49.432
v 4.998 		-1.338 		49.432
v 5.13 		-0.674 		49.432
v 9.236 		-3.824 		47.767
v 9.656 		-2.586 		47.767
v 9.911 		-1.303 		47.767
v -19.6129 		3.9321 		3.2911
v -19.62 		3.904 		3.2674
v -7.477 		-18.26 		24.536
v 6.009 		-18.0053 		20.607
v 6.61 		-17.7904 		20.342
v 7.229 		-17.569 		20.151
v 7.271 		-17.554 		20.1433
v -6.786 		-18.66 		24.241
v -6.66 		-18.786 		24.241
v -7.41 		-18.513 		24.536
v -3.903 		-19.62 		26.1687
v -3.9642 		-19.6047 		26
v -4.01 		-19.5932 		25.9158
v -6.451 		-18.26 		24.061
v -4.1405 		-19.5605 		25.676
v -6.399 		-18.335 		24.061
v -3.5471 		-19.6728 		28.301
v -6.335 		-18.399 		24.061
v -3.5254 		-19.676 		28
v -3.5537 		-19.6718 		27.6052
v -3.5754 		-19.6686 		27.305
v -3.6491 		-19.6576 		26.9728
v -3.7243 		-19.6465 		26.632
v -3.8088 		-19.634 		26.4127
v -2.031 		-19.8898 		27.216
v -2.124 		-19.876 		26.439
v -2.279 		-19.853 		25.677
v -2.494 		-19.8211 		24.938
v -1.962 		-19.9 		27.6481
v -3.402 		-19.5 		28
v -14.1478 		14.144 		0.0041
v -14.1482 		14.1435 		0.0044
v -3.441 		-19.477 		27.305
v -14.1487 		14.143 		0.0048
v -3.559 		-19.41 		26.632
v -3.75 		-19.299 		26
v -4.01 		-19.149 		25.429
v -19.908 		1.963 		1.638
v -3.351 		-18.964 		26.632
v -7.026 		-18 		24.241
v -7.01 		-18.178 		24.241
v -3.559 		-18.889 		26
v -6.964 		-18.351 		24.241
v -3.84 		-18.786 		25.429
v 6.626 		-3.824 		48.731
v 7.068 		-2.927 		48.731
v 7.39 		-1.979 		48.731
v 7.585 		-0.997 		48.731
v 8.91 		-17.487 		28.695
v 8.954 		-17.479 		28
v -7.477 		-17.74 		24.536
v -7.5 		-18 		24.536
v 8.91 		-17.487 		27.305
v 15.728 		12.072 		35.509
v 14.018 		14.022 		35.509
v -5.487 		-18.889 		24.241
v 12.068 		15.732 		35.509
v -6.09 		-18.513 		24.061
v 16.0993 		11.8225 		33.333
v 15.863 		12.176 		33.333
v 15.457 		12.689 		33.333
v 14.139 		14.143 		33.333
v 15.6962 		12.3663 		33.333
v 12.685 		15.461 		33.333
v 12.3623 		15.7002 		33.333
v 12.172 		15.867 		33.333
v -14.1493 		14.1424 		0.0053
v 8.776 		-17.51 		26.632
v 11.8185 		16.1033 		33.333
v -5.649 		-18.964 		24.241
v 15.8466 		12.1634 		33.0692
v 8.559 		-17.549 		26
v 15.7634 		12.2756 		33.2156
v 12.1594 		15.8506 		33.0692
v 8.263 		-17.601 		25.429
v 12.0148 		15.9578 		33.1818
v 19.996 		0.002 		8.333
v 19.9 		1.962 		8.333
v 19.612 		3.903 		8.333
v 19.612 		-3.899 		8.333
v 19.9 		-1.958 		8.333
v 17.317 		0.002 		41.667
v 17.169 		2.263 		41.667
v 18.474 		0.002 		39.711
v 18.316 		2.414 		39.711
v 8.559 		-17.549 		30
v 19.315 		0.002 		37.647
v 19.149 		2.523 		37.647
v 8.776 		-17.51 		29.368
v 7.4115 		-17.4876 		24.5373
v -20 		0.0837 		0.0681
v 11.111 		16.633 		8.333
v 9.427 		17.642 		8.333
v 7.652 		18.482 		8.333
v -20 		0.002 		0
v 5.804 		19.143 		8.333
v -20.0027 		0.0291 		0.0227
v -20.0032 		0.0181 		0.0137
v -20.0034 		0.0134 		0.0099
v -20.0036 		0.0106 		0.0078
v 19.139 		5.808 		8.333
v -20.0037 		0.0089 		0.0065
v 18.478 		7.656 		8.333
v -20.0037 		0.0076 		0.0056
v 17.638 		9.431 		8.333
v -20.0038 		0.0066 		0.005
v 16.629 		11.115 		8.333
v -20.0038 		0.0058 		0.0045
v 15.46 		12.691 		8.333
v -20.0038 		0.0052 		0.0041
v 14.142 		14.146 		8.333
v 12.687 		15.464 		8.333
v -20.0039 		0.0046 		0.0039
v -20.0039 		0.0041 		0.0037
v -20.0039 		0.0036 		0.0035
v -20.0039 		0.0032 		0.0034
v -20.004 		0.0028 		0.0034
v -20.004 		0.0024 		0.0033
v -20.004 		0.002 		0.0033
v -20.004 		0.0016 		0.0033
v -20.004 		0.0012 		0.0034
v -20.0039 		0.0008 		0.0034
v -20.0039 		0.0004 		0.0035
v -6.889 		-18.513 		24.241
v -6.26 		-18.451 		24.061
v -6.178 		-18.49 		24.061
v -3.794 		-18.6132 		25.429
v -3.707 		-18.635 		25.6008
v 19.825 		0.002 		35.509
v -3.7962 		-18.6126 		25.426
v 19.655 		2.59 		35.509
v -3.9648 		-18.5704 		25.1933
v -4.096 		-18.5375 		25.0125
v 19.996 		0.002 		33.333
v 19.9 		1.962 		33.333
v 19.825 		2.612 		33.333
v 19.842 		2.3532 		33.333
v 19.612 		3.903 		33.333
v 19.7404 		3.0377 		33.333
v 7.4221 		-17.4826 		24.548
v 19.804 		2.6093 		33.0638
v 7.4103 		-17.4881 		24.536
v 19.777 		2.7912 		33.1784
v 7.86 		-17.2756 		20.036
v -14.15 		14.1416 		0.0059
v -14.1509 		14.1406 		0.0069
v -14.1522 		14.1392 		0.0083
v -14.1541 		14.1371 		0.0105
v -14.1575 		14.1333 		0.0145
v -5.665 		-18.399 		24.061
v -14.1653 		14.1247 		0.024
v -3.4007 		-18.6805 		26.2827
v -3.3352 		-18.6902 		26.4721
v -3.4989 		-18.6659 		26
v -3.6481 		-18.6437 		25.7142
v -2.6332 		-18.7945 		24.576
v -2.494 		-18.8151 		24.938
v -2.2808 		-18.8468 		25.6707
v 14.139 		0.002 		45.118
v 14.018 		1.848 		45.118
v 13.657 		3.662 		45.118
v -1.999 		-19.8945 		28
v 12.172 		0.002 		46.556
v -3.181 		-19.026 		28
v 12.068 		1.591 		46.556
v 11.757 		3.153 		46.556
v 15.863 		0.002 		43.479
v 15.728 		2.073 		43.479
v 15.323 		4.108 		43.479
v 16.629 		-11.111 		8.333
v 17.638 		-9.427 		8.333
v 18.478 		-7.653 		8.333
v 19.139 		-5.804 		8.333
v 17.169 		-2.259 		41.667
v 10.312 		-4.901 		8.333
v 18.316 		-2.41 		39.711
v 11.1293 		-4.6082 		8.333
v 9.425 		-5.32 		8.333
v 19.149 		-2.519 		37.647
v 8.584 		-5.825 		8.333
v 7.795 		-6.409 		8.333
v 7.068 		-7.068 		8.333
v 6.409 		-7.795 		8.333
v -15.464 		12.691 		1.6379
v 12.687 		-15.46 		8.333
v 14.142 		-14.142 		8.333
v 15.46 		-12.687 		8.333
v 19.655 		-2.586 		35.509
v 19.612 		-3.899 		33.333
v 19.7404 		-3.0337 		33.333
v 5.825 		-8.584 		8.333
v 19.825 		-2.608 		33.333
v 5.32 		-9.425 		8.333
v 19.9 		-1.958 		33.333
v 19.842 		-2.3492 		33.333
v 4.901 		-10.312 		8.333
v 19.804 		-2.6053 		33.0638
v 19.825 		-2.4635 		33.2126
v 4.6082 		-11.1293 		8.333
v 11.757 		-3.149 		46.556
v 12.068 		-1.587 		46.556
v 13.657 		-3.658 		45.118
v 14.018 		-1.844 		45.118
v 19.139 		-5.804 		4.8969
v -16.3753 		6.7838 		6.4088
v -16.3749 		6.7836 		6.4088
v 15.323 		-4.104 		43.479
v -15.665 		6.49 		6.5028
v -15.6647 		6.4898 		6.5029
v 15.728 		-2.069 		43.479
v -3.224 		-19.01 		27.305
v -14.9268 		6.1839 		6.6649
v -14.9267 		6.1839 		6.665
v -14.143 		5.8593 		6.9035
v -3.1206 		-18.7221 		27.6863
v -3.123 		-18.7217 		27.648
v -3.1269 		-18.7211 		27.587
v -3.1454 		-18.7184 		27.305
v -3.2798 		-18.6984 		26.632
v -3.224 		-18.7067 		26.9125
v -3.2806 		-18.6983 		26.6297
v -14.1428 		5.8592 		6.9036
v -13.2925 		5.507 		7.2318
v -3.2826 		-18.698 		26.624
v -2.279 		-18.8471 		25.677
v -2.124 		-18.8701 		26.439
v -2.0326 		-18.8837 		27.2023
v -13.2923 		5.5069 		7.2319
v -12.3471 		5.1156 		7.6706
v -11.2691 		4.6684 		8.2507
v -11.2686 		4.6682 		8.251
v -12.3468 		5.1155 		7.6707
v -3.1006 		-18.7251 		28
v -3.1186 		-18.7224 		28.2755
v -3.1008 		-18.725 		27.9965
v -2.031 		-18.8839 		27.216
v -1.999 		-18.8887 		28
v -2.0047 		-18.8878 		28.1398
v -2.011 		-18.8869 		28.2933
v -19.143 		5.808 		4.8969
v -2.011 		-18.8869 		28.2936
v -3.1193 		-18.7223 		28.2861
v -7.01 		-17.822 		24.241
v -3.903 		-19.612 		22.3424
v -3.904 		-19.6117 		22.341
v -6.521 		-18 		24.061
v -2.767 		-19.7806 		24.228
v -3.095 		-19.7319 		23.554
v -3.475 		-19.6755 		22.923
v -6.513 		-18.09 		24.061
v -6.49 		-18.178 		24.061
v -3.904 		-18.5856 		22.341
v -3.707 		-18.635 		22.6083
v -3.475 		-18.6695 		22.923
v -3.095 		-18.7259 		23.554
v -2.767 		-18.7746 		24.228
v 5.804 		19.143 		4.8969
v -19.6129 		-3.9281 		3.2911
v -19.62 		-3.9 		3.2674
v -7.4221 		-17.4826 		24.548
v -7.4103 		-17.4881 		24.536
v 11.087 		16.6474 		3.2901
v 11.111 		16.633 		3.2672
v -7.4084 		-17.4891 		24.5347
v 20 		0.002 		8.333
v -7.4065 		-17.49 		24.5334
v 19.904 		1.963 		8.333
v -7.271 		-17.554 		24.4414
v 19.616 		3.904 		8.333
v 7.652 		18.482 		6.503
v 7.6526 		18.4817 		6.5036
v 7.6511 		18.4779 		6.5028
v -4.851 		-18.964 		24.536
v 16.6434 		-11.087 		3.2901
v 16.629 		-11.111 		3.2672
v -5.34 		-18.786 		24.241
v -5.214 		-18.66 		24.241
v 9.427 		17.642 		4.897
v -19.908 		-1.959 		1.638
v 18.4781 		-7.6528 		6.5037
v -6 		-18.521 		24.061
v 18.4739 		-7.6511 		6.5028
v -5.91 		-18.513 		24.061
v -5.822 		-18.49 		24.061
v -5.74 		-18.451 		24.061
v 18.478 		-7.653 		6.5035
v 17.638 		-9.427 		4.897
v 8.819 		-16.974 		28
v 18.4735 		-7.6509 		6.5027
v 17.7636 		-7.3565 		6.4087
v 8.7502 		-16.8547 		27.8162
v 8.7504 		-16.8547 		27.8191
v 8.7402 		-16.8595 		27.648
v 8.776 		-16.99 		27.305
v 8.7198 		-16.8691 		27.305
v 8.649 		-17.036 		26.632
v 8.598 		-16.9267 		26.632
v 8.6875 		-16.8844 		27.1273
v 8.5969 		-16.9272 		26.6285
v 17.0677 		-7.0686 		6.3779
v 17.0673 		-7.0684 		6.3779
v 17.7634 		-7.3565 		6.4087
v 8.5955 		-16.9279 		26.624
v 8.441 		-17.111 		26
v 8.5473 		-16.9507 		26.471
v 8.399 		-17.0208 		26
v 8.3361 		-17.0505 		25.8672
v 8.957 		-16.757 		27.8349
v -5.601 		-18.335 		24.061
v 7.6509 		18.4775 		6.5027
v 7.3565 		17.7676 		6.4087
v -5.549 		-18.26 		24.061
v 8.263 		-17.601 		30.571
v 16.3713 		-6.7798 		6.4088
v 16.3709 		-6.7796 		6.4088
v 15.661 		-6.486 		6.5028
v 15.6607 		-6.4858 		6.5029
v 8.441 		-17.111 		30
v 8.399 		-17.0208 		30
v 8.4947 		-16.9755 		29.696
v 8.441 		-17.0009 		29.8665
v 14.9228 		-6.1799 		6.6649
v 8.649 		-17.036 		29.368
v 8.598 		-16.9267 		29.368
v 8.5982 		-16.9266 		29.3669
v 8.776 		-16.99 		28.695
v 8.6274 		-16.9128 		29.2064
v 14.9227 		-6.1799 		6.665
v 8.7198 		-16.8691 		28.695
v 14.139 		-5.8553 		6.9035
v 8.7212 		-16.8685 		28.672
v 8.761 		-16.8496 		28
v 8.7303 		-16.8642 		28.5165
v 8.7608 		-16.8498 		27.9961
v 14.1388 		-5.8552 		6.9036
v 13.2885 		-5.503 		7.2318
v 13.2883 		-5.5029 		7.2319
v 12.3431 		-5.1116 		7.6706
v 11.2651 		-4.6644 		8.2507
v 11.2646 		-4.6642 		8.251
v 12.3428 		-5.1115 		7.6707
v 6.178 		-19.01 		31.759
v 6.1791 		-19.0097 		31.759
v 6.178 		-19.0101 		31.7589
v 6.1781 		-19.0101 		31.7589
v 7.0686 		17.0717 		6.3779
v 7.0684 		17.0713 		6.3779
v 7.3565 		17.7674 		6.4087
v 19.139 		5.808 		4.8969
v 17.0673 		7.0724 		6.3779
v 17.7634 		7.3605 		6.4087
v 17.7636 		7.3605 		6.4087
v -20 		-0.0797 		0.0681
v 17.0677 		7.0726 		6.3779
v -5.632 		-18.1402 		24.0461
v -5.515 		-18.182 		24.0607
v -5.888 		-18.0486 		24.0143
v -5.952 		-18.0257 		24.0064
v -5.8897 		-18.048 		24.0141
v -6.016 		-18.0028 		24.0019
v -6.0119 		-18.0043 		24.0015
v 3.824 		-10.758 		8.333
v 2.901 		-10.428 		8.333
v -6.0092 		-18.0053 		24.0012
v 1.949 		-10.189 		8.333
v 0.978 		-10.045 		8.333
v -6.0071 		-18.006 		24.0011
v -0.002 		-9.997 		8.333
v -0.982 		-10.045 		8.333
v -6.0055 		-18.0066 		24.001
v -1.953 		-10.189 		8.333
v -2.905 		-10.428 		8.333
v -6.0041 		-18.0071 		24.001
v -3.828 		-10.758 		8.333
v -6.0027 		-18.0076 		24.0009
v 1.959 		-19.904 		8.333
v 3.9 		-19.616 		8.333
v -6.0014 		-18.008 		24.001
v -0.002 		-20 		8.333
v -3.904 		-19.616 		8.333
v -6 		-18.0085 		24.001
v -1.963 		-19.904 		8.333
v -5.9984 		-18.0091 		24.0011
v -5.9964 		-18.0098 		24.0012
v -5.9938 		-18.0108 		24.0015
v -5.9897 		-18.0122 		24.0019
v -5.9823 		-18.0149 		24.0027
v -5.9609 		-18.0225 		24.0053
v -6.0469 		-17.9918 		24.0056
v -6.144 		-17.9571 		24.0176
v -6.0239 		-18 		24.0028
v -6.016 		-18.0028 		24.0019
v -20.0039 		-0.0001 		0.0037
v -20.0039 		-0.0006 		0.0039
v -20.0038 		-0.0012 		0.0041
v -20.0038 		-0.0018 		0.0045
v -20.0038 		-0.0026 		0.005
v -20.0037 		-0.0036 		0.0056
v -20.0037 		-0.0049 		0.0065
v -20.0036 		-0.0066 		0.0078
v -20.0034 		-0.0094 		0.0099
v 3.9281 		-19.6089 		3.2911
v 3.9 		-19.616 		3.2674
v -20.0032 		-0.0141 		0.0137
v -20.0027 		-0.0251 		0.0227
v -6.656 		-17.7739 		24.1229
v -6.4927 		-17.8323 		24.061
v -6.513 		-17.91 		24.061
v -6.4922 		-17.8325 		24.0609
v -6.2476 		-17.92 		24.0305
v -7.168 		-17.5908 		24.3734
v -6.9676 		-17.6625 		24.241
v -6.8971 		-17.6877 		24.2143
v 1.959 		-19.904 		1.638
v -4.701 		-18.75 		24.536
v -4.59 		-18.513 		24.536
v -5.111 		-18.513 		24.241
v 5.822 		-19.01 		31.759
v 6 		-19.026 		31.759
v 5.253 		-19.2818 		31.4739
v 5.2611 		-19.2798 		31.4778
v 5.2327 		-19.2869 		31.464
v 5.5617 		-19.2045 		31.5999
v 5.487 		-19.2232 		31.5698
v 5.6861 		-19.1733 		31.6387
v 5.7983 		-19.1452 		31.6736
v 18.478 		7.656 		6.503
v 18.4735 		7.6549 		6.5027
v 18.4739 		7.6551 		6.5028
v 5.807 		-19.143 		31.6754
v 5.863 		-19.1229 		31.691
v 6 		-19.0739 		31.7292
v 6.0229 		-19.0657 		31.7331
v 18.4777 		7.6566 		6.5036
v 5.036 		-19.149 		31.464
v 16.6434 		11.091 		3.2901
v 4.523 		-19.24 		31.064
v 17.638 		9.431 		4.897
v 16.629 		11.115 		3.2672
v -16.6474 		11.091 		3.2901
v -16.633 		11.115 		3.2672
v -18.482 		7.656 		6.503
v -18.4817 		7.6566 		6.5036
v -18.4779 		7.6551 		6.5028
v -17.642 		9.431 		4.897
v -18.4775 		7.6549 		6.5027
v -17.7676 		7.3605 		6.4087
v -17.0717 		7.0726 		6.3779
v -17.0713 		7.0724 		6.3779
v -17.7674 		7.3605 		6.4087
v 4.8364 		-19.3861 		31.1748
v 4.7027 		-19.4197 		31.064
v 15.46 		-12.687 		1.6379
v 5.036 		-19.3362 		31.3203
v -4.5654 		-18.4199 		24.536
v -4.5666 		-18.4196 		24.5352
v -5.036 		-18.351 		24.241
v -4.7591 		-18.3714 		24.4113
v -6.073 		-4.657 		48.731
v -5.0238 		-18.3051 		24.241
v -5.413 		-5.409 		48.731
v -5.12 		-18.281 		24.2055
v -5.4836 		-18.1899 		24.0714
v -5.4641 		-18.1948 		24.0784
v -5.5011 		-18.1855 		24.065
v -4.661 		-6.069 		48.731
v -5.5122 		-18.1827 		24.061
v -5.1853 		-18.2646 		24.1814
v -7.935 		-6.085 		47.767
v -7.072 		-7.068 		47.767
v -6.089 		-7.931 		47.767
v -8.661 		-4.998 		47.767
v -11.249 		-4.657 		46.556
v -10.545 		-6.085 		46.556
v -9.66 		-7.409 		46.556
v 12.687 		15.464 		1.6379
v -13.066 		-5.409 		45.118
v -12.248 		-7.068 		45.118
v -14.66 		-6.069 		43.479
v -13.742 		-7.931 		43.479
v 15.46 		12.691 		1.6379
v -16.002 		-6.626 		41.667
v -5.001 		-8.657 		47.767
v -7.413 		-9.656 		46.556
v -6.089 		-10.541 		46.556
v -4.661 		-11.245 		46.556
v -7.072 		-12.244 		45.118
v -5.413 		-13.062 		45.118
v -7.935 		-13.738 		43.479
v -6.073 		-14.656 		43.479
v -6.63 		-15.998 		41.667
v -8.61 		-8.606 		46.556
v -11.221 		-8.606 		45.118
v -10.001 		-9.997 		45.118
v -8.61 		-11.217 		45.118
v -12.589 		-9.656 		43.479
v -11.221 		-11.217 		43.479
v -9.66 		-12.585 		43.479
v 4.24 		-19.477 		30.571
v 4.2868 		-19.5238 		30.571
v 4.1405 		-19.5605 		30.324
v 4.1405 		-19.5605 		25.676
v 4.523 		-19.24 		24.936
v 4.7027 		-19.4197 		24.936
v 4.8364 		-19.3861 		24.8252
v 4.24 		-19.477 		25.429
v 4.2868 		-19.5238 		25.429
v 0.0797 		-19.996 		0.0681
v 6.3434 		-18.9509 		31.7642
v 6.3459 		-18.95 		31.7643
v 6.513 		-18.889 		31.759
v 6.5026 		-18.8938 		31.759
v 6.66 		-18.786 		31.759
v 6.5135 		-18.8899 		31.7583
v 0.0001 		-19.9999 		0.0037
v 6.5142 		-18.8897 		31.7582
v 0.0006 		-19.9999 		0.0039
v 0.0012 		-19.9998 		0.0041
v 0.0018 		-19.9998 		0.0045
v 0.0026 		-19.9998 		0.005
v 6.6931 		-18.8256 		31.7268
v 6.8966 		-18.7527 		31.6691
v 0.0036 		-19.9997 		0.0056
v 7.0339 		-18.7035 		31.6164
v 7.1479 		-18.6627 		31.5727
v 0.0049 		-19.9997 		0.0065
v 0.0066 		-19.9996 		0.0078
v 0.0094 		-19.9994 		0.0099
v 0.0141 		-19.9992 		0.0137
v 0.0251 		-19.9987 		0.0227
v 5.34 		-18.786 		31.759
v 5.487 		-18.889 		31.759
v 5.649 		-18.964 		31.759
v 4.851 		-18.964 		31.464
v 4.33 		-18.964 		31.064
v 4.33 		-18.964 		24.936
v 7.477 		-18.26 		31.464
v 7.899 		-18.335 		31.064
v 7.8896 		-18.3701 		31.064
v 7.9463 		-18.3433 		31
v 14.1998 		14.0822 		0.0717
v 6.964 		-18.351 		31.759
v 7.01 		-18.178 		31.759
v 6.335 		-18.399 		31.939
v 6.399 		-18.335 		31.939
v 6.451 		-18.26 		31.939
v 5.665 		-18.399 		31.939
v -15.001 		-8.657 		41.667
v -13.742 		-10.541 		41.667
v -12.248 		-12.244 		41.667
v -10.545 		-13.738 		41.667
v -8.661 		-14.997 		41.667
v 14.1998 		-14.0782 		0.0717
v -16.002 		-9.236 		39.711
v -14.66 		-11.245 		39.711
v -13.066 		-13.062 		39.711
v -11.249 		-14.656 		39.711
v -9.24 		-15.998 		39.711
v -15.327 		-11.757 		37.647
v -13.661 		-13.657 		37.647
v -11.761 		-15.323 		37.647
v 14.1442 		-14.1395 		0.0044
v 14.1447 		-14.139 		0.0048
v 14.1453 		-14.1384 		0.0053
v 14.146 		-14.1376 		0.0059
v 14.1469 		-14.1366 		0.0069
v 14.1482 		-14.1352 		0.0083
v 14.1501 		-14.1331 		0.0105
v 14.1535 		-14.1293 		0.0145
v 14.1613 		-14.1207 		0.024
v 14.139 		-14.139 		0
v -3.9321 		-19.6089 		3.2911
v -3.904 		-19.616 		3.2674
v -1.963 		-19.904 		1.638
v 14.14 		-14.1438 		0.0041
v 14.1404 		-14.1435 		0.0039
v 14.1407 		-14.1432 		0.0038
v 14.1411 		-14.1429 		0.0036
v 14.1414 		-14.1426 		0.0036
v 14.1417 		-14.1423 		0.0035
v 14.142 		-14.142 		0.0035
v 14.1423 		-14.1417 		0.0035
v 14.1426 		-14.1414 		0.0036
v 14.1429 		-14.1411 		0.0036
v 14.1432 		-14.1407 		0.0038
v 14.1435 		-14.1404 		0.0039
v 14.1438 		-14.14 		0.0041
v -0.0837 		-19.996 		0.0681
v -0.002 		-19.996 		0
v -0.0291 		-19.9987 		0.0227
v -0.0181 		-19.9992 		0.0137
v 14.1207 		-14.1613 		0.024
v -0.0134 		-19.9994 		0.0099
v -0.0106 		-19.9996 		0.0078
v 14.1293 		-14.1535 		0.0145
v -0.0089 		-19.9997 		0.0065
v 14.1331 		-14.1501 		0.0105
v -0.0076 		-19.9997 		0.0056
v 14.1352 		-14.1482 		0.0083
v -0.0066 		-19.9998 		0.005
v 14.1366 		-14.1469 		0.0069
v -0.0058 		-19.9998 		0.0045
v 14.1376 		-14.146 		0.0059
v -0.0052 		-19.9998 		0.0041
v 14.1384 		-14.1453 		0.0053
v -0.0046 		-19.9999 		0.0039
v 14.139 		-14.1447 		0.0048
v -0.0041 		-19.9999 		0.0037
v 14.1395 		-14.1442 		0.0044
v -0.0036 		-19.9999 		0.0035
v -0.0032 		-19.9999 		0.0034
v -0.0028 		-20 		0.0034
v -0.0024 		-20 		0.0033
v -0.002 		-20 		0.0033
v -0.0016 		-20 		0.0033
v -0.0012 		-20 		0.0034
v -0.0008 		-19.9999 		0.0034
v -0.0004 		-19.9999 		0.0035
v 14.0782 		-14.1998 		0.0717
v 12.687 		-15.46 		1.6379
v -15.732 		-12.068 		35.509
v -14.022 		-14.018 		35.509
v -12.072 		-15.728 		35.509
v -16.1033 		-11.8185 		33.333
v 4.6642 		-11.2646 		8.251
v -15.461 		-12.685 		33.333
v -14.143 		-14.139 		33.333
v 5.1115 		-12.3428 		7.6707
v 5.1116 		-12.3431 		7.6706
v 4.6644 		-11.2651 		8.2507
v 5.5029 		-13.2883 		7.2319
v 5.503 		-13.2885 		7.2318
v -13.3387 		-14.868 		33.333
v -13.3387 		-14.8439 		33.333
v 5.8552 		-14.1388 		6.9036
v 5.8553 		-14.139 		6.9035
v -13.099 		-15.02 		33.659
v 6.1799 		-14.9227 		6.665
v 6.1799 		-14.9228 		6.6649
v 6.4858 		-15.6607 		6.5029
v 6.486 		-15.661 		6.5028
v 6.7796 		-16.3709 		6.4088
v 6.7798 		-16.3713 		6.4088
v 5.804 		-19.139 		4.8969
v 3.149 		4.108 		49.432
v 4.104 		3.153 		49.432
v 1.587 		2.073 		49.857
v 1.303 		2.263 		49.857
v 0.997 		2.414 		49.857
v 0.674 		2.523 		49.857
# 2640 vertices

g group_0_3888547

usemtl color_3888547
s 0

f 135 	506 	133
f 131 	133 	506
f 134 	506 	135
f 506 	921 	129
f 127 	129 	921
f 134 	135 	156
f 156 	135 	168
f 127 	177 	129
f 177 	168 	131
f 133 	131 	168
f 362 	177 	155
f 168 	135 	133
f 131 	129 	177
f 168 	177 	363
f 127 	155 	177
f 168 	363 	365
f 207 	208 	206
f 2528 	206 	209
f 208 	209 	206
f 2500 	210 	2499
f 2514 	213 	212
f 207 	206 	2515
f 218 	2499 	210
f 615 	288 	611
f 2524 	2425 	228
f 295 	2524 	288
f 288 	2524 	228
f 308 	307 	723
f 307 	312 	723
f 309 	311 	310
f 311 	314 	310
f 310 	630 	309
f 728 	723 	312
f 317 	728 	313
f 312 	313 	728
f 326 	1223 	314
f 321 	728 	319
f 321 	320 	728
f 314 	311 	209
f 311 	309 	209
f 315 	209 	309
f 315 	1944 	209
f 322 	728 	320
f 324 	728 	322
f 327 	323 	1223
f 351 	330 	331
f 209 	327 	326
f 326 	314 	209
f 331 	728 	329
f 330 	728 	331
f 328 	329 	728
f 638 	640 	332
f 338 	341 	339
f 340 	341 	338
f 340 	2303 	341
f 305 	342 	306
f 342 	749 	307
f 307 	308 	342
f 342 	308 	306
f 652 	653 	343
f 319 	318 	542
f 321 	348 	320
f 322 	320 	348
f 324 	322 	350
f 348 	350 	322
f 345 	328 	350
f 324 	350 	328
f 345 	329 	328
f 351 	331 	345
f 345 	331 	329
f 346 	2533 	347
f 347 	344 	349
f 347 	2533 	344
f 349 	344 	343
f 349 	343 	657
f 339 	343 	344
f 339 	344 	338
f 350 	547 	345
f 362 	300 	370
f 177 	362 	370
f 469 	180 	365
f 468 	469 	365
f 156 	168 	365
f 365 	180 	156
f 474 	1058 	180
f 300 	487 	370
f 487 	488 	370
f 547 	351 	345
f 858 	859 	351
f 351 	857 	858
f 586 	537 	317
f 542 	348 	321
f 321 	319 	542
f 363 	177 	370
f 462 	463 	363
f 463 	464 	363
f 363 	370 	462
f 465 	462 	370
f 466 	363 	464
f 365 	363 	466
f 466 	467 	365
f 468 	365 	467
f 180 	469 	470
f 470 	472 	180
f 472 	474 	180
f 485 	486 	300
f 487 	300 	486
f 490 	370 	488
f 490 	465 	370
f 496 	506 	134
f 129 	131 	506
f 498 	506 	497
f 496 	497 	506
f 740 	743 	498
f 499 	502 	498
f 506 	498 	502
f 502 	503 	506
f 503 	744 	506
f 504 	921 	505
f 505 	921 	506
f 305 	431 	434
f 342 	305 	434
f 537 	318 	316
f 586 	317 	313
f 318 	537 	542
f 552 	351 	547
f 552 	857 	351
f 313 	312 	586
f 316 	317 	537
f 348 	542 	759
f 579 	584 	581
f 581 	1150 	579
f 753 	537 	586
f 754 	759 	542
f 692 	346 	667
f 347 	666 	346
f 759 	593 	348
f 591 	595 	592
f 591 	594 	595
f 547 	350 	599
f 599 	604 	547
f 552 	547 	604
f 592 	596 	597
f 600 	592 	597
f 691 	2536 	692
f 591 	626 	594
f 667 	346 	666
f 596 	592 	595
f 721 	722 	593
f 600 	597 	579
f 350 	593 	599
f 593 	350 	348
f 603 	574 	602
f 574 	603 	579
f 601 	598 	579
f 601 	579 	602
f 684 	216 	217
f 724 	725 	599
f 218 	210 	686
f 626 	625 	863
f 626 	863 	594
f 687 	210 	688
f 603 	602 	579
f 600 	579 	598
f 596 	579 	597
f 605 	606 	607
f 616 	581 	614
f 612 	606 	605
f 288 	228 	606
f 706 	863 	707
f 606 	228 	608
f 614 	584 	596
f 2521 	2537 	228
f 609 	610 	615
f 613 	615 	610
f 584 	614 	581
f 613 	617 	615
f 609 	615 	611
f 617 	619 	615
f 584 	579 	596
f 620 	615 	619
f 612 	611 	288
f 623 	625 	622
f 615 	620 	291
f 622 	625 	626
f 591 	622 	626
f 291 	620 	621
f 291 	295 	615
f 707 	863 	710
f 710 	863 	623
f 295 	288 	615
f 623 	863 	625
f 627 	628 	300
f 628 	629 	300
f 300 	291 	627
f 627 	291 	624
f 621 	624 	291
f 629 	485 	300
f 315 	309 	630
f 1405 	630 	310
f 1415 	631 	630
f 641 	332 	640
f 1793 	1792 	596
f 596 	634 	635
f 596 	635 	633
f 633 	642 	596
f 2005 	642 	643
f 633 	632 	642
f 643 	642 	632
f 2005 	596 	642
f 1784 	1772 	596
f 431 	644 	434
f 646 	434 	644
f 305 	306 	723
f 316 	728 	317
f 306 	308 	723
f 318 	319 	728
f 343 	647 	648
f 825 	824 	339
f 339 	341 	819
f 339 	819 	827
f 657 	343 	653
f 657 	653 	655
f 654 	343 	656
f 652 	343 	654
f 658 	659 	657
f 655 	658 	657
f 660 	657 	659
f 648 	656 	343
f 689 	2534 	690
f 690 	2535 	691
f 349 	669 	347
f 666 	347 	669
f 349 	657 	672
f 349 	672 	669
f 657 	660 	672
f 693 	606 	675
f 693 	694 	606
f 674 	675 	606
f 606 	608 	674
f 677 	674 	608
f 2537 	680 	677
f 608 	2537 	677
f 2537 	214 	680
f 685 	684 	217
f 217 	218 	685
f 211 	689 	688
f 694 	695 	606
f 607 	606 	695
f 2130 	841 	631
f 723 	645 	699
f 698 	699 	645
f 723 	728 	645
f 646 	644 	700
f 700 	698 	646
f 698 	701 	699
f 700 	701 	698
f 699 	701 	723
f 701 	700 	723
f 644 	305 	723
f 904 	706 	707
f 705 	709 	706
f 705 	708 	709
f 708 	863 	709
f 715 	863 	708
f 710 	905 	707
f 703 	906 	713
f 713 	714 	703
f 704 	703 	714
f 705 	704 	708
f 715 	708 	704
f 709 	863 	706
f 718 	863 	711
f 704 	714 	715
f 730 	732 	604
f 714 	863 	715
f 713 	863 	714
f 712 	863 	713
f 711 	863 	712
f 718 	875 	717
f 720 	593 	719
f 593 	803 	719
f 593 	720 	721
f 599 	593 	722
f 722 	724 	599
f 727 	604 	726
f 728 	729 	645
f 716 	645 	729
f 727 	730 	604
f 716 	731 	717
f 604 	599 	726
f 726 	599 	725
f 729 	731 	716
f 1163 	1164 	732
f 431 	305 	644
f 737 	740 	180
f 180 	740 	156
f 156 	496 	134
f 497 	496 	740
f 740 	496 	156
f 756 	757 	737
f 740 	498 	497
f 743 	740 	737
f 742 	743 	737
f 499 	498 	743
f 499 	743 	502
f 742 	744 	743
f 503 	502 	744
f 744 	502 	743
f 746 	504 	505
f 746 	505 	744
f 744 	505 	506
f 749 	342 	748
f 748 	342 	434
f 749 	751 	586
f 312 	307 	749
f 1058 	1003 	737
f 586 	312 	749
f 757 	758 	742
f 762 	742 	761
f 742 	737 	757
f 750 	742 	762
f 760 	761 	742
f 754 	542 	537
f 750 	744 	742
f 750 	746 	744
f 1145 	749 	748
f 752 	746 	750
f 751 	775 	753
f 586 	751 	753
f 776 	777 	753
f 768 	747 	752
f 747 	746 	752
f 777 	778 	753
f 990 	639 	332
f 754 	537 	753
f 756 	737 	755
f 760 	742 	758
f 750 	762 	763
f 764 	765 	750
f 763 	764 	750
f 593 	759 	802
f 801 	802 	759
f 752 	765 	766
f 752 	766 	767
f 752 	750 	765
f 768 	752 	769
f 752 	767 	769
f 770 	991 	768
f 769 	770 	768
f 771 	772 	751
f 773 	775 	751
f 772 	773 	751
f 774 	771 	751
f 332 	768 	992
f 776 	753 	775
f 778 	779 	754
f 786 	799 	754
f 779 	786 	754
f 754 	753 	778
f 799 	800 	754
f 759 	754 	800
f 800 	801 	759
f 593 	802 	803
f 821 	819 	820
f 819 	341 	829
f 822 	823 	819
f 819 	823 	820
f 343 	824 	647
f 343 	339 	824
f 825 	339 	827
f 819 	821 	827
f 819 	829 	822
f 831 	822 	829
f 832 	831 	829
f 2303 	2308 	829
f 829 	834 	832
f 834 	829 	835
f 2308 	835 	829
f 839 	836 	838
f 838 	836 	840
f 842 	840 	836
f 842 	836 	841
f 843 	842 	841
f 844 	845 	841
f 841 	845 	843
f 841 	846 	844
f 717 	863 	718
f 731 	863 	717
f 729 	863 	731
f 700 	644 	723
f 316 	318 	728
f 596 	595 	863
f 324 	328 	728
f 552 	1094 	857
f 330 	351 	859
f 858 	860 	859
f 859 	728 	330
f 860 	728 	859
f 860 	858 	863
f 863 	728 	860
f 1784 	596 	862
f 1774 	596 	1772
f 862 	596 	863
f 1115 	872 	874
f 875 	874 	716
f 716 	717 	875
f 872 	645 	874
f 645 	872 	888
f 645 	716 	874
f 897 	646 	881
f 897 	434 	646
f 881 	646 	888
f 888 	698 	645
f 646 	698 	888
f 748 	897 	1105
f 748 	434 	897
f 748 	1105 	1145
f 902 	1158 	903
f 601 	902 	903
f 900 	591 	1156
f 1156 	591 	592
f 1156 	592 	1157
f 903 	1157 	592
f 592 	600 	903
f 598 	903 	600
f 903 	598 	601
f 602 	902 	601
f 574 	902 	602
f 906 	864 	1117
f 906 	1117 	875
f 906 	703 	864
f 712 	713 	906
f 864 	703 	865
f 865 	703 	866
f 704 	866 	703
f 866 	705 	904
f 704 	705 	866
f 705 	706 	904
f 904 	707 	905
f 905 	622 	900
f 622 	905 	623
f 710 	623 	905
f 591 	900 	622
f 875 	718 	711
f 711 	906 	875
f 711 	712 	906
f 920 	2495 	918
f 918 	1051 	920
f 920 	919 	2495
f 921 	2495 	919
f 930 	931 	929
f 933 	931 	930
f 935 	921 	1031
f 919 	1031 	921
f 930 	929 	1032
f 935 	934 	209
f 929 	209 	934
f 933 	209 	931
f 929 	931 	209
f 941 	942 	944
f 944 	945 	941
f 941 	1034 	942
f 942 	949 	209
f 949 	948 	209
f 950 	209 	948
f 951 	209 	950
f 952 	209 	951
f 956 	209 	952
f 945 	954 	1296
f 945 	944 	209
f 944 	942 	209
f 325 	209 	955
f 992 	990 	332
f 638 	332 	639
f 992 	768 	991
f 737 	180 	1058
f 755 	737 	1003
f 1003 	1058 	1005
f 323 	209 	325
f 851 	1033 	852
f 1043 	852 	1033
f 854 	1051 	918
f 920 	1031 	919
f 920 	1051 	1031
f 1032 	934 	935
f 935 	1031 	1032
f 934 	1032 	929
f 949 	1034 	948
f 949 	942 	1034
f 950 	948 	1293
f 1034 	1293 	948
f 1293 	1294 	950
f 953 	1295 	954
f 941 	945 	1296
f 1032 	1328 	930
f 930 	1295 	933
f 1041 	1320 	1043
f 1041 	1043 	1033
f 1051 	854 	1043
f 852 	1043 	854
f 1043 	1321 	1051
f 1051 	1321 	1322
f 1031 	1051 	1322
f 595 	594 	863
f 728 	863 	729
f 1164 	1168 	1094
f 552 	1164 	1094
f 2042 	857 	1094
f 1157 	1314 	1156
f 1103 	1104 	1105
f 1104 	1106 	1105
f 1112 	1103 	1105
f 1146 	1145 	1113
f 1106 	1113 	1105
f 872 	1446 	1114
f 1307 	1305 	864
f 1308 	1307 	865
f 864 	865 	1307
f 865 	866 	1308
f 1309 	1308 	866
f 866 	904 	1309
f 874 	875 	1116
f 1116 	875 	1117
f 872 	1115 	1446
f 1116 	1115 	874
f 1114 	1453 	881
f 888 	1114 	881
f 888 	872 	1114
f 1453 	1454 	881
f 1135 	881 	1136
f 1135 	1138 	881
f 1105 	1141 	1112
f 1143 	897 	881
f 1143 	881 	1138
f 897 	1141 	1105
f 1143 	1141 	897
f 1105 	1113 	1145
f 1145 	1146 	1147
f 751 	1145 	774
f 1147 	774 	1145
f 751 	749 	1145
f 1150 	1162 	574
f 574 	579 	1150
f 1150 	581 	1153
f 1156 	1313 	900
f 1157 	1158 	1315
f 1159 	1316 	1158
f 1157 	903 	1158
f 902 	1159 	1158
f 902 	1161 	1159
f 1101 	1159 	1161
f 1298 	1101 	1162
f 1161 	1162 	1101
f 902 	574 	1161
f 1162 	1161 	574
f 1311 	1310 	905
f 900 	1312 	905
f 604 	732 	1164
f 1163 	1165 	1164
f 1164 	552 	604
f 1166 	1167 	1168
f 1167 	1169 	1168
f 1168 	1164 	1166
f 1165 	1166 	1164
f 1170 	1168 	1169
f 1172 	1168 	1171
f 1171 	1168 	1170
f 2041 	1094 	1168
f 643 	632 	1173
f 1056 	1319 	1033
f 310 	314 	1223
f 1405 	310 	1223
f 1292 	323 	325
f 325 	955 	1292
f 326 	327 	1223
f 1292 	1223 	323
f 1292 	955 	1228
f 956 	1228 	955
f 1292 	1232 	1223
f 1292 	1228 	1232
f 951 	950 	1294
f 1294 	952 	951
f 1294 	1228 	952
f 956 	952 	1228
f 953 	933 	1295
f 1295 	930 	1328
f 1296 	954 	1295
f 941 	1240 	1034
f 633 	635 	632
f 2405 	1173 	632
f 1299 	1300 	1301
f 1303 	1304 	1299
f 1302 	1303 	1299
f 1385 	1299 	1304
f 1296 	1240 	941
f 1240 	1242 	1293
f 1293 	1034 	1240
f 1290 	1293 	1242
f 1294 	1293 	1290
f 1294 	1426 	1228
f 1426 	1294 	1290
f 1328 	1743 	1295
f 1041 	1033 	1319
f 1338 	1664 	1319
f 1041 	1319 	1291
f 1664 	1291 	1319
f 1320 	1041 	1291
f 1043 	1320 	1321
f 1031 	1322 	1324
f 1031 	1324 	1032
f 1328 	1032 	1324
f 1738 	1321 	1737
f 1322 	1740 	1324
f 1324 	1741 	1328
f 641 	1331 	332
f 1331 	1333 	332
f 1331 	1338 	1333
f 1333 	2526 	332
f 1666 	1667 	1331
f 1319 	1056 	1333
f 1338 	1319 	1333
f 1446 	1386 	1387
f 1446 	1115 	1386
f 1116 	1117 	1390
f 1117 	864 	1305
f 904 	1310 	1309
f 904 	905 	1310
f 1311 	905 	1312
f 900 	1313 	1312
f 1313 	1156 	1314
f 1157 	1315 	1314
f 1317 	1101 	1318
f 1315 	1158 	1316
f 1316 	1159 	1317
f 1101 	1317 	1159
f 630 	1405 	1415
f 1405 	1422 	1415
f 2132 	2080 	1415
f 1405 	1424 	1422
f 1714 	1715 	1422
f 1722 	1717 	1422
f 1424 	1405 	1223
f 1223 	1232 	1424
f 1718 	1422 	1424
f 1428 	1228 	1426
f 1228 	1428 	1232
f 1428 	1431 	1232
f 1232 	1431 	1424
f 1424 	1431 	1718
f 1242 	1240 	1747
f 1747 	1748 	1242
f 1290 	1242 	1748
f 1748 	1750 	1290
f 1431 	1428 	1731
f 1730 	1731 	1428
f 1731 	1732 	1431
f 1426 	1290 	1750
f 1428 	1426 	1730
f 1298 	1318 	1101
f 1318 	1298 	1385
f 1299 	1385 	1298
f 1301 	1302 	1299
f 1444 	1445 	1446
f 1114 	1446 	1447
f 1445 	1447 	1446
f 1114 	1447 	1448
f 1448 	1450 	1114
f 1387 	1444 	1446
f 1388 	1386 	1115
f 1115 	1116 	1388
f 1390 	1388 	1116
f 1306 	1390 	1117
f 1305 	1306 	1117
f 1450 	1453 	1114
f 1136 	881 	1454
f 1456 	1162 	1458
f 1162 	1150 	1458
f 1456 	1458 	1460
f 1153 	1458 	1150
f 1458 	1153 	1461
f 1458 	1461 	1460
f 1643 	1642 	1461
f 1456 	1299 	1298
f 1298 	1162 	1456
f 1582 	1581 	596
f 1591 	596 	1581
f 1587 	1616 	1583
f 1588 	1587 	1583
f 1591 	616 	614
f 1647 	2123 	1472
f 614 	596 	1591
f 616 	1591 	1672
f 1582 	1583 	1616
f 1587 	1588 	1616
f 1618 	1616 	1588
f 1588 	1589 	1618
f 1472 	2406 	1649
f 1299 	1456 	1632
f 1299 	1632 	1641
f 1641 	1632 	1634
f 1633 	1634 	1632
f 1635 	1633 	1632
f 1632 	1456 	1460
f 1460 	1637 	1632
f 1632 	1637 	1635
f 1299 	1640 	1300
f 1299 	1641 	1640
f 1636 	1637 	1460
f 1460 	1642 	1639
f 1639 	1638 	1460
f 1460 	1638 	1636
f 1460 	1461 	1642
f 1643 	1461 	1644
f 1647 	1472 	1648
f 1472 	1649 	1648
f 1737 	1320 	1736
f 1291 	1736 	1320
f 1320 	1737 	1321
f 1321 	1738 	1322
f 1743 	1328 	1741
f 1295 	1743 	1744
f 1744 	1745 	1295
f 1658 	1669 	1659
f 1658 	1661 	1662
f 1658 	1662 	1669
f 1661 	1663 	1662
f 1662 	1664 	1338
f 1755 	1662 	1665
f 1663 	1665 	1662
f 1667 	1668 	1669
f 1668 	1670 	1669
f 1669 	1331 	1667
f 1591 	1581 	1672
f 1581 	1582 	1672
f 1616 	1672 	1582
f 1684 	1616 	1618
f 2154 	1684 	1618
f 1616 	1845 	1672
f 1659 	1669 	1660
f 1670 	1660 	1669
f 636 	637 	1331
f 1331 	637 	1666
f 641 	636 	1331
f 1338 	1331 	1669
f 1662 	1338 	1669
f 631 	1415 	2080
f 1715 	1712 	1415
f 1712 	1713 	1415
f 1713 	2132 	1415
f 1415 	1422 	1715
f 1714 	1422 	1717
f 1723 	1722 	1718
f 1422 	1718 	1722
f 1718 	1724 	1723
f 1718 	1725 	1724
f 1426 	1750 	1730
f 1729 	1730 	1750
f 1718 	1431 	1732
f 1732 	1725 	1718
f 1736 	1291 	1735
f 1240 	1296 	1746
f 1733 	1662 	1734
f 1753 	1752 	1662
f 1752 	1734 	1662
f 1735 	1664 	1733
f 1662 	1733 	1664
f 1664 	1735 	1291
f 1322 	1738 	1740
f 1741 	1324 	1740
f 1296 	1295 	1745
f 1745 	1746 	1296
f 1240 	1746 	1747
f 1755 	1753 	1662
f 1790 	1791 	596
f 1766 	1759 	596
f 1758 	596 	1759
f 1760 	596 	1758
f 1764 	596 	1760
f 596 	1764 	1761
f 1761 	1790 	596
f 1766 	1767 	1768
f 1767 	1769 	1768
f 1768 	1801 	1766
f 1766 	1801 	1759
f 1767 	596 	1769
f 1780 	1781 	596
f 1766 	596 	1767
f 1773 	1998 	1775
f 1775 	1999 	1779
f 1780 	1779 	1778
f 1778 	1781 	1780
f 1773 	596 	1774
f 1780 	596 	1779
f 1773 	1775 	596
f 1779 	596 	1775
f 1769 	596 	1783
f 1783 	596 	1782
f 1781 	1782 	596
f 1761 	1764 	1806
f 1793 	596 	1791
f 1795 	596 	1792
f 1785 	596 	1795
f 634 	596 	1785
f 1785 	1800 	634
f 634 	1800 	635
f 1801 	1758 	1759
f 1760 	1758 	1806
f 1801 	1806 	1758
f 1806 	1764 	1760
f 1806 	2060 	1761
f 1795 	2266 	1785
f 1830 	1829 	1831
f 1836 	1831 	209
f 1880 	1684 	1882
f 616 	1672 	1837
f 1844 	1837 	1672
f 1616 	1684 	1845
f 1837 	1153 	581
f 1837 	581 	616
f 1843 	1153 	1837
f 1851 	1848 	1843
f 1844 	1843 	1837
f 1869 	1867 	1844
f 1845 	1844 	1672
f 1874 	1876 	1845
f 1880 	1878 	1845
f 1843 	1461 	1153
f 1461 	1843 	1849
f 1848 	1849 	1843
f 1843 	1855 	1853
f 1843 	1853 	1851
f 1844 	1845 	1876
f 1874 	1845 	1878
f 1845 	1684 	1880
f 1849 	1850 	1461
f 1644 	1461 	1850
f 1843 	1867 	1855
f 1843 	1844 	1867
f 1869 	1844 	1872
f 1844 	1876 	1872
f 209 	1928 	1927
f 209 	1927 	1836
f 1930 	209 	1931
f 1928 	209 	1930
f 1933 	1931 	209
f 1934 	1933 	209
f 2058 	2043 	1935
f 1935 	209 	1936
f 1934 	209 	1935
f 630 	1982 	315
f 1944 	1943 	209
f 1943 	1938 	209
f 1937 	1941 	209
f 1937 	209 	1938
f 1941 	1942 	209
f 1936 	209 	1942
f 1933 	2040 	1931
f 1829 	1830 	1968
f 1968 	1966 	1829
f 1829 	1966 	1828
f 1831 	1968 	1830
f 1930 	2039 	1928
f 1935 	1936 	2058
f 1937 	1938 	1978
f 1938 	1943 	1978
f 1937 	1978 	1941
f 1942 	2058 	1936
f 1978 	2062 	1941
f 1982 	1978 	1943
f 1944 	1982 	1943
f 857 	1993 	858
f 1774 	1998 	1773
f 1772 	2114 	1774
f 1998 	1774 	2114
f 1998 	1999 	1775
f 1778 	1779 	1999
f 1778 	2116 	1781
f 2116 	1783 	1782
f 862 	863 	2000
f 858 	2000 	863
f 2000 	858 	1993
f 1784 	862 	2000
f 2114 	1772 	2000
f 1784 	2000 	1772
f 2001 	1583 	596
f 2001 	2014 	1583
f 2027 	2026 	2003
f 2005 	2003 	596
f 2001 	596 	2002
f 1583 	1582 	596
f 643 	2027 	2005
f 2002 	596 	2003
f 2007 	2009 	2020
f 2009 	2007 	1583
f 2020 	1618 	2007
f 1589 	1588 	2007
f 1583 	2007 	1588
f 2010 	1583 	2011
f 2014 	2013 	1583
f 2012 	2011 	1583
f 2009 	1583 	2010
f 2026 	2014 	2001
f 2012 	1583 	2013
f 2009 	2010 	2020
f 2010 	2023 	2020
f 2010 	2011 	2023
f 2023 	2201 	2020
f 2012 	2013 	2025
f 2025 	2023 	2012
f 2011 	2012 	2023
f 2014 	2026 	2025
f 2025 	2013 	2014
f 2026 	2001 	2002
f 2002 	2003 	2026
f 2003 	2005 	2027
f 1173 	2027 	643
f 1173 	1472 	2027
f 2023 	2025 	2029
f 2214 	2211 	2029
f 2025 	2026 	2032
f 2032 	2029 	2025
f 2033 	1993 	2031
f 2142 	2029 	2032
f 2034 	2032 	2026
f 2026 	2027 	2034
f 2034 	1472 	2122
f 2034 	2027 	1472
f 2209 	2210 	2029
f 1944 	315 	1982
f 631 	1982 	630
f 1836 	2079 	1831
f 2033 	2000 	1993
f 1928 	2039 	1927
f 1930 	2040 	2039
f 2031 	2241 	2033
f 2040 	1930 	1931
f 2114 	2033 	2004
f 2004 	2006 	2114
f 1933 	2043 	2040
f 2041 	2042 	1094
f 2043 	1933 	1934
f 1993 	857 	2042
f 1934 	1935 	2043
f 2041 	2030 	2042
f 2233 	2030 	2041
f 2031 	2042 	2030
f 2031 	1993 	2042
f 1790 	1761 	2060
f 2062 	2058 	1942
f 1790 	2060 	1791
f 1793 	2046 	1792
f 1793 	1791 	2046
f 2060 	2046 	1791
f 1800 	1785 	2266
f 1942 	1941 	2062
f 1795 	1792 	2266
f 1801 	2273 	1806
f 1978 	1982 	2065
f 2065 	2062 	1978
f 1982 	631 	2065
f 2065 	631 	841
f 836 	2065 	841
f 2076 	1966 	1968
f 1968 	1831 	2079
f 2079 	1927 	2039
f 2040 	2043 	2284
f 2294 	2058 	2062
f 2076 	2303 	1966
f 2079 	2076 	1968
f 2000 	2033 	2114
f 1998 	2114 	2006
f 1999 	1998 	2008
f 2006 	2008 	1998
f 1999 	2008 	2115
f 1999 	2115 	1778
f 1782 	1781 	2116
f 2142 	2143 	2029
f 1778 	2115 	2116
f 2144 	2142 	2032
f 1783 	2116 	2048
f 2117 	2118 	2034
f 2118 	2145 	2034
f 2032 	2034 	2145
f 2122 	2120 	2034
f 2365 	2368 	2116
f 2145 	2144 	2032
f 2117 	2034 	2120
f 1768 	1769 	2048
f 2271 	1768 	2048
f 2122 	1472 	2123
f 2115 	2363 	2116
f 1783 	2048 	1769
f 2080 	2130 	631
f 2130 	846 	841
f 1589 	2007 	1618
f 2154 	1618 	2020
f 2154 	2020 	2201
f 1836 	1927 	2079
f 2079 	2039 	2316
f 2278 	2316 	2039
f 2039 	2040 	2278
f 2208 	2207 	2201
f 2023 	2029 	2201
f 2201 	2029 	2210
f 2201 	2210 	2208
f 2207 	2206 	2154
f 2154 	2201 	2207
f 2214 	2029 	2143
f 2205 	2154 	2206
f 2209 	2029 	2211
f 1684 	2154 	2232
f 2232 	1883 	1684
f 2205 	2225 	2154
f 2223 	2224 	2154
f 2232 	2154 	2224
f 2225 	2223 	2154
f 1882 	1684 	1883
f 2140 	2275 	2376
f 2376 	2377 	2140
f 2299 	2140 	2377
f 2402 	2403 	2233
f 2233 	2398 	2236
f 2240 	2241 	2031
f 2241 	2004 	2033
f 2382 	2240 	2381
f 2241 	2351 	2004
f 2004 	2354 	2006
f 2006 	2357 	2008
f 2360 	2008 	2357
f 2008 	2360 	2115
f 2236 	2030 	2233
f 2240 	2031 	2030
f 2236 	2240 	2030
f 2250 	1168 	1172
f 2251 	2041 	2250
f 2250 	2041 	1168
f 2251 	2254 	2041
f 2233 	2041 	2256
f 2254 	2256 	2041
f 2258 	2401 	2233
f 2256 	2258 	2233
f 1800 	2263 	635
f 632 	635 	2263
f 2405 	632 	2263
f 2267 	2263 	1800
f 2046 	2266 	1792
f 2267 	1800 	2266
f 2266 	2140 	2267
f 2271 	1801 	1768
f 2273 	1801 	2271
f 2043 	2286 	2284
f 1806 	2274 	2060
f 1806 	2273 	2274
f 2274 	2275 	2060
f 836 	2294 	2062
f 836 	2062 	2065
f 2275 	2046 	2060
f 2266 	2046 	2140
f 2140 	2046 	2275
f 2299 	2267 	2140
f 2368 	2371 	2048
f 2271 	2048 	2371
f 2278 	2281 	2282
f 2282 	2324 	2278
f 2273 	2271 	2373
f 2371 	2373 	2271
f 2281 	2278 	2283
f 2284 	2283 	2278
f 2373 	2374 	2273
f 2274 	2273 	2374
f 2278 	2040 	2284
f 2374 	2375 	2274
f 2284 	2285 	2283
f 2058 	2286 	2043
f 2365 	2116 	2363
f 2287 	2288 	2286
f 2284 	2286 	2288
f 2048 	2116 	2368
f 2289 	2287 	2286
f 2284 	2288 	2285
f 2286 	2058 	2294
f 2293 	2289 	2286
f 2294 	2295 	2286
f 2286 	2295 	2293
f 2296 	2295 	2294
f 2297 	2294 	839
f 836 	839 	2294
f 2294 	2297 	2296
f 2267 	2299 	2302
f 2377 	2378 	2299
f 829 	341 	2303
f 2308 	2303 	2076
f 2308 	2309 	835
f 2311 	2308 	2310
f 2313 	2310 	2308
f 2308 	2311 	2309
f 2308 	2076 	2313
f 2076 	2079 	2313
f 2310 	2313 	2314
f 2314 	2313 	2315
f 2317 	2315 	2313
f 2079 	2316 	2313
f 2317 	2313 	2316
f 2319 	2317 	2316
f 2321 	2319 	2316
f 2322 	2323 	2278
f 2316 	2278 	2323
f 2316 	2323 	2321
f 2324 	2322 	2278
f 2332 	2335 	2333
f 2332 	2334 	2335
f 2335 	921 	2333
f 2334 	921 	2335
f 2423 	921 	2334
f 2511 	2506 	921
f 2346 	2302 	2345
f 2347 	2345 	2302
f 2302 	2299 	2378
f 2378 	2348 	2302
f 2349 	2302 	2348
f 2379 	2398 	2380
f 2351 	2241 	2350
f 2357 	2006 	2354
f 2115 	2360 	2363
f 2349 	2347 	2302
f 2275 	2274 	2375
f 2275 	2375 	2376
f 2396 	2397 	2398
f 2397 	2399 	2398
f 2399 	2400 	2398
f 2403 	2396 	2398
f 2403 	2398 	2233
f 2400 	2380 	2398
f 2381 	2236 	2379
f 2398 	2379 	2236
f 2236 	2381 	2240
f 2240 	2382 	2241
f 2350 	2241 	2382
f 2354 	2004 	2351
f 2402 	2233 	2401
f 1173 	2406 	1472
f 1173 	2405 	2406
f 2263 	2267 	2407
f 2267 	2302 	2407
f 2407 	2405 	2263
f 2454 	2447 	2407
f 2455 	2453 	2407
f 2416 	2420 	2408
f 2409 	2408 	2422
f 2421 	2422 	2408
f 2455 	2407 	2302
f 2423 	2334 	2409
f 2332 	2409 	2334
f 2410 	2521 	2412
f 2408 	2523 	2416
f 2421 	2408 	2420
f 2409 	2422 	2423
f 2420 	2416 	921
f 921 	2416 	2415
f 2415 	2413 	921
f 921 	2413 	2414
f 921 	2414 	2411
f 921 	2411 	2410
f 921 	2410 	2412
f 2422 	921 	2423
f 2421 	921 	2422
f 207 	2515 	921
f 2420 	921 	2421
f 2442 	2441 	2427
f 2425 	2524 	2441
f 2425 	2441 	2444
f 2425 	2444 	2412
f 362 	2525 	300
f 2441 	2442 	921
f 2490 	921 	2442
f 2525 	362 	2489
f 2490 	2442 	2427
f 2412 	2444 	921
f 2444 	2441 	921
f 1646 	2406 	1645
f 2405 	2407 	2447
f 2450 	2448 	2447
f 2452 	2450 	2447
f 2454 	2407 	2453
f 2457 	2455 	2302
f 2458 	2447 	2454
f 2447 	2458 	2452
f 2302 	2346 	2457
f 2445 	1645 	2406
f 1646 	1649 	2406
f 2406 	2405 	2447
f 2446 	2406 	2448
f 2445 	2406 	2446
f 2447 	2448 	2406
f 921 	935 	209
f 208 	207 	921
f 2525 	2489 	2427
f 2489 	2490 	2427
f 155 	2491 	362
f 2491 	2489 	362
f 2491 	2490 	2489
f 155 	921 	2491
f 2490 	2491 	921
f 953 	209 	933
f 155 	127 	921
f 504 	746 	2492
f 504 	2492 	921
f 2492 	2497 	921
f 746 	747 	2496
f 747 	2493 	2496
f 2492 	746 	2496
f 2493 	1056 	2495
f 2494 	2493 	2495
f 1033 	851 	2495
f 854 	918 	2495
f 2497 	2494 	921
f 851 	852 	2495
f 854 	2495 	852
f 953 	954 	209
f 2496 	2497 	2492
f 2493 	2494 	2497
f 2493 	2497 	2496
f 2494 	2495 	921
f 2499 	218 	2333
f 210 	2501 	211
f 210 	2500 	2502
f 2502 	2501 	210
f 2503 	211 	2501
f 2501 	2504 	2506
f 2511 	2503 	2506
f 2502 	2504 	2501
f 2501 	2506 	2503
f 2511 	2512 	212
f 2511 	212 	2503
f 2514 	212 	2512
f 2506 	2504 	921
f 2515 	2514 	921
f 2502 	921 	2504
f 2500 	921 	2502
f 2499 	921 	2500
f 2333 	921 	2499
f 2515 	213 	2514
f 213 	2515 	206
f 2514 	2512 	921
f 2512 	2511 	921
f 208 	921 	209
f 214 	2523 	215
f 215 	2408 	216
f 217 	2409 	2332
f 218 	217 	2332
f 2332 	2333 	218
f 2523 	214 	2522
f 2414 	2413 	2522
f 2523 	2408 	215
f 2409 	217 	216
f 216 	2408 	2409
f 2523 	2413 	2415
f 2415 	2416 	2523
f 2521 	228 	2425
f 2410 	2411 	2521
f 2521 	2411 	2522
f 2425 	2412 	2521
f 2523 	2522 	2413
f 2411 	2414 	2522
f 2525 	295 	291
f 291 	300 	2525
f 2524 	295 	2427
f 2427 	295 	2525
f 2427 	2441 	2524
f 327 	209 	323
f 956 	955 	209
f 954 	945 	209
f 2526 	747 	768
f 768 	332 	2526
f 2526 	2493 	747
f 2526 	1333 	1056
f 2526 	1056 	2493
f 1033 	2495 	1056
f 2532 	206 	2527
f 338 	2533 	2527
f 2527 	206 	2528
f 2527 	2528 	340
f 338 	2527 	340
f 2528 	209 	2529
f 2530 	2528 	2529
f 1828 	1966 	2530
f 2530 	2529 	209
f 2530 	209 	1828
f 2536 	213 	2532
f 338 	344 	2533
f 211 	688 	210
f 689 	211 	2534
f 2535 	690 	2534
f 691 	2535 	2536
f 346 	692 	2536
f 211 	2503 	2534
f 2535 	2534 	212
f 2503 	212 	2534
f 213 	2536 	2535
f 2535 	212 	213
f 346 	2536 	2532
f 2533 	346 	2532
f 2532 	213 	206
f 2527 	2533 	2532
f 340 	2528 	1966
f 2528 	2530 	1966
f 1966 	2303 	340
f 209 	1829 	1828
f 209 	1831 	1829
f 682 	680 	214
f 683 	682 	215
f 214 	215 	682
f 684 	683 	216
f 215 	216 	683
f 686 	685 	218
f 687 	686 	210
f 608 	228 	2537
f 2537 	2522 	214
f 2537 	2521 	2522
f 288 	606 	612
# 1321 faces

g group_0_10988977

usemtl color_10988977
s 0

f 15 	46 	1263
f 19 	2561 	18
f 21 	2561 	19
f 36 	25 	27
f 47 	48 	2101
f 43 	47 	2101
f 27 	26 	2561
f 18 	2561 	26
f 94 	25 	36
f 3 	8 	2101
f 10 	2101 	9
f 8 	9 	2101
f 11 	2101 	10
f 13 	2101 	11
f 14 	2101 	13
f 16 	2101 	14
f 17 	2101 	16
f 20 	2101 	17
f 23 	2101 	20
f 24 	2101 	23
f 28 	2101 	24
f 29 	2101 	28
f 30 	2101 	29
f 1085 	45 	12
f 39 	44 	40
f 46 	15 	12
f 46 	12 	45
f 46 	73 	1267
f 51 	52 	2101
f 52 	84 	2101
f 84 	31 	2101
f 31 	32 	2101
f 32 	33 	2101
f 33 	34 	2101
f 34 	35 	2101
f 4 	2101 	35
f 2257 	2255 	44
f 451 	450 	53
f 54 	57 	55
f 55 	57 	56
f 456 	455 	53
f 2426 	2428 	53
f 53 	2531 	2426
f 53 	41 	2531
f 53 	42 	41
f 53 	43 	42
f 45 	72 	73
f 45 	73 	46
f 58 	369 	60
f 2623 	58 	2624
f 59 	65 	58
f 60 	59 	58
f 75 	2627 	64
f 74 	75 	64
f 64 	63 	74
f 76 	74 	63
f 62 	68 	76
f 76 	68 	77
f 80 	77 	68
f 63 	62 	76
f 79 	80 	68
f 72 	78 	1427
f 68 	67 	79
f 71 	158 	66
f 82 	1457 	81
f 53 	47 	43
f 44 	85 	40
f 53 	48 	47
f 53 	49 	48
f 53 	50 	49
f 53 	51 	50
f 53 	52 	51
f 52 	53 	84
f 53 	31 	84
f 53 	32 	31
f 53 	33 	32
f 53 	34 	33
f 413 	420 	2255
f 36 	27 	38
f 2561 	38 	27
f 94 	36 	98
f 38 	98 	36
f 98 	38 	100
f 38 	37 	100
f 89 	100 	37
f 101 	87 	1212
f 102 	1480 	99
f 116 	102 	99
f 1212 	102 	101
f 102 	1212 	1480
f 103 	110 	105
f 104 	108 	106
f 108 	104 	107
f 114 	115 	107
f 113 	117 	107
f 110 	103 	109
f 106 	108 	1203
f 123 	109 	105
f 109 	112 	87
f 112 	1470 	87
f 101 	110 	87
f 110 	109 	87
f 113 	107 	115
f 101 	102 	116
f 116 	143 	120
f 120 	143 	110
f 121 	107 	119
f 103 	105 	109
f 101 	116 	120
f 107 	117 	118
f 118 	119 	107
f 101 	120 	110
f 149 	118 	117
f 150 	149 	117
f 109 	122 	112
f 123 	122 	109
f 149 	148 	118
f 126 	112 	122
f 107 	121 	108
f 1490 	1471 	125
f 132 	121 	130
f 119 	130 	121
f 132 	128 	121
f 137 	121 	136
f 128 	136 	121
f 140 	99 	139
f 142 	99 	141
f 140 	141 	99
f 99 	142 	116
f 99 	138 	139
f 143 	116 	142
f 115 	114 	145
f 114 	164 	145
f 117 	113 	150
f 145 	144 	115
f 113 	115 	144
f 150 	113 	144
f 119 	118 	148
f 130 	119 	148
f 130 	147 	132
f 154 	132 	147
f 148 	147 	130
f 128 	132 	153
f 154 	153 	132
f 136 	128 	153
f 137 	136 	152
f 153 	152 	136
f 152 	151 	137
f 2548 	157 	107
f 159 	2551 	158
f 67 	66 	165
f 2551 	160 	157
f 161 	157 	160
f 105 	110 	143
f 114 	107 	157
f 163 	157 	162
f 164 	157 	163
f 162 	157 	161
f 114 	157 	164
f 141 	477 	142
f 142 	475 	143
f 123 	105 	124
f 482 	124 	143
f 178 	179 	170
f 170 	179 	171
f 476 	475 	142
f 484 	174 	173
f 2635 	1957 	175
f 175 	176 	167
f 176 	169 	167
f 170 	169 	178
f 176 	178 	169
f 176 	175 	172
f 172 	173 	176
f 176 	173 	178
f 178 	174 	179
f 173 	174 	178
f 174 	237 	179
f 246 	182 	181
f 53 	35 	34
f 53 	4 	35
f 53 	3 	4
f 53 	8 	3
f 53 	9 	8
f 53 	10 	9
f 53 	11 	10
f 53 	13 	11
f 53 	14 	13
f 53 	16 	14
f 53 	17 	16
f 53 	20 	17
f 53 	23 	20
f 53 	24 	23
f 53 	28 	24
f 53 	29 	28
f 53 	30 	29
f 53 	185 	30
f 49 	50 	2101
f 50 	51 	2101
f 184 	223 	222
f 184 	571 	570
f 184 	572 	571
f 2329 	2330 	184
f 2304 	2305 	184
f 359 	2194 	184
f 184 	364 	359
f 184 	399 	364
f 184 	404 	399
f 184 	405 	404
f 184 	408 	405
f 184 	410 	408
f 184 	411 	410
f 184 	413 	411
f 184 	420 	413
f 184 	425 	420
f 184 	428 	425
f 184 	429 	428
f 184 	186 	429
f 184 	187 	186
f 184 	188 	187
f 184 	189 	188
f 184 	190 	189
f 184 	191 	190
f 184 	192 	191
f 184 	193 	192
f 184 	194 	193
f 184 	195 	194
f 184 	196 	195
f 184 	197 	196
f 184 	198 	197
f 184 	199 	198
f 184 	200 	199
f 184 	201 	200
f 184 	202 	201
f 184 	203 	202
f 184 	204 	203
f 184 	205 	204
f 205 	184 	85
f 410 	411 	2255
f 411 	413 	2255
f 192 	193 	2255
f 193 	194 	2255
f 194 	195 	2255
f 195 	196 	2255
f 196 	197 	2255
f 197 	198 	2255
f 198 	199 	2255
f 199 	200 	2255
f 200 	201 	2255
f 201 	202 	2255
f 202 	203 	2255
f 203 	204 	2255
f 204 	205 	2255
f 205 	85 	2255
f 85 	44 	2255
f 184 	40 	85
f 2418 	2339 	184
f 219 	440 	184
f 219 	184 	220
f 184 	221 	220
f 184 	222 	221
f 449 	184 	440
f 158 	2613 	165
f 67 	165 	79
f 158 	165 	66
f 183 	230 	443
f 159 	158 	71
f 160 	159 	70
f 161 	160 	70
f 71 	70 	159
f 162 	161 	70
f 251 	230 	183
f 70 	69 	162
f 163 	162 	227
f 69 	227 	162
f 227 	226 	163
f 226 	229 	163
f 164 	163 	229
f 250 	183 	182
f 229 	146 	164
f 145 	164 	146
f 233 	234 	232
f 233 	239 	234
f 236 	239 	233
f 236 	242 	239
f 241 	242 	236
f 243 	1898 	244
f 246 	181 	245
f 247 	248 	249
f 245 	181 	171
f 171 	179 	245
f 245 	235 	246
f 248 	241 	249
f 243 	249 	241
f 179 	237 	245
f 246 	250 	182
f 241 	248 	242
f 251 	183 	250
f 250 	240 	251
f 248 	258 	242
f 230 	252 	231
f 251 	252 	230
f 253 	243 	244
f 253 	890 	254
f 254 	247 	249
f 892 	894 	248
f 243 	254 	249
f 253 	254 	243
f 245 	237 	235
f 235 	238 	246
f 246 	238 	250
f 239 	255 	234
f 238 	240 	250
f 239 	242 	256
f 239 	256 	255
f 248 	257 	258
f 258 	259 	242
f 242 	259 	256
f 260 	2614 	256
f 259 	260 	256
f 257 	894 	267
f 258 	257 	267
f 259 	258 	267
f 269 	267 	896
f 261 	896 	2614
f 259 	269 	260
f 894 	896 	267
f 267 	269 	259
f 271 	2616 	270
f 366 	367 	2616
f 1382 	274 	272
f 280 	279 	278
f 1513 	354 	276
f 275 	278 	279
f 279 	280 	281
f 282 	281 	280
f 281 	282 	284
f 282 	285 	284
f 283 	284 	285
f 286 	283 	285
f 287 	283 	286
f 287 	286 	289
f 287 	289 	290
f 292 	290 	289
f 290 	292 	294
f 292 	296 	294
f 293 	294 	296
f 297 	293 	296
f 299 	899 	304
f 939 	301 	899
f 302 	899 	301
f 304 	899 	303
f 303 	899 	302
f 301 	939 	334
f 334 	939 	333
f 293 	297 	333
f 297 	298 	333
f 337 	336 	334
f 301 	336 	302
f 334 	336 	301
f 335 	302 	336
f 302 	427 	303
f 303 	426 	304
f 354 	1513 	353
f 353 	357 	354
f 354 	356 	276
f 352 	262 	353
f 360 	224 	359
f 224 	360 	225
f 479 	139 	480
f 360 	361 	225
f 361 	364 	2255
f 364 	399 	2255
f 896 	883 	54
f 366 	2616 	273
f 2616 	271 	273
f 368 	2617 	2616
f 367 	368 	2616
f 378 	366 	273
f 367 	376 	368
f 374 	373 	270
f 369 	368 	376
f 376 	61 	369
f 271 	270 	373
f 373 	372 	271
f 273 	271 	372
f 371 	378 	273
f 372 	371 	273
f 378 	377 	366
f 367 	366 	377
f 377 	376 	367
f 60 	369 	61
f 387 	386 	391
f 388 	391 	386
f 387 	391 	379
f 388 	389 	391
f 439 	440 	219
f 389 	375 	391
f 57 	54 	883
f 395 	883 	394
f 394 	883 	393
f 391 	883 	395
f 883 	391 	2616
f 270 	2616 	391
f 391 	375 	270
f 374 	270 	375
f 384 	392 	385
f 392 	384 	393
f 382 	393 	383
f 383 	393 	384
f 393 	382 	394
f 381 	394 	382
f 380 	395 	381
f 394 	381 	395
f 380 	379 	395
f 379 	391 	395
f 393 	883 	392
f 885 	397 	883
f 398 	883 	397
f 392 	883 	398
f 401 	885 	400
f 402 	885 	401
f 403 	885 	402
f 397 	885 	403
f 887 	400 	885
f 406 	887 	299
f 407 	887 	406
f 409 	887 	407
f 887 	409 	400
f 335 	427 	302
f 426 	303 	427
f 423 	304 	424
f 424 	304 	426
f 404 	405 	2255
f 405 	408 	2255
f 408 	410 	2255
f 420 	425 	2255
f 425 	428 	2255
f 428 	429 	2255
f 429 	186 	2255
f 186 	187 	2255
f 187 	188 	2255
f 188 	189 	2255
f 190 	2255 	189
f 406 	299 	423
f 304 	423 	299
f 422 	406 	423
f 364 	361 	359
f 399 	404 	2255
f 337 	334 	430
f 333 	298 	433
f 430 	334 	432
f 333 	433 	334
f 432 	334 	433
f 361 	360 	359
f 2279 	184 	2194
f 359 	224 	2194
f 435 	223 	184
f 442 	182 	183
f 231 	438 	445
f 231 	1102 	438
f 439 	437 	440
f 450 	451 	184
f 441 	181 	182
f 447 	448 	184
f 450 	184 	448
f 184 	449 	447
f 442 	441 	182
f 442 	183 	443
f 448 	447 	53
f 447 	449 	53
f 230 	444 	443
f 230 	231 	444
f 231 	445 	444
f 449 	440 	53
f 445 	438 	446
f 451 	453 	184
f 452 	446 	438
f 448 	53 	450
f 455 	456 	184
f 453 	454 	184
f 454 	455 	184
f 53 	453 	451
f 53 	454 	453
f 184 	459 	460
f 456 	458 	184
f 455 	454 	53
f 53 	458 	456
f 446 	452 	457
f 53 	460 	459
f 53 	459 	458
f 184 	460 	461
f 53 	461 	460
f 358 	355 	356
f 354 	358 	356
f 357 	263 	358
f 357 	358 	354
f 1897 	483 	172
f 172 	483 	173
f 483 	484 	173
f 471 	473 	483
f 483 	473 	484
f 484 	473 	524
f 491 	473 	471
f 489 	491 	471
f 491 	650 	473
f 268 	491 	489
f 268 	492 	491
f 353 	262 	357
f 138 	480 	139
f 355 	358 	263
f 478 	140 	479
f 139 	479 	140
f 263 	357 	262
f 140 	478 	141
f 141 	478 	477
f 492 	495 	493
f 476 	142 	477
f 482 	143 	475
f 105 	143 	124
f 494 	495 	492
f 99 	1480 	1
f 494 	501 	495
f 495 	565 	493
f 495 	567 	565
f 494 	492 	268
f 268 	272 	494
f 494 	500 	501
f 272 	500 	494
f 272 	274 	500
f 508 	500 	274
f 422 	407 	406
f 567 	495 	501
f 407 	421 	419
f 421 	407 	422
f 500 	507 	501
f 507 	500 	508
f 407 	419 	409
f 418 	409 	419
f 507 	569 	501
f 418 	401 	400
f 418 	400 	409
f 417 	401 	418
f 274 	276 	508
f 513 	1 	512
f 512 	1 	511
f 415 	402 	416
f 417 	416 	402
f 401 	417 	402
f 509 	1 	513
f 509 	138 	99
f 1 	509 	99
f 508 	515 	507
f 414 	403 	415
f 516 	514 	517
f 508 	516 	517
f 508 	517 	515
f 795 	507 	519
f 515 	519 	507
f 355 	516 	356
f 276 	356 	516
f 508 	276 	516
f 265 	522 	514
f 522 	515 	517
f 265 	266 	522
f 523 	522 	266
f 522 	523 	515
f 515 	523 	519
f 535 	536 	1095
f 527 	529 	1095
f 527 	526 	53
f 526 	521 	53
f 237 	530 	235
f 237 	531 	530
f 530 	532 	235
f 530 	528 	532
f 525 	528 	530
f 235 	532 	238
f 53 	529 	527
f 174 	484 	531
f 534 	1095 	533
f 237 	174 	531
f 529 	533 	1095
f 531 	524 	525
f 531 	525 	530
f 534 	533 	53
f 528 	989 	532
f 484 	524 	531
f 238 	532 	1004
f 529 	53 	533
f 532 	989 	1004
f 240 	238 	1004
f 681 	1095 	541
f 538 	1095 	536
f 534 	535 	1095
f 534 	53 	535
f 544 	681 	541
f 536 	53 	538
f 541 	540 	53
f 540 	543 	53
f 539 	53 	543
f 544 	541 	545
f 53 	545 	541
f 564 	566 	1052
f 565 	564 	493
f 565 	566 	564
f 565 	568 	566
f 567 	568 	565
f 568 	806 	566
f 568 	792 	807
f 501 	569 	567
f 402 	415 	403
f 570 	435 	184
f 398 	397 	414
f 403 	414 	397
f 412 	398 	414
f 412 	392 	398
f 392 	412 	396
f 396 	385 	392
f 2320 	184 	2318
f 618 	441 	442
f 445 	446 	618
f 446 	457 	618
f 86 	441 	618
f 442 	443 	618
f 443 	444 	618
f 444 	445 	618
f 998 	1000 	618
f 1000 	1002 	618
f 1002 	861 	618
f 1035 	1036 	618
f 1036 	1037 	618
f 1037 	1038 	618
f 1038 	1039 	618
f 1039 	1040 	618
f 815 	816 	618
f 787 	788 	618
f 788 	789 	618
f 789 	790 	618
f 790 	791 	618
f 791 	793 	618
f 793 	90 	618
f 90 	91 	618
f 91 	93 	618
f 93 	95 	618
f 95 	96 	618
f 96 	97 	618
f 97 	111 	618
f 111 	2637 	618
f 2637 	2638 	618
f 2638 	2639 	618
f 2639 	2640 	618
f 2640 	86 	618
f 618 	734 	735
f 618 	735 	736
f 736 	738 	618
f 618 	738 	739
f 524 	649 	525
f 650 	649 	524
f 649 	651 	525
f 649 	564 	651
f 528 	525 	651
f 650 	524 	473
f 650 	492 	493
f 650 	491 	492
f 493 	649 	650
f 493 	564 	649
f 516 	265 	514
f 517 	514 	522
f 519 	523 	266
f 795 	266 	804
f 263 	264 	355
f 516 	355 	264
f 265 	516 	264
f 518 	519 	266
f 661 	662 	262
f 263 	262 	662
f 662 	663 	263
f 264 	263 	663
f 264 	663 	265
f 664 	265 	663
f 265 	664 	266
f 665 	266 	664
f 671 	869 	670
f 673 	869 	671
f 869 	1329 	670
f 166 	869 	673
f 546 	869 	679
f 697 	661 	696
f 702 	662 	697
f 661 	697 	662
f 733 	618 	457
f 733 	734 	618
f 457 	741 	733
f 452 	741 	457
f 734 	1196 	735
f 736 	1199 	738
f 741 	1194 	733
f 733 	1194 	734
f 738 	1200 	739
f 738 	1199 	1200
f 452 	1108 	741
f 567 	792 	568
f 569 	792 	567
f 518 	795 	519
f 507 	794 	569
f 794 	507 	795
f 796 	797 	798
f 797 	569 	798
f 794 	798 	569
f 553 	796 	805
f 798 	794 	805
f 569 	797 	792
f 797 	809 	792
f 518 	266 	795
f 794 	795 	804
f 804 	553 	805
f 804 	805 	794
f 806 	1193 	566
f 807 	806 	568
f 807 	1221 	806
f 797 	808 	809
f 1903 	1565 	244
f 809 	810 	792
f 791 	1987 	793
f 792 	810 	807
f 815 	833 	816
f 787 	817 	818
f 745 	788 	787
f 745 	787 	818
f 745 	1984 	788
f 1040 	826 	813
f 813 	828 	814
f 813 	826 	828
f 814 	828 	830
f 814 	830 	815
f 833 	815 	830
f 816 	837 	817
f 816 	833 	837
f 837 	818 	817
f 826 	848 	828
f 826 	847 	848
f 828 	849 	830
f 849 	828 	848
f 818 	837 	1071
f 850 	833 	830
f 850 	830 	849
f 855 	848 	847
f 1250 	850 	849
f 850 	1250 	1079
f 847 	853 	855
f 853 	15 	855
f 856 	849 	848
f 848 	855 	856
f 853 	12 	15
f 996 	618 	739
f 247 	890 	248
f 244 	1565 	253
f 892 	248 	890
f 894 	257 	248
f 260 	269 	896
f 2616 	57 	883
f 2614 	896 	54
f 867 	868 	2358
f 869 	2172 	868
f 869 	870 	1922
f 870 	871 	1922
f 1921 	1922 	871
f 873 	1920 	871
f 879 	2364 	877
f 880 	867 	2361
f 2359 	2361 	867
f 2358 	2359 	867
f 896 	895 	883
f 885 	883 	884
f 882 	884 	883
f 884 	886 	887
f 884 	887 	885
f 890 	1565 	889
f 1926 	889 	1565
f 889 	891 	892
f 889 	892 	890
f 891 	893 	894
f 891 	894 	892
f 893 	895 	896
f 893 	896 	894
f 882 	883 	895
f 2370 	5 	946
f 702 	697 	696
f 901 	907 	663
f 907 	908 	663
f 901 	702 	696
f 1072 	2 	926
f 924 	2 	923
f 922 	932 	927
f 925 	2 	924
f 926 	2 	925
f 932 	922 	928
f 928 	937 	932
f 928 	936 	937
f 886 	898 	887
f 899 	887 	898
f 939 	899 	938
f 898 	938 	899
f 938 	940 	943
f 938 	943 	939
f 940 	946 	947
f 940 	947 	943
f 965 	2085 	958
f 936 	960 	937
f 957 	961 	936
f 968 	969 	2085
f 957 	959 	961
f 876 	873 	958
f 960 	936 	961
f 968 	2085 	964
f 937 	960 	962
f 962 	2180 	937
f 960 	967 	962
f 964 	963 	1425
f 963 	965 	1425
f 959 	589 	966
f 961 	959 	966
f 961 	966 	960
f 967 	966 	2070
f 589 	2070 	966
f 971 	2085 	969
f 967 	960 	966
f 968 	964 	1425
f 1281 	970 	928
f 971 	972 	2085
f 975 	2085 	972
f 928 	922 	1281
f 969 	1425 	971
f 936 	928 	970
f 970 	973 	936
f 975 	976 	2085
f 976 	979 	2085
f 972 	1425 	975
f 811 	1225 	807
f 810 	811 	807
f 983 	2085 	982
f 982 	2085 	979
f 1425 	979 	976
f 973 	957 	936
f 957 	981 	980
f 807 	1227 	1221
f 973 	977 	981
f 973 	981 	957
f 808 	555 	984
f 809 	808 	984
f 810 	809 	984
f 1425 	983 	982
f 985 	984 	556
f 1425 	982 	979
f 587 	986 	585
f 974 	585 	978
f 1671 	2085 	987
f 978 	986 	977
f 810 	985 	811
f 2085 	983 	987
f 555 	556 	984
f 986 	978 	585
f 984 	985 	810
f 977 	986 	988
f 977 	988 	981
f 989 	1048 	1013
f 251 	240 	993
f 240 	1006 	993
f 995 	999 	2579
f 781 	780 	509
f 814 	618 	813
f 814 	815 	618
f 510 	1070 	785
f 618 	816 	817
f 511 	510 	784
f 785 	784 	510
f 817 	787 	618
f 512 	511 	783
f 784 	783 	511
f 513 	512 	782
f 512 	783 	782
f 509 	513 	781
f 782 	781 	513
f 996 	997 	618
f 997 	998 	618
f 1001 	1011 	2579
f 1001 	999 	1425
f 999 	995 	1425
f 1026 	1027 	2579
f 240 	1004 	1006
f 1006 	1007 	993
f 1017 	2579 	1011
f 989 	1013 	1004
f 1006 	1004 	1013
f 1006 	1054 	1007
f 1013 	1054 	1006
f 2579 	1030 	1028
f 2579 	1017 	1018
f 528 	1019 	989
f 651 	1019 	528
f 1014 	1016 	1020
f 1016 	1022 	1020
f 1011 	1425 	1017
f 1017 	1425 	1018
f 1015 	1021 	1016
f 1022 	1016 	1021
f 1012 	573 	1010
f 2579 	1023 	1024
f 2579 	1024 	1026
f 2579 	1018 	1023
f 923 	573 	1012
f 575 	1008 	573
f 1010 	573 	1009
f 1009 	573 	1008
f 1008 	575 	1025
f 1023 	1018 	1425
f 2579 	1027 	1030
f 1024 	1425 	1026
f 878 	2364 	1029
f 1029 	1028 	1425
f 1028 	1030 	1425
f 878 	1029 	877
f 1425 	877 	1029
f 996 	1511 	997
f 1001 	1425 	1011
f 1024 	1023 	1425
f 1002 	1042 	861
f 1035 	618 	861
f 909 	910 	663
f 910 	911 	663
f 915 	916 	663
f 916 	917 	663
f 917 	1118 	663
f 1118 	1119 	663
f 1119 	1120 	663
f 1120 	1121 	663
f 1122 	663 	1121
f 813 	618 	1040
f 1088 	1038 	1037
f 1045 	861 	1042
f 1046 	1036 	1035
f 998 	1532 	1000
f 1000 	1044 	1002
f 1532 	1044 	1000
f 1044 	1042 	1002
f 861 	1045 	1035
f 1045 	1046 	1035
f 1047 	1037 	1036
f 1019 	1048 	989
f 1048 	1060 	1013
f 1048 	1097 	1060
f 564 	1052 	651
f 651 	1052 	1019
f 1019 	1096 	1048
f 1052 	1096 	1019
f 1048 	1096 	1097
f 1007 	1055 	1053
f 662 	702 	663
f 1007 	1054 	1055
f 1055 	1057 	1053
f 1050 	1049 	665
f 1050 	1059 	1049
f 1053 	1057 	1144
f 1062 	1057 	1055
f 480 	138 	481
f 509 	780 	138
f 481 	138 	780
f 1060 	1054 	1013
f 1021 	1063 	1064
f 1061 	1055 	1054
f 1021 	1064 	1022
f 1060 	1061 	1054
f 1061 	1062 	1055
f 1063 	1246 	1065
f 1063 	1065 	1064
f 664 	663 	1059
f 1059 	1050 	664
f 665 	664 	1050
f 1064 	590 	2197
f 1065 	590 	1064
f 1065 	1246 	922
f 1065 	922 	927
f 1065 	927 	590
f 1066 	833 	850
f 850 	1079 	1066
f 1066 	837 	833
f 1069 	1 	1068
f 1068 	1 	1067
f 837 	1066 	1071
f 1069 	1070 	1
f 1 	1070 	510
f 510 	511 	1
f 1066 	1079 	1081
f 2 	1067 	1
f 1066 	1081 	1071
f 2 	1072 	1067
f 573 	923 	2
f 1080 	1078 	1072
f 1072 	1078 	1067
f 1079 	1086 	1081
f 1076 	1068 	1077
f 1068 	1067 	1077
f 1077 	1067 	1078
f 1071 	1082 	1073
f 1075 	1069 	1068
f 1076 	1075 	1068
f 1070 	1069 	1074
f 1071 	1081 	1082
f 1069 	1075 	1074
f 1014 	1073 	1082
f 1082 	1016 	1014
f 785 	1070 	1074
f 1081 	1086 	1015
f 1082 	1081 	1015
f 1016 	1082 	1015
f 1047 	1036 	1046
f 702 	901 	663
f 1037 	1047 	1088
f 1088 	1090 	1038
f 1086 	1089 	1091
f 1090 	1039 	1038
f 1092 	1040 	1039
f 1091 	1015 	1086
f 1090 	1092 	1039
f 1091 	1021 	1015
f 826 	1040 	1092
f 1211 	1089 	1087
f 1046 	1185 	1047
f 908 	909 	663
f 1097 	1098 	1060
f 1060 	1098 	1061
f 1061 	1099 	1062
f 1098 	1099 	1061
f 1099 	1100 	1062
f 1096 	1195 	1097
f 1193 	1195 	1096
f 1097 	1198 	1098
f 1097 	1195 	1198
f 231 	252 	1102
f 438 	1102 	1107
f 1107 	452 	438
f 251 	993 	252
f 252 	1109 	1102
f 993 	1109 	252
f 1109 	1110 	1102
f 1102 	1110 	1107
f 1107 	1111 	1108
f 1110 	1111 	1107
f 1111 	1142 	1108
f 1111 	1148 	1142
f 993 	1007 	1109
f 1110 	1109 	1053
f 1007 	1053 	1109
f 1095 	679 	678
f 1095 	681 	679
f 540 	541 	1095
f 1095 	543 	540
f 696 	2247 	1095
f 1095 	901 	696
f 1095 	907 	901
f 1095 	908 	907
f 1095 	909 	908
f 1095 	910 	909
f 1095 	911 	910
f 1095 	912 	911
f 1095 	913 	912
f 1095 	914 	913
f 1095 	915 	914
f 1095 	916 	915
f 1095 	917 	916
f 1118 	917 	1095
f 1095 	1119 	1118
f 1095 	1120 	1119
f 1095 	1121 	1120
f 1095 	1122 	1121
f 1095 	1123 	1122
f 1095 	1124 	1123
f 1095 	1125 	1124
f 1095 	1126 	1125
f 1095 	1127 	1126
f 1095 	1128 	1127
f 1095 	1129 	1128
f 1095 	1130 	1129
f 1095 	1131 	1130
f 1095 	1132 	1131
f 1095 	1133 	1132
f 1095 	1134 	1133
f 1095 	1137 	1134
f 1095 	1139 	1137
f 1095 	1140 	1139
f 1095 	1093 	1140
f 1110 	1053 	1144
f 914 	915 	663
f 913 	914 	663
f 912 	913 	663
f 911 	912 	663
f 1144 	1111 	1110
f 1144 	1148 	1111
f 1148 	1149 	1142
f 1151 	1148 	1144
f 1124 	663 	1123
f 1125 	663 	1124
f 1126 	663 	1125
f 1127 	663 	1126
f 1128 	663 	1127
f 1129 	663 	1128
f 1130 	663 	1129
f 1131 	663 	1130
f 1132 	663 	1131
f 1133 	663 	1132
f 1134 	663 	1133
f 1137 	663 	1134
f 1139 	663 	1137
f 1140 	663 	1139
f 1093 	663 	1140
f 1057 	1151 	1144
f 1049 	1093 	1095
f 1148 	1152 	1149
f 1370 	1350 	1095
f 1151 	1152 	1148
f 1154 	1151 	1057
f 1154 	1155 	1151
f 1151 	1155 	1152
f 1062 	1154 	1057
f 1059 	663 	1093
f 1093 	1049 	1059
f 1100 	1154 	1062
f 1154 	1100 	1160
f 1122 	1123 	663
f 1027 	1026 	1425
f 12 	1174 	1085
f 969 	968 	1425
f 972 	971 	1425
f 1083 	1175 	1176
f 976 	975 	1425
f 1084 	1083 	1176
f 1085 	1084 	1177
f 1084 	1176 	1177
f 1085 	1177 	45
f 987 	983 	1425
f 1176 	1180 	1177
f 1177 	72 	45
f 1180 	72 	1177
f 1179 	1176 	1175
f 1175 	1178 	1179
f 1180 	1176 	1179
f 1178 	1181 	1179
f 1180 	1179 	1182
f 1179 	1181 	1182
f 1180 	1182 	78
f 78 	72 	1180
f 1182 	81 	78
f 83 	1183 	1181
f 1092 	1188 	847
f 1092 	847 	826
f 1184 	1046 	1045
f 1185 	1046 	1184
f 1047 	1185 	1186
f 1186 	1088 	1047
f 1088 	1186 	1187
f 1187 	1090 	1088
f 1092 	1090 	1188
f 1090 	1187 	1188
f 1185 	1184 	1189
f 1190 	1185 	1189
f 1186 	1185 	1190
f 886 	884 	1629
f 1187 	1174 	1188
f 853 	847 	1188
f 1174 	853 	1188
f 2456 	1045 	1042
f 1045 	2456 	1184
f 1191 	1187 	1186
f 1186 	1190 	1191
f 1174 	1187 	1191
f 1191 	1085 	1174
f 1189 	1083 	1190
f 1155 	1154 	1160
f 882 	1628 	884
f 1084 	1191 	1190
f 1190 	1083 	1084
f 1191 	1084 	1085
f 1160 	1249 	1155
f 1174 	12 	853
f 1189 	1184 	2473
f 2476 	1083 	1189
f 958 	1425 	965
f 566 	1193 	1052
f 1096 	1052 	1193
f 734 	1194 	1196
f 735 	1197 	736
f 735 	1196 	1197
f 1197 	1199 	736
f 1198 	1201 	1098
f 83 	106 	1183
f 1181 	1202 	1182
f 1198 	1195 	1207
f 1181 	1183 	1202
f 1202 	81 	1182
f 1207 	1210 	1198
f 1198 	1210 	1201
f 106 	1203 	1183
f 1098 	1201 	1099
f 1183 	1204 	1202
f 1201 	1205 	1099
f 1183 	1203 	1204
f 1202 	1204 	82
f 1204 	87 	82
f 1099 	1205 	1100
f 1212 	87 	1204
f 1202 	82 	81
f 806 	1206 	1193
f 806 	1221 	1206
f 1193 	1206 	1195
f 1203 	1212 	1204
f 1021 	1091 	1063
f 1209 	108 	121
f 1206 	1207 	1195
f 1209 	1203 	108
f 1212 	1203 	1209
f 1211 	1087 	1208
f 1089 	1211 	1213
f 1251 	1205 	1201
f 1211 	1244 	1213
f 1214 	1215 	1216
f 1089 	1213 	1091
f 1213 	1063 	1091
f 1107 	1108 	452
f 1206 	1222 	1207
f 741 	1226 	1194
f 1208 	1219 	1220
f 1226 	1231 	1194
f 1194 	1231 	1196
f 1199 	1197 	1235
f 1221 	1222 	1206
f 1200 	1539 	1510
f 1207 	1224 	1210
f 1222 	1224 	1207
f 1224 	1254 	1210
f 1108 	1142 	1226
f 812 	1225 	811
f 1227 	807 	1225
f 1226 	741 	1108
f 1221 	1230 	1222
f 1230 	1233 	1229
f 1196 	1234 	1197
f 1231 	1234 	1196
f 1230 	1221 	1233
f 1227 	1233 	1221
f 1234 	1235 	1197
f 1236 	1237 	1230
f 1238 	1222 	1237
f 1230 	1237 	1222
f 1199 	1239 	1200
f 1235 	1239 	1199
f 1224 	1222 	1238
f 1241 	1258 	1224
f 1238 	1241 	1224
f 1220 	1211 	1208
f 1225 	1243 	1227
f 1245 	1229 	1233
f 1244 	1211 	1220
f 1213 	1244 	1246
f 1243 	1245 	1227
f 1227 	1245 	1233
f 1213 	1246 	1063
f 1237 	1247 	1238
f 1247 	1248 	1238
f 1275 	1219 	1218
f 1238 	1248 	1241
f 1219 	1276 	1220
f 1219 	1275 	1276
f 1100 	1265 	1160
f 1160 	1266 	1249
f 849 	856 	1250
f 1210 	1251 	1201
f 855 	15 	1252
f 1252 	856 	855
f 1253 	1250 	856
f 856 	1252 	1253
f 1210 	1254 	1251
f 1250 	1253 	1255
f 1079 	1250 	1255
f 1224 	1257 	1254
f 1086 	1079 	1255
f 1241 	1256 	1258
f 1248 	560 	1241
f 1257 	1224 	1258
f 1259 	1253 	1252
f 1253 	1087 	1255
f 1253 	1259 	1087
f 1255 	1089 	1086
f 1255 	1087 	1089
f 1257 	1261 	1254
f 1258 	560 	1262
f 1256 	560 	1258
f 1262 	1257 	1258
f 560 	561 	1262
f 1264 	1260 	1261
f 1252 	15 	1263
f 1263 	1259 	1252
f 1262 	1264 	1257
f 1257 	1264 	1261
f 46 	1267 	1263
f 1100 	1205 	1265
f 1265 	1266 	1160
f 1265 	1270 	1266
f 1268 	1259 	1263
f 1205 	1251 	1269
f 1268 	1263 	1267
f 1259 	1268 	1208
f 1269 	1265 	1205
f 1269 	1270 	1265
f 1259 	1208 	1087
f 72 	1427 	73
f 1271 	1267 	73
f 1267 	1218 	1268
f 1218 	1267 	1271
f 1219 	1208 	1268
f 1268 	1218 	1219
f 1272 	1269 	1251
f 1254 	1272 	1251
f 1269 	1272 	1274
f 1272 	1280 	1274
f 1218 	1273 	1275
f 1269 	1274 	1270
f 1260 	1277 	1261
f 1220 	1276 	1278
f 1254 	1277 	1272
f 1276 	1286 	1278
f 1261 	1277 	1254
f 1220 	1278 	1244
f 1244 	1278 	1281
f 1279 	1282 	1277
f 1244 	1281 	1246
f 1280 	1272 	1282
f 1277 	1282 	1272
f 1281 	922 	1246
f 1280 	1283 	1274
f 1273 	1284 	1275
f 1280 	1288 	1283
f 1287 	1288 	1280
f 1275 	1285 	1276
f 1285 	1275 	1284
f 1286 	1276 	1285
f 1287 	1282 	1279
f 1282 	1287 	1280
f 1281 	1278 	970
f 1279 	563 	1287
f 1278 	1286 	970
f 798 	805 	796
f 1285 	1378 	1286
f 796 	553 	797
f 1286 	1378 	973
f 553 	804 	266
f 797 	553 	554
f 1286 	973 	970
f 554 	555 	797
f 808 	797 	555
f 1027 	1425 	1030
f 1628 	1297 	884
f 812 	811 	556
f 811 	985 	556
f 1243 	1225 	556
f 1243 	557 	1245
f 812 	556 	1225
f 1247 	560 	1248
f 1247 	1237 	1236
f 1236 	559 	1247
f 1229 	1245 	557
f 557 	1243 	556
f 557 	558 	1230
f 557 	1230 	1229
f 558 	559 	1230
f 1236 	1230 	559
f 560 	1247 	559
f 1256 	1241 	560
f 1260 	1264 	561
f 1264 	1262 	561
f 562 	1277 	1260
f 562 	1279 	1277
f 1260 	561 	562
f 1279 	562 	563
f 1562 	1287 	563
f 1323 	266 	665
f 266 	1323 	553
f 554 	553 	1325
f 1323 	1325 	553
f 555 	554 	1326
f 1325 	1326 	554
f 1326 	1327 	556
f 1326 	556 	555
f 1327 	557 	556
f 1345 	1329 	869
f 668 	670 	1330
f 1334 	668 	1332
f 1330 	1332 	668
f 1327 	1335 	557
f 558 	557 	1336
f 1335 	1336 	557
f 1336 	1337 	559
f 1336 	559 	558
f 1346 	559 	1337
f 1912 	1341 	1911
f 1192 	1910 	1343
f 1339 	1341 	1913
f 1913 	1340 	1339
f 869 	1192 	1343
f 1343 	1344 	869
f 1344 	1345 	869
f 1330 	670 	1329
f 1049 	1095 	1350
f 563 	1349 	1562
f 1916 	1562 	1349
f 1346 	560 	559
f 561 	560 	1347
f 1346 	1347 	560
f 1347 	1348 	562
f 1347 	562 	561
f 1348 	1349 	563
f 1348 	563 	562
f 668 	1519 	1095
f 1095 	670 	668
f 670 	1095 	671
f 1095 	673 	671
f 673 	1095 	166
f 676 	166 	1095
f 678 	676 	1095
f 665 	1049 	1350
f 1095 	539 	543
f 538 	539 	1095
f 1370 	1371 	1350
f 1364 	1365 	1095
f 1366 	1364 	1095
f 1095 	1355 	1366
f 1363 	268 	489
f 1350 	1323 	665
f 1370 	1095 	1365
f 1363 	272 	268
f 1891 	1365 	1364
f 1364 	1366 	1891
f 1355 	1891 	1366
f 1369 	1350 	1371
f 1373 	2047 	1374
f 1289 	1429 	1437
f 1376 	1284 	1289
f 1376 	1285 	1284
f 1514 	1368 	1377
f 1373 	1377 	1368
f 1379 	1374 	1351
f 1372 	1351 	1374
f 1374 	1379 	1373
f 1351 	1352 	1379
f 1378 	1285 	1376
f 1379 	1380 	1373
f 1373 	1380 	1377
f 1378 	977 	973
f 1383 	1384 	1289
f 1289 	1391 	1376
f 1392 	1389 	1391
f 1400 	1389 	1392
f 1395 	1417 	1392
f 1394 	1289 	1393
f 1384 	1393 	1289
f 1395 	1392 	1391
f 1394 	1395 	1391
f 1394 	1391 	1289
f 1396 	1397 	1391
f 1376 	1391 	1397
f 1376 	1397 	1398
f 1389 	1400 	1391
f 1398 	1378 	1376
f 978 	1399 	974
f 1404 	1657 	1399
f 1398 	1399 	1378
f 1399 	978 	1378
f 977 	1378 	978
f 1226 	1401 	1231
f 1396 	1657 	1397
f 1226 	1142 	1401
f 1402 	1398 	1397
f 1401 	1403 	1231
f 974 	1399 	1657
f 1402 	1657 	1404
f 1231 	1403 	1234
f 1398 	1402 	1404
f 1398 	1404 	1399
f 1406 	1235 	1234
f 1403 	1406 	1234
f 1406 	1411 	1235
f 1235 	1411 	1239
f 1149 	1401 	1142
f 877 	1425 	879
f 1438 	1437 	1407
f 1597 	1598 	884
f 1407 	1414 	1438
f 1438 	1414 	1383
f 1413 	1383 	1414
f 1383 	1413 	1384
f 1393 	1384 	1413
f 1413 	1412 	1393
f 1412 	1419 	1393
f 1393 	1419 	1394
f 1418 	1394 	1419
f 1418 	1395 	1394
f 1478 	1482 	884
f 1417 	1395 	1418
f 1620 	884 	1619
f 1423 	884 	1627
f 1400 	1392 	1417
f 1421 	1400 	1416
f 1417 	1416 	1400
f 1425 	1482 	1478
f 1425 	1483 	1482
f 1421 	1650 	1400
f 1425 	1485 	1483
f 1425 	1486 	1485
f 1421 	1420 	1650
f 1425 	1491 	1486
f 1218 	1271 	1273
f 1425 	1496 	1491
f 1427 	1271 	73
f 1425 	1499 	1496
f 1425 	1500 	1499
f 1455 	1271 	1427
f 1425 	1502 	1500
f 1425 	1503 	1502
f 1429 	1284 	1273
f 1425 	1504 	1503
f 1425 	1507 	1504
f 1432 	1459 	1430
f 1433 	1459 	1432
f 1425 	1595 	1507
f 1441 	1432 	1430
f 1425 	1596 	1595
f 1435 	1429 	1434
f 1425 	1597 	1596
f 1433 	1434 	1429
f 1425 	1598 	1597
f 1429 	1289 	1284
f 1425 	1601 	1598
f 1425 	1603 	1601
f 1425 	1606 	1603
f 1436 	1437 	1429
f 1435 	1436 	1429
f 1383 	1289 	1438
f 1437 	1438 	1289
f 1425 	1621 	1620
f 1425 	1622 	1621
f 1425 	1623 	1622
f 1432 	1441 	1440
f 1440 	1443 	1432
f 1425 	1624 	1623
f 1434 	1433 	1443
f 1432 	1443 	1433
f 1425 	1625 	1624
f 1425 	1626 	1625
f 1410 	1434 	1443
f 1409 	1434 	1410
f 1425 	1627 	1626
f 1434 	1409 	1435
f 1365 	1891 	1370
f 1449 	1369 	1371
f 1449 	1371 	1451
f 1408 	1436 	1409
f 1436 	1435 	1409
f 1408 	1407 	1437
f 1436 	1408 	1437
f 78 	81 	1452
f 1427 	78 	1452
f 1427 	1452 	1455
f 1273 	1271 	1455
f 81 	1457 	1452
f 1452 	1459 	1455
f 1425 	880 	879
f 1452 	1457 	1459
f 1429 	1273 	1455
f 1455 	1459 	1429
f 1425 	867 	880
f 1425 	868 	867
f 1464 	1459 	1463
f 1425 	869 	868
f 1433 	1429 	1459
f 82 	87 	1462
f 1425 	870 	869
f 1425 	871 	870
f 1457 	82 	1462
f 1425 	873 	871
f 1465 	1459 	1464
f 1425 	958 	873
f 1457 	1463 	1459
f 1463 	1457 	1467
f 1462 	1466 	1457
f 1467 	1457 	1466
f 1430 	1459 	1468
f 1465 	1468 	1459
f 1473 	87 	1471
f 1215 	1217 	1216
f 1214 	1217 	1215
f 1470 	1471 	87
f 1469 	87 	1473
f 1216 	1475 	137
f 1216 	1474 	1214
f 1697 	1703 	1425
f 1474 	1216 	137
f 121 	137 	1475
f 1602 	1216 	1217
f 87 	1469 	1462
f 1216 	1497 	1475
f 1619 	884 	1439
f 1477 	1462 	1476
f 1478 	1297 	1425
f 1209 	121 	1475
f 1479 	1480 	1481
f 1469 	1476 	1462
f 1475 	1481 	1209
f 1481 	1480 	1209
f 1484 	1462 	1477
f 1466 	1462 	1484
f 1212 	1209 	1480
f 1216 	1602 	1497
f 1479 	1501 	1604
f 1610 	1479 	1607
f 126 	125 	1470
f 112 	126 	1470
f 1470 	125 	1471
f 1501 	1479 	1481
f 1471 	1490 	1473
f 1381 	1509 	1382
f 272 	1363 	1382
f 1149 	1567 	1401
f 1506 	1509 	1381
f 1350 	1369 	1323
f 1325 	1323 	1369
f 1369 	1449 	1325
f 1326 	1325 	1449
f 1449 	1451 	1326
f 1506 	1513 	1509
f 1326 	1451 	1327
f 1451 	1505 	1327
f 1508 	1327 	1505
f 1509 	274 	1382
f 739 	1200 	1510
f 1510 	996 	739
f 1506 	1512 	1513
f 1509 	276 	274
f 276 	1509 	1513
f 1367 	1512 	1506
f 1525 	1095 	1519
f 1367 	1368 	1512
f 1523 	1524 	1095
f 1095 	1525 	1523
f 1377 	1375 	1514
f 668 	1334 	1519
f 1512 	1368 	1514
f 1353 	1514 	1375
f 1512 	1516 	1513
f 1514 	1515 	1517
f 1354 	1515 	1514
f 1517 	1515 	1520
f 1516 	1512 	1517
f 1512 	1514 	1517
f 353 	1518 	352
f 353 	1513 	1518
f 1516 	1518 	1513
f 1521 	1520 	262
f 1516 	1521 	1518
f 1891 	1519 	1332
f 1354 	1520 	1515
f 1519 	1334 	1332
f 1516 	1517 	1520
f 1354 	262 	1520
f 1520 	1521 	1516
f 1593 	1095 	1524
f 1519 	1891 	1525
f 1523 	1525 	1891
f 1614 	1095 	1613
f 1510 	1511 	996
f 1511 	1530 	997
f 1511 	1543 	1530
f 1530 	998 	997
f 1532 	998 	1530
f 1200 	1239 	1539
f 1527 	1531 	1533
f 1533 	2049 	1527
f 1528 	1358 	1535
f 1529 	1528 	1535
f 1358 	1359 	1535
f 1531 	1529 	1535
f 1536 	1359 	1533
f 1531 	1536 	1533
f 1531 	1535 	1536
f 1522 	1537 	1538
f 1510 	1540 	1511
f 1537 	1542 	1538
f 1539 	1540 	1510
f 1537 	1541 	1542
f 1540 	1543 	1511
f 1538 	1542 	1526
f 1530 	1544 	1532
f 1543 	1544 	1530
f 1542 	1527 	1526
f 1541 	1546 	1542
f 1541 	1545 	1546
f 1542 	1546 	1527
f 1239 	1552 	1539
f 1239 	1411 	1552
f 1547 	1545 	2121
f 2121 	1548 	1547
f 1549 	1550 	1551
f 1545 	1547 	1551
f 1545 	1551 	1550
f 1532 	1544 	2449
f 1555 	1549 	1551
f 1547 	1555 	1551
f 1532 	2449 	1044
f 1545 	1550 	1546
f 1042 	1044 	2451
f 1529 	1550 	1528
f 1531 	1546 	1529
f 1550 	1529 	1546
f 1546 	1531 	1527
f 1552 	1554 	1539
f 1547 	1548 	1553
f 1539 	1554 	1540
f 1540 	1556 	1543
f 1554 	1556 	1540
f 1553 	1356 	1555
f 1555 	1547 	1553
f 1559 	1560 	1557
f 1567 	1403 	1401
f 1568 	1559 	1558
f 1569 	1406 	1403
f 1566 	1568 	1558
f 1567 	1569 	1403
f 1568 	1570 	1559
f 1406 	1569 	1571
f 1569 	1580 	1571
f 1559 	1570 	1560
f 1579 	1580 	1569
f 1406 	1571 	1411
f 1576 	1579 	1567
f 1567 	1579 	1569
f 1475 	1501 	1481
f 1497 	1604 	1501
f 1475 	1497 	1501
f 1149 	1576 	1567
f 1149 	1152 	1576
f 1575 	1474 	151
f 137 	151 	1474
f 1575 	1574 	1474
f 1214 	1474 	1574
f 1574 	1578 	1214
f 1217 	1214 	1578
f 1579 	1586 	1580
f 1152 	1155 	1584
f 1576 	1152 	1584
f 1576 	1585 	1579
f 1576 	1584 	1585
f 1585 	1586 	1579
f 1155 	1249 	1584
f 1249 	1590 	1584
f 1584 	1590 	1585
f 1585 	1592 	1586
f 1590 	1592 	1585
f 1593 	1594 	1095
f 1594 	1599 	1095
f 1594 	1593 	1891
f 1524 	1891 	1593
f 1599 	1600 	1095
f 1600 	1608 	1095
f 1594 	1891 	1599
f 1604 	1497 	1602
f 1605 	1479 	1604
f 1608 	1609 	1095
f 1609 	1613 	1095
f 1607 	1479 	1605
f 1611 	1479 	1610
f 1425 	1612 	1606
f 1609 	1608 	1891
f 1439 	1612 	1425
f 1600 	1891 	1608
f 1617 	1355 	1095
f 1615 	1095 	1614
f 1617 	1095 	1615
f 1615 	1614 	1891
f 1891 	1614 	1613
f 1617 	1891 	1355
f 1891 	1617 	1615
f 1489 	1473 	1490
f 1488 	1476 	1489
f 1489 	1469 	1473
f 1469 	1489 	1476
f 1476 	1488 	1477
f 1484 	1477 	1487
f 1697 	1425 	1297
f 1488 	1487 	1477
f 1495 	1484 	1487
f 1484 	1495 	1466
f 1466 	1495 	1467
f 1482 	1483 	884
f 1483 	1485 	884
f 1485 	1486 	884
f 1486 	1491 	884
f 1491 	1496 	884
f 1496 	1499 	884
f 1499 	1500 	884
f 1500 	1502 	884
f 1502 	1503 	884
f 1503 	1504 	884
f 1504 	1507 	884
f 1507 	1595 	884
f 1595 	1596 	884
f 1597 	884 	1596
f 1601 	884 	1598
f 1603 	884 	1601
f 1606 	884 	1603
f 1612 	884 	1606
f 1439 	884 	1612
f 1425 	1619 	1439
f 1620 	1619 	1425
f 1886 	1885 	1610
f 1524 	1523 	1891
f 1423 	1627 	1425
f 1600 	1599 	1891
f 1613 	1609 	1891
f 1621 	884 	1620
f 1623 	884 	1622
f 1622 	884 	1621
f 1624 	884 	1623
f 1625 	884 	1624
f 1626 	884 	1625
f 1627 	884 	1626
f 1371 	1370 	1891
f 1630 	1335 	1508
f 1327 	1508 	1335
f 1335 	1630 	1336
f 1628 	1704 	1697
f 1297 	1628 	1697
f 895 	1704 	882
f 1297 	1478 	884
f 1425 	1817 	1423
f 1629 	884 	1423
f 1494 	1467 	1495
f 1467 	1494 	1463
f 1464 	1463 	1493
f 1494 	1493 	1463
f 1464 	1493 	1465
f 1468 	1465 	1492
f 1493 	1492 	1465
f 1498 	1468 	1492
f 1468 	1498 	1430
f 1442 	1430 	1498
f 1441 	1430 	1442
f 589 	959 	957
f 962 	967 	2070
f 957 	588 	589
f 957 	587 	588
f 986 	587 	988
f 980 	988 	587
f 981 	988 	980
f 980 	587 	957
f 1651 	1391 	1650
f 1400 	1650 	1391
f 1652 	1396 	1651
f 1653 	1396 	1652
f 1655 	1657 	1654
f 1656 	1657 	1655
f 1656 	1776 	1657
f 1391 	1651 	1396
f 1653 	1654 	1657
f 1396 	1653 	1657
f 1402 	1397 	1657
f 1675 	1653 	1652
f 1650 	1676 	1651
f 1674 	1654 	1653
f 1681 	1682 	2085
f 1678 	1656 	1679
f 1776 	1656 	1677
f 1655 	1679 	1656
f 1671 	987 	1425
f 1676 	1650 	1420
f 1651 	1676 	1652
f 1675 	1652 	1676
f 1681 	2085 	1683
f 2085 	1671 	1683
f 1674 	1653 	1675
f 1654 	1674 	1673
f 1654 	1673 	1680
f 1679 	1655 	1680
f 1682 	1681 	1425
f 1681 	1683 	1425
f 1671 	1425 	1683
f 1654 	1680 	1655
f 1686 	1631 	1685
f 2085 	1685 	1631
f 1695 	1631 	1686
f 1888 	1887 	1605
f 2085 	1682 	1685
f 583 	585 	1657
f 891 	889 	1695
f 1694 	1776 	1677
f 1686 	1685 	1425
f 1682 	1425 	1685
f 1763 	1762 	1690
f 1702 	1590 	1249
f 1249 	1266 	1702
f 1590 	1705 	1592
f 1702 	1705 	1590
f 1425 	1703 	1686
f 1695 	1686 	1701
f 1701 	1686 	1703
f 1631 	1695 	889
f 1701 	891 	1695
f 1266 	1270 	1706
f 1270 	1708 	1706
f 891 	1701 	893
f 1703 	893 	1701
f 1706 	1702 	1266
f 1702 	1707 	1705
f 893 	1703 	895
f 1703 	1697 	895
f 1704 	895 	1697
f 1706 	1707 	1702
f 1628 	882 	1704
f 1707 	1895 	1705
f 1706 	1709 	1707
f 1270 	1274 	1708
f 1708 	1709 	1706
f 1710 	1711 	1283
f 1288 	1562 	1283
f 1274 	1283 	1711
f 1274 	1711 	1716
f 1716 	1708 	1274
f 1719 	1720 	1721
f 1720 	1708 	1721
f 1716 	1721 	1708
f 1716 	1727 	1721
f 1708 	1720 	1709
f 1710 	1562 	1711
f 1716 	1711 	1726
f 1727 	1719 	1721
f 1726 	1563 	1727
f 1711 	1562 	1726
f 1726 	1727 	1716
f 1287 	1562 	1288
f 1719 	1727 	1563
f 1563 	1720 	1719
f 1563 	1726 	1562
f 1720 	1561 	1564
f 1710 	1283 	1562
f 1561 	1720 	1563
f 1739 	1552 	1411
f 1739 	1411 	1571
f 1552 	1739 	1742
f 1552 	1742 	1554
f 1571 	1580 	1749
f 1749 	1739 	1571
f 1751 	1742 	1739
f 1749 	1751 	1739
f 1751 	2467 	1742
f 1754 	1756 	1749
f 1756 	1751 	1749
f 1751 	1756 	2469
f 2463 	1554 	1742
f 1556 	1554 	2463
f 2464 	1556 	2463
f 2467 	1751 	2469
f 1580 	1754 	1749
f 1580 	1586 	1754
f 1586 	1592 	1757
f 1586 	1757 	1754
f 1757 	232 	1754
f 939 	943 	333
f 1690 	1689 	1763
f 1763 	583 	1762
f 1765 	583 	1763
f 1819 	1821 	1728
f 999 	1001 	2579
f 1799 	1765 	1816
f 1770 	1765 	1771
f 1762 	583 	1777
f 583 	1657 	1777
f 1776 	1777 	1657
f 1693 	1692 	1776
f 1762 	1777 	1691
f 1692 	1691 	1777
f 1691 	1690 	1762
f 1688 	1765 	1763
f 1763 	1689 	1688
f 1771 	1765 	1687
f 1678 	1677 	1656
f 947 	284 	283
f 1777 	1776 	1692
f 947 	283 	287
f 290 	947 	287
f 1693 	1776 	1694
f 294 	947 	290
f 1788 	580 	1787
f 1786 	1787 	580
f 1789 	580 	1788
f 1728 	946 	1819
f 1797 	582 	1796
f 1798 	1786 	582
f 1794 	1796 	582
f 580 	582 	1786
f 1797 	1798 	582
f 279 	281 	5
f 947 	5 	284
f 275 	279 	5
f 281 	284 	5
f 1799 	1794 	583
f 582 	583 	1794
f 1765 	1799 	583
f 974 	1657 	585
f 1833 	1834 	2579
f 1835 	1833 	2579
f 1688 	1687 	1765
f 1827 	2579 	1826
f 1816 	1765 	1770
f 1826 	1728 	1821
f 1799 	1815 	1794
f 1423 	1817 	1629
f 1818 	1629 	1817
f 1796 	1794 	1815
f 1816 	1815 	1799
f 1815 	1814 	1796
f 1797 	1796 	1814
f 1797 	1812 	1798
f 1820 	1821 	1819
f 1819 	940 	1820
f 1814 	1813 	1797
f 1813 	1812 	1797
f 1786 	1798 	1811
f 1812 	1811 	1798
f 1787 	1786 	1811
f 1573 	1822 	1566
f 1811 	1810 	1787
f 1820 	1824 	1821
f 1788 	1787 	1810
f 1808 	1789 	1788
f 1566 	1822 	1568
f 1425 	1821 	1824
f 1817 	1425 	1824
f 1568 	1823 	1570
f 1728 	2370 	946
f 1810 	1809 	1788
f 1808 	1788 	1809
f 1822 	1823 	1568
f 1823 	1825 	1570
f 1808 	1807 	1789
f 1834 	994 	2579
f 1950 	1949 	1807
f 1835 	2579 	1827
f 1804 	1950 	1805
f 1807 	1805 	1950
f 1970 	1573 	1572
f 1573 	1971 	1822
f 1573 	1970 	1971
f 1827 	1826 	1425
f 1972 	1823 	1822
f 1821 	1425 	1826
f 471 	483 	1897
f 1897 	1832 	471
f 1425 	1834 	1833
f 1827 	1425 	1835
f 1833 	1835 	1425
f 1889 	1888 	1604
f 1887 	1886 	1607
f 994 	995 	2579
f 1630 	1846 	1336
f 1610 	1607 	1886
f 995 	994 	1425
f 1834 	1425 	994
f 886 	1629 	1818
f 898 	886 	1818
f 1824 	938 	898
f 1818 	1817 	898
f 1824 	898 	1817
f 1824 	1820 	938
f 940 	938 	1820
f 940 	1819 	946
f 1839 	1840 	91
f 1371 	1891 	1451
f 1508 	1505 	1630
f 1846 	1630 	1505
f 1846 	1852 	1336
f 1852 	1854 	1336
f 1847 	1336 	2141
f 1891 	1852 	1846
f 1505 	1451 	1891
f 1846 	1505 	1891
f 1860 	1861 	1336
f 1861 	1862 	1336
f 1862 	1863 	1336
f 1863 	1864 	1336
f 1864 	1865 	1336
f 1865 	1866 	1336
f 1866 	1868 	1336
f 1868 	1870 	1336
f 1871 	1336 	1870
f 1891 	1870 	1868
f 1870 	1891 	1871
f 1891 	1873 	1871
f 1854 	1856 	1336
f 1859 	1860 	1336
f 1858 	1859 	1336
f 1857 	1858 	1336
f 1856 	1857 	1336
f 1875 	1336 	1873
f 1877 	1336 	1875
f 1879 	1336 	1877
f 1881 	1336 	1879
f 2021 	1336 	1881
f 1891 	1854 	1852
f 1891 	1856 	1854
f 1891 	1857 	1856
f 1891 	1858 	1857
f 1891 	1859 	1858
f 1891 	1860 	1859
f 1757 	233 	232
f 1892 	1592 	1705
f 489 	471 	1832
f 1705 	1895 	1892
f 1892 	1757 	1592
f 1893 	175 	1957
f 1892 	233 	1757
f 1893 	172 	175
f 1892 	236 	233
f 1895 	236 	1892
f 1896 	1897 	1893
f 1895 	241 	236
f 1893 	1897 	172
f 1707 	1898 	1895
f 1560 	1894 	1557
f 1709 	1898 	1707
f 1898 	241 	1895
f 1899 	1894 	1560
f 241 	1898 	243
f 1901 	1905 	1898
f 1899 	1896 	1894
f 1896 	1832 	1897
f 1899 	1832 	1896
f 1901 	1898 	1709
f 1902 	1720 	1900
f 1709 	1720 	1902
f 1709 	1902 	1901
f 244 	1905 	1903
f 1560 	1904 	1899
f 1570 	1904 	1560
f 1908 	1907 	1565
f 1904 	1906 	1899
f 244 	1898 	1905
f 1832 	1899 	1906
f 1564 	1907 	1900
f 1907 	1901 	1902
f 1906 	489 	1832
f 1909 	1906 	1904
f 1564 	1565 	1907
f 1907 	1908 	1901
f 1901 	1908 	1905
f 1564 	1900 	1720
f 1825 	1904 	1570
f 1902 	1900 	1907
f 1905 	1908 	1565
f 1904 	1825 	1909
f 247 	254 	890
f 890 	253 	1565
f 1906 	1363 	489
f 1903 	1905 	1565
f 1909 	1363 	1906
f 1909 	1825 	1381
f 1910 	1911 	1343
f 1342 	1343 	1911
f 1341 	1342 	1911
f 1913 	1341 	1912
f 1381 	1382 	1909
f 1909 	1382 	1363
f 1561 	1563 	1914
f 1916 	1917 	1562
f 1563 	1562 	1917
f 1917 	1914 	1563
f 1921 	871 	1920
f 876 	1920 	873
f 1923 	869 	1922
f 2358 	868 	2356
f 1192 	869 	1923
f 1919 	1924 	1915
f 1564 	1561 	1914
f 1925 	1564 	1914
f 1915 	1924 	1960
f 1929 	1932 	1918
f 1918 	1932 	1919
f 1919 	1558 	1924
f 1932 	1558 	1919
f 1924 	1559 	1557
f 1558 	1559 	1924
f 1940 	1932 	1929
f 1939 	1940 	1929
f 1932 	1940 	1566
f 1566 	1940 	1573
f 1932 	1566 	1558
f 2159 	1522 	1945
f 1522 	1538 	1945
f 2159 	1945 	1939
f 1939 	1572 	1940
f 1939 	1945 	1572
f 1948 	576 	1947
f 1573 	1940 	1572
f 1025 	575 	1948
f 575 	576 	1948
f 1946 	1947 	576
f 1969 	1945 	1538
f 1951 	578 	1950
f 1952 	1946 	578
f 1949 	1950 	578
f 576 	578 	1946
f 1839 	1976 	1840
f 1951 	1952 	578
f 578 	580 	1949
f 1789 	1949 	580
f 1789 	1807 	1949
f 1951 	1950 	1804
f 1804 	1803 	1951
f 1952 	1951 	1803
f 1919 	1915 	1967
f 1802 	1959 	1952
f 1960 	1961 	1953
f 1803 	1802 	1952
f 1946 	1952 	1959
f 1960 	1557 	1961
f 1947 	1946 	1959
f 1953 	1961 	1954
f 1954 	1963 	1957
f 1948 	1947 	1958
f 1955 	1958 	1947
f 1961 	1963 	1954
f 1959 	1955 	1947
f 1893 	1957 	1963
f 1948 	1956 	2134
f 1963 	1896 	1893
f 1975 	1964 	1965
f 1958 	1956 	1948
f 1960 	1924 	1557
f 1557 	1894 	1961
f 1961 	1894 	1963
f 1962 	2155 	1964
f 1963 	1894 	1896
f 1538 	1526 	1969
f 1969 	1572 	1945
f 1969 	1970 	1572
f 1842 	1953 	2636
f 1954 	2636 	1953
f 1971 	1972 	1822
f 1971 	1970 	1981
f 1981 	1983 	1971
f 1971 	1983 	1972
f 1960 	1953 	1980
f 1980 	1915 	1960
f 1972 	1974 	1823
f 1838 	1973 	1975
f 1823 	1974 	1825
f 1975 	1839 	1838
f 1839 	1975 	1976
f 1841 	1840 	1977
f 1840 	1976 	1977
f 1526 	1979 	1969
f 1980 	1842 	1841
f 1969 	1979 	1970
f 1977 	1980 	1841
f 1953 	1842 	1980
f 1979 	1981 	1970
f 1564 	1925 	1565
f 1926 	1565 	1925
f 1973 	1964 	1975
f 1964 	1973 	1962
f 1965 	1976 	1975
f 1976 	1967 	1977
f 1965 	1967 	1976
f 1915 	1977 	1967
f 1977 	1915 	1980
f 1984 	789 	788
f 1985 	790 	789
f 1984 	1985 	789
f 1986 	791 	790
f 790 	1985 	1986
f 791 	1986 	1987
f 1838 	90 	793
f 1916 	1992 	1917
f 1838 	793 	1987
f 1917 	2028 	1914
f 745 	818 	1073
f 745 	2035 	1984
f 1985 	2036 	2037
f 2037 	1986 	1985
f 1987 	1973 	1838
f 1988 	1020 	2190
f 1989 	1988 	2190
f 1992 	1916 	1991
f 2028 	1917 	1992
f 1891 	1861 	1860
f 1891 	1862 	1861
f 1891 	1863 	1862
f 1891 	1864 	1863
f 1891 	1865 	1864
f 1891 	1866 	1865
f 1891 	1868 	1866
f 1891 	1875 	1873
f 1891 	2022 	2021
f 1891 	2024 	2022
f 1891 	2057 	2024
f 1891 	2135 	2057
f 1891 	2136 	2135
f 1891 	2137 	2136
f 1891 	2138 	2137
f 1891 	2139 	2138
f 1891 	2141 	2139
f 1891 	1847 	2141
f 1602 	1217 	1577
f 1217 	1578 	1577
f 1602 	1577 	1890
f 1604 	1602 	1889
f 1890 	1889 	1602
f 1605 	1604 	1888
f 1607 	1605 	1887
f 1611 	1610 	1885
f 1891 	1343 	1342
f 1891 	1344 	1343
f 1891 	1345 	1344
f 1891 	1329 	1345
f 2018 	6 	2017
f 2019 	2015 	6
f 2016 	2017 	6
f 2016 	6 	2015
f 6 	7 	2019
f 1891 	1877 	1875
f 1877 	1891 	1879
f 1891 	1881 	1879
f 2021 	1881 	1891
f 1990 	2191 	2153
f 1014 	1020 	1988
f 1984 	2035 	2036
f 2035 	1988 	2036
f 1985 	1984 	2036
f 2036 	1989 	2037
f 1986 	2037 	2038
f 2037 	1990 	2038
f 2038 	1987 	1986
f 1973 	1987 	2038
f 2035 	1073 	1014
f 1988 	2035 	1014
f 1989 	2036 	1988
f 1990 	2037 	1989
f 2038 	1990 	1962
f 1962 	1973 	2038
f 1073 	818 	1071
f 2035 	745 	1073
f 1974 	1972 	1367
f 1972 	1983 	1367
f 1367 	1506 	1974
f 1974 	1506 	1381
f 2028 	1992 	1991
f 1979 	2045 	1981
f 2047 	1983 	1981
f 2044 	1979 	1526
f 1526 	1527 	2044
f 2045 	1979 	2044
f 2044 	2052 	2045
f 2045 	2047 	1981
f 1368 	1983 	2047
f 1983 	1368 	1367
f 1534 	2049 	1533
f 2050 	1527 	2049
f 1913 	2085 	2221
f 2050 	2044 	1527
f 2052 	2053 	2051
f 2063 	2051 	2053
f 2050 	2053 	2044
f 2052 	2044 	2053
f 2054 	2055 	2052
f 2056 	2045 	2055
f 2052 	2055 	2045
f 2055 	2064 	2056
f 2045 	2056 	2047
f 1373 	1368 	2047
f 1372 	1374 	2059
f 2066 	2064 	1351
f 2059 	1374 	2047
f 2056 	2059 	2047
f 2049 	2061 	2050
f 2050 	2061 	2063
f 2050 	2063 	2053
f 1362 	2064 	2054
f 2055 	2054 	2064
f 1362 	1351 	2064
f 2064 	2066 	2056
f 2056 	2066 	2059
f 1974 	1381 	1825
f 1375 	1380 	1352
f 1377 	1380 	1375
f 1379 	1352 	1380
f 1353 	1354 	1514
f 1518 	1521 	262
f 1375 	1352 	1353
f 352 	1518 	262
f 1528 	1550 	1358
f 1536 	1535 	1359
f 1534 	1533 	1359
f 1534 	1359 	2049
f 1522 	2158 	2073
f 2073 	2072 	2075
f 2073 	2075 	1537
f 2073 	1537 	1522
f 2075 	2072 	2074
f 2074 	2077 	2078
f 2074 	2078 	2075
f 2075 	1541 	1537
f 2081 	2087 	1914
f 2028 	1991 	2081
f 1549 	1555 	1356
f 1356 	1550 	1549
f 1550 	1356 	1357
f 1357 	1358 	1550
f 2061 	1360 	2063
f 1362 	2054 	2052
f 1372 	2059 	1351
f 2059 	2066 	1351
f 2051 	2063 	1360
f 1360 	2052 	2051
f 2028 	2081 	1914
f 2061 	2049 	1359
f 1360 	2061 	1359
f 1361 	2052 	1360
f 1361 	1362 	2052
f 1354 	2086 	262
f 661 	262 	2086
f 2085 	2081 	1991
f 1352 	1351 	2083
f 2082 	2083 	1351
f 2083 	2084 	1353
f 2083 	1353 	1352
f 2084 	2086 	1354
f 2084 	1354 	1353
f 2085 	2087 	2081
f 2085 	2088 	2087
f 2085 	2089 	2088
f 2085 	2090 	2089
f 2069 	2091 	1356
f 2085 	2092 	2090
f 1357 	1356 	2093
f 2091 	2093 	1356
f 2085 	2094 	2092
f 1358 	1357 	2095
f 2093 	2095 	1357
f 2085 	2096 	2094
f 2095 	2097 	1359
f 2095 	1359 	1358
f 2085 	2098 	2096
f 1359 	2097 	1360
f 2097 	2099 	1360
f 2085 	2100 	2098
f 1361 	1360 	2101
f 2099 	2101 	1360
f 2101 	2102 	1362
f 2101 	1362 	1361
f 2085 	2103 	2100
f 2102 	2082 	1362
f 1351 	1362 	2082
f 2085 	2104 	2103
f 2085 	2105 	2104
f 2085 	2106 	2105
f 2085 	2107 	2106
f 2085 	2108 	2107
f 2085 	2109 	2108
f 2085 	2110 	2109
f 2085 	2111 	2110
f 2085 	2112 	2111
f 2085 	2113 	2112
f 437 	219 	436
f 2085 	2383 	2113
f 2085 	2384 	2383
f 2085 	2385 	2384
f 2085 	2386 	2385
f 219 	437 	439
f 2085 	2387 	2386
f 2085 	2388 	2387
f 676 	678 	869
f 2085 	2389 	2388
f 2085 	2390 	2389
f 166 	676 	869
f 2085 	2391 	2390
f 2085 	2394 	2391
f 544 	545 	681
f 2085 	2395 	2394
f 2075 	2078 	1541
f 2077 	2121 	2078
f 2078 	1545 	1541
f 2078 	2121 	1545
f 2121 	2077 	2119
f 2119 	2126 	2121
f 2124 	2125 	2127
f 2119 	2124 	2127
f 2119 	2127 	2126
f 2085 	965 	963
f 1548 	2129 	2128
f 1920 	958 	2085
f 2085 	1921 	1920
f 2085 	1922 	1921
f 2121 	2126 	2129
f 1548 	2121 	2129
f 2127 	2131 	2126
f 2085 	1910 	1192
f 2133 	2069 	2129
f 2131 	2069 	2133
f 2085 	1911 	1910
f 2128 	2069 	1548
f 2126 	2131 	2133
f 2126 	2133 	2129
f 2085 	1912 	1911
f 1025 	1948 	2134
f 1025 	1997 	1008
f 1009 	1008 	1996
f 2134 	1997 	1025
f 1996 	1008 	1997
f 1967 	1965 	1918
f 1918 	1919 	1967
f 1996 	1995 	1009
f 1010 	1009 	1995
f 2022 	1336 	2021
f 2024 	1336 	2022
f 2057 	1336 	2024
f 2135 	1336 	2057
f 2136 	1336 	2135
f 2137 	1336 	2136
f 2138 	1336 	2137
f 2139 	1336 	2138
f 2141 	1336 	2139
f 2149 	2150 	2153
f 2017 	2148 	2018
f 2147 	2018 	2148
f 2018 	2147 	2146
f 2152 	2015 	2019
f 1479 	1611 	2019
f 2152 	2019 	1611
f 2151 	2150 	2159
f 2159 	1939 	2151
f 1962 	1990 	2153
f 1962 	2153 	2155
f 2155 	2156 	1964
f 2155 	2151 	2156
f 2156 	1965 	1964
f 2156 	1918 	1965
f 1871 	1873 	1336
f 2156 	1929 	1918
f 1012 	1010 	1994
f 1995 	1994 	1010
f 1012 	1700 	923
f 2150 	2155 	2153
f 1700 	1699 	923
f 924 	923 	1699
f 1994 	1700 	1012
f 2150 	2151 	2155
f 2151 	1929 	2156
f 925 	924 	1698
f 1699 	1698 	924
f 925 	1696 	926
f 925 	1698 	1696
f 2149 	2158 	2150
f 2157 	2158 	2149
f 1696 	1080 	926
f 2158 	2159 	2150
f 1072 	926 	1080
f 2151 	1939 	1929
f 2157 	2072 	2073
f 2157 	2073 	2158
f 2160 	2161 	585
f 585 	583 	2160
f 2161 	587 	585
f 1522 	2159 	2158
f 588 	587 	2162
f 2161 	2162 	587
f 589 	588 	2163
f 2162 	2163 	588
f 224 	2070 	2163
f 2168 	2170 	571
f 435 	570 	869
f 2131 	2127 	2125
f 1356 	1553 	2069
f 1548 	2069 	1553
f 2067 	2125 	2124
f 2125 	2068 	2131
f 2124 	2184 	2067
f 2067 	2068 	2125
f 2128 	2129 	2069
f 2069 	2131 	2068
f 2197 	590 	2164
f 590 	2166 	2164
f 869 	571 	2170
f 2170 	2171 	869
f 2074 	2072 	2164
f 2166 	2074 	2164
f 590 	927 	2166
f 927 	932 	2169
f 2171 	2172 	869
f 2169 	2166 	927
f 2173 	868 	2172
f 2166 	2077 	2074
f 2169 	2077 	2166
f 2431 	2174 	2430
f 1847 	2430 	2174
f 1891 	2430 	1847
f 100 	2175 	580
f 582 	580 	2176
f 2175 	2176 	580
f 2176 	2177 	583
f 2176 	583 	582
f 2177 	2160 	583
f 2119 	2077 	2169
f 932 	2178 	2169
f 2196 	2195 	1891
f 2181 	868 	2173
f 2183 	2355 	2181
f 932 	937 	2178
f 2119 	2169 	2178
f 1337 	1336 	2174
f 2174 	1336 	1847
f 2179 	2180 	962
f 2431 	1337 	2174
f 2182 	937 	2180
f 2434 	2435 	1891
f 2085 	1913 	1912
f 2220 	2221 	2085
f 937 	2182 	2178
f 2184 	2124 	2185
f 2178 	2182 	2185
f 2178 	2185 	2124
f 2189 	2352 	2186
f 2186 	2352 	2183
f 2178 	2124 	2119
f 2071 	2187 	2070
f 2179 	2070 	2180
f 2182 	2180 	2187
f 2187 	2071 	2188
f 2185 	2188 	2184
f 2182 	2188 	2185
f 573 	2 	92
f 2180 	2070 	2187
f 2182 	2187 	2188
f 94 	573 	92
f 2367 	92 	2
f 2191 	1990 	1989
f 94 	575 	573
f 100 	578 	98
f 576 	575 	98
f 94 	98 	575
f 2191 	1989 	2190
f 576 	98 	578
f 1330 	1329 	1891
f 100 	580 	578
f 1332 	1330 	1891
f 2191 	2149 	2153
f 2190 	2192 	2193
f 2193 	2191 	2190
f 2085 	2195 	2196
f 2196 	2198 	2085
f 2149 	2191 	2193
f 546 	679 	681
f 548 	869 	546
f 2192 	2190 	1020
f 1020 	1022 	2192
f 1022 	1064 	2197
f 2203 	2204 	2085
f 545 	546 	681
f 549 	869 	548
f 2197 	2192 	1022
f 678 	679 	869
f 2192 	2200 	2193
f 549 	550 	869
f 390 	869 	551
f 550 	551 	869
f 2199 	2198 	1891
f 2198 	2196 	1891
f 2218 	2219 	2085
f 2203 	2085 	2202
f 2199 	2202 	2085
f 1891 	2202 	2199
f 2212 	2213 	2085
f 1891 	2204 	2203
f 2202 	1891 	2203
f 1340 	1913 	2221
f 2085 	2222 	2220
f 2218 	2085 	2213
f 2204 	2212 	2085
f 2204 	1891 	2212
f 2213 	2212 	1891
f 1891 	2219 	2218
f 1891 	2218 	2213
f 2227 	2015 	2152
f 2219 	2222 	2085
f 2015 	2217 	2016
f 2216 	2016 	2217
f 2216 	2017 	2016
f 2219 	1891 	2222
f 2017 	2216 	2215
f 2215 	2148 	2017
f 2019 	1480 	1479
f 2221 	2220 	1891
f 2220 	2222 	1891
f 1340 	2221 	1339
f 1891 	1339 	2221
f 1891 	1341 	1339
f 1342 	1341 	1891
f 2436 	2085 	2230
f 2436 	2437 	2085
f 1991 	2230 	2085
f 1991 	1916 	2230
f 2015 	2227 	2226
f 2226 	2217 	2015
f 1885 	1884 	1611
f 1884 	2231 	1611
f 2227 	2152 	2228
f 2152 	1611 	2231
f 2229 	2228 	2152
f 2198 	2199 	2085
f 2229 	2152 	2231
f 2438 	2439 	2085
f 275 	5 	2235
f 2085 	2440 	2438
f 2234 	2235 	5
f 2238 	2239 	6
f 2018 	2237 	6
f 2111 	1914 	2110
f 2112 	1914 	2111
f 2113 	1914 	2112
f 2383 	1914 	2113
f 5 	6 	2234
f 2239 	2234 	6
f 2237 	2238 	6
f 1480 	2019 	7
f 1480 	7 	1
f 2087 	2088 	1914
f 2088 	2089 	1914
f 2089 	2090 	1914
f 2090 	2092 	1914
f 2092 	2094 	1914
f 2094 	2096 	1914
f 2096 	2098 	1914
f 2098 	2100 	1914
f 2100 	2103 	1914
f 2103 	2104 	1914
f 2104 	2105 	1914
f 2105 	2106 	1914
f 2106 	2107 	1914
f 2107 	2108 	1914
f 2109 	1914 	2108
f 2018 	2146 	2237
f 876 	958 	1920
f 2192 	2197 	2200
f 2200 	2157 	2193
f 2157 	2200 	2072
f 526 	527 	1095
f 2157 	2149 	2193
f 1631 	889 	1926
f 2164 	2200 	2197
f 2072 	2200 	2164
f 2179 	962 	2070
f 1925 	1914 	2269
f 2269 	2249 	1925
f 2184 	2188 	2071
f 2300 	1095 	2247
f 2071 	2067 	2184
f 696 	661 	2247
f 2086 	2247 	661
f 521 	526 	1095
f 2067 	2071 	2255
f 2067 	2255 	2068
f 2257 	2068 	2255
f 2068 	2257 	2069
f 2259 	2069 	2257
f 2260 	2262 	2247
f 2261 	2262 	2260
f 2300 	2247 	2262
f 2259 	2091 	2069
f 2260 	2084 	2261
f 390 	436 	869
f 2247 	2086 	2260
f 220 	436 	219
f 221 	869 	220
f 436 	220 	869
f 221 	222 	869
f 223 	869 	222
f 869 	223 	435
f 224 	225 	2070
f 589 	2163 	2070
f 2070 	225 	2071
f 1926 	1925 	2249
f 225 	2255 	2071
f 570 	571 	869
f 571 	572 	2168
f 2165 	2168 	572
f 572 	2167 	2165
f 39 	40 	2259
f 53 	2262 	2268
f 225 	361 	2255
f 2261 	2268 	2262
f 191 	192 	2255
f 190 	191 	2255
f 2279 	2194 	2272
f 2270 	2272 	2194
f 2259 	2257 	39
f 44 	39 	2257
f 2194 	2163 	2270
f 2276 	2277 	2272
f 2270 	2276 	2272
f 2561 	2272 	2277
f 2264 	2561 	2277
f 224 	2163 	2194
f 2290 	2291 	184
f 184 	2279 	2280
f 2561 	2280 	2279
f 2561 	2279 	2272
f 2304 	184 	2291
f 2292 	2290 	184
f 184 	2280 	2292
f 2561 	2290 	2292
f 2561 	2292 	2280
f 2252 	53 	2268
f 1095 	2300 	2301
f 2084 	2260 	2086
f 2265 	2264 	2160
f 2264 	2277 	2160
f 2161 	2160 	2277
f 2276 	2162 	2161
f 2277 	2276 	2161
f 2162 	2276 	2270
f 2162 	2270 	2163
f 2091 	2259 	2339
f 2305 	2304 	2561
f 2291 	2561 	2304
f 2325 	2326 	184
f 184 	2306 	2307
f 2307 	2312 	184
f 2305 	2306 	184
f 2305 	2561 	2306
f 2331 	2329 	184
f 2318 	184 	2312
f 2318 	2561 	2320
f 2312 	2561 	2318
f 572 	184 	2330
f 2327 	2328 	184
f 2326 	2327 	184
f 2320 	2325 	184
f 2326 	2325 	2561
f 2320 	2561 	2325
f 2167 	572 	2330
f 2331 	184 	2328
f 2326 	2561 	2327
f 2330 	2329 	2561
f 2329 	2331 	2561
f 2328 	2561 	2331
f 2167 	2330 	2165
f 2561 	2165 	2330
f 53 	2301 	2300
f 53 	2300 	2262
f 1095 	520 	521
f 2336 	2337 	1095
f 2337 	520 	1095
f 2336 	1095 	2338
f 1095 	2301 	2338
f 2337 	2336 	53
f 53 	2336 	2338
f 53 	2338 	2301
f 2085 	1192 	1923
f 2337 	53 	520
f 2268 	2083 	2082
f 2253 	2252 	2082
f 2268 	2082 	2252
f 2268 	2261 	2083
f 2084 	2083 	2261
f 40 	2339 	2259
f 40 	184 	2339
f 459 	184 	458
f 2418 	2419 	2339
f 461 	2340 	184
f 2344 	184 	2340
f 2109 	2110 	1914
f 53 	2340 	461
f 2269 	1914 	2343
f 2341 	2342 	184
f 2418 	184 	2342
f 184 	2344 	2341
f 2093 	2091 	2417
f 2246 	2237 	2146
f 2237 	2246 	2238
f 2238 	2246 	2245
f 2238 	2245 	2239
f 2239 	2245 	2244
f 2239 	2243 	2234
f 2244 	2243 	2239
f 2243 	2242 	2234
f 2235 	2234 	2242
f 2242 	277 	2235
f 275 	2235 	277
f 278 	275 	277
f 2352 	2353 	2183
f 2353 	2355 	2183
f 2355 	2356 	2181
f 2356 	868 	2181
f 879 	880 	2361
f 2361 	2362 	879
f 2362 	2364 	879
f 878 	877 	2364
f 1 	7 	2369
f 2366 	1 	2369
f 1 	2366 	2
f 2367 	2 	2366
f 947 	946 	5
f 2370 	2372 	5
f 6 	5 	2372
f 2372 	2369 	6
f 7 	6 	2369
f 2432 	2434 	2230
f 2436 	2230 	2434
f 1349 	2432 	2230
f 2364 	2579 	1029
f 2386 	1914 	2385
f 2343 	2395 	2085
f 2393 	2367 	2366
f 2393 	2392 	2367
f 963 	964 	2085
f 2404 	2392 	2393
f 2393 	2366 	2404
f 1923 	1922 	2085
f 2384 	1914 	2383
f 2385 	1914 	2384
f 2387 	1914 	2386
f 2388 	1914 	2387
f 2389 	1914 	2388
f 2390 	1914 	2389
f 2391 	1914 	2390
f 2394 	1914 	2391
f 2395 	1914 	2394
f 2343 	1914 	2395
f 2248 	2343 	2085
f 2269 	2343 	2248
f 2366 	2369 	2404
f 2342 	2341 	53
f 2341 	2344 	53
f 2340 	53 	2344
f 2417 	2339 	2419
f 2339 	2417 	2091
f 53 	2418 	2342
f 2424 	2417 	2419
f 2424 	2419 	2428
f 2095 	2093 	2424
f 2428 	2095 	2424
f 2417 	2424 	2093
f 2426 	2097 	2428
f 2429 	2097 	2426
f 2095 	2428 	2097
f 1349 	2230 	1916
f 2307 	2306 	2561
f 2437 	2440 	2085
f 2328 	2327 	2561
f 2433 	2434 	2432
f 2430 	1891 	2435
f 2435 	2434 	2433
f 2176 	2443 	2177
f 2434 	1891 	2436
f 2437 	2436 	1891
f 1891 	2439 	2438
f 2438 	2440 	1891
f 2437 	1891 	2440
f 2195 	2085 	2439
f 2439 	1891 	2195
f 1346 	1337 	2431
f 2435 	1347 	1346
f 2431 	2430 	1346
f 2435 	1346 	2430
f 1347 	2433 	1348
f 2435 	2433 	1347
f 2432 	1348 	2433
f 2432 	1349 	1348
f 2160 	2177 	2265
f 2443 	2265 	2177
f 2543 	2264 	2443
f 2265 	2443 	2264
f 2312 	2307 	2561
f 2248 	2085 	1631
f 2269 	2248 	2249
f 1631 	1926 	2248
f 1926 	2249 	2248
f 899 	299 	887
f 294 	293 	943
f 293 	333 	943
f 943 	947 	294
f 261 	260 	896
f 2449 	2451 	1044
f 536 	535 	53
f 2459 	2460 	2449
f 2449 	2460 	2451
f 539 	538 	53
f 2451 	2456 	1042
f 1543 	2462 	1544
f 2459 	2449 	1544
f 2459 	1544 	2462
f 2451 	2461 	2456
f 2460 	2461 	2451
f 2473 	1184 	2456
f 2462 	2465 	2459
f 2097 	2429 	2099
f 2474 	2461 	2460
f 2466 	2102 	2101
f 2475 	2461 	2474
f 1543 	1556 	2462
f 2466 	2253 	2102
f 1556 	2464 	2462
f 2099 	2429 	2471
f 2464 	2465 	2462
f 2099 	2471 	2101
f 2464 	2483 	2465
f 2082 	2102 	2253
f 2460 	2459 	2482
f 2482 	2459 	2465
f 185 	2252 	2466
f 2466 	2252 	2253
f 2482 	2474 	2460
f 1742 	2467 	2463
f 2467 	2468 	2463
f 2463 	2468 	2464
f 2468 	2483 	2464
f 2483 	2484 	2465
f 2466 	2101 	185
f 2467 	2470 	2468
f 2467 	2469 	2470
f 2419 	2418 	53
f 2468 	2470 	2486
f 2531 	2471 	2426
f 2471 	2429 	2426
f 1754 	232 	1756
f 232 	2472 	1756
f 232 	234 	2472
f 1756 	2472 	2469
f 2456 	2461 	2473
f 2473 	2461 	2475
f 53 	440 	437
f 2473 	2475 	2476
f 2477 	2475 	2474
f 2473 	2476 	1189
f 2531 	2101 	2471
f 2476 	2475 	2478
f 2476 	1175 	1083
f 2476 	2478 	1175
f 2477 	2478 	2475
f 2480 	2477 	2479
f 2478 	2477 	2480
f 2480 	1178 	2478
f 2481 	2480 	2479
f 2481 	83 	2480
f 2478 	1178 	1175
f 2479 	2542 	2481
f 4 	3 	2101
f 1178 	2480 	83
f 1181 	1178 	83
f 104 	2481 	2542
f 2481 	104 	106
f 2481 	106 	83
f 2482 	2465 	2484
f 2482 	2484 	2485
f 2482 	2485 	2474
f 2485 	2477 	2474
f 2468 	2486 	2483
f 53 	546 	545
f 546 	53 	548
f 2483 	2487 	2484
f 2483 	2486 	2487
f 53 	549 	548
f 53 	550 	549
f 53 	551 	550
f 2479 	2477 	2485
f 53 	390 	551
f 436 	390 	53
f 436 	53 	437
f 2488 	2484 	2487
f 2484 	2488 	2485
f 2498 	2392 	2404
f 2404 	2369 	2498
f 2392 	2498 	2579
f 26 	2634 	2579
f 2419 	53 	2428
f 2531 	41 	2101
f 41 	42 	2101
f 42 	43 	2101
f 48 	49 	2101
f 185 	2101 	30
f 53 	2252 	185
f 521 	520 	53
f 2479 	2485 	2488
f 2469 	2538 	2470
f 2472 	2538 	2469
f 2470 	2539 	2486
f 2538 	2539 	2470
f 2486 	2539 	2540
f 2540 	2487 	2486
f 2487 	2541 	2488
f 2543 	2443 	2176
f 2540 	2541 	2487
f 2488 	2541 	2542
f 2479 	2488 	2542
f 2472 	2544 	2538
f 2544 	2472 	234
f 2542 	2548 	104
f 234 	255 	2544
f 2538 	2545 	2539
f 2544 	2545 	2538
f 2540 	2539 	2546
f 2545 	2546 	2539
f 2540 	2546 	2547
f 2546 	2551 	2547
f 2540 	2547 	2541
f 2541 	2547 	2548
f 2561 	2171 	2170
f 2561 	2172 	2171
f 2541 	2548 	2542
f 255 	2549 	2544
f 2544 	2549 	2545
f 2546 	2545 	2550
f 2549 	2550 	2545
f 2551 	2546 	2550
f 2547 	157 	2548
f 2609 	2582 	2176
f 2571 	2572 	2176
f 2553 	2554 	2176
f 2264 	2543 	2561
f 2606 	2369 	2605
f 2509 	2369 	2508
f 2510 	2369 	2509
f 2513 	2369 	2510
f 2516 	2369 	2513
f 2517 	2369 	2516
f 2518 	2369 	2517
f 2519 	2369 	2518
f 2520 	2369 	2519
f 2498 	2369 	2520
f 2508 	2369 	2507
f 1728 	2562 	2370
f 2563 	2370 	2562
f 2370 	2563 	2372
f 2372 	2564 	2369
f 2561 	2543 	2560
f 2553 	2176 	2552
f 2555 	2176 	2554
f 2555 	2556 	2176
f 2557 	2176 	2556
f 2558 	2176 	2557
f 2559 	2176 	2558
f 2560 	2176 	2559
f 2543 	2176 	2560
f 2291 	2290 	2561
f 2561 	2168 	2165
f 2561 	2170 	2168
f 2619 	2618 	2561
f 2564 	2372 	2563
f 37 	38 	2561
f 2561 	2609 	37
f 2561 	2582 	2609
f 2561 	2585 	2582
f 2561 	2587 	2585
f 2561 	2589 	2587
f 2561 	2591 	2589
f 2561 	2593 	2591
f 2561 	2595 	2593
f 2561 	2597 	2595
f 2561 	2599 	2597
f 2561 	2565 	2599
f 2561 	2566 	2565
f 2561 	2567 	2566
f 2561 	2568 	2567
f 2561 	2569 	2568
f 2561 	2570 	2569
f 2561 	2571 	2570
f 2604 	2605 	2369
f 2561 	2572 	2571
f 2561 	2573 	2572
f 2359 	2358 	2579
f 2561 	2574 	2573
f 2359 	2579 	2361
f 2561 	2575 	2574
f 2561 	2576 	2575
f 2561 	2577 	2576
f 2552 	2577 	2561
f 2561 	2553 	2552
f 2561 	2554 	2553
f 2561 	2555 	2554
f 2561 	2556 	2555
f 2561 	2557 	2556
f 2561 	2558 	2557
f 2561 	2559 	2558
f 2561 	2560 	2559
f 2591 	2593 	2176
f 2589 	2591 	2176
f 2568 	2569 	2176
f 2569 	2570 	2176
f 2571 	2176 	2570
f 2578 	2580 	2369
f 2573 	2176 	2572
f 2574 	2176 	2573
f 2575 	2176 	2574
f 2576 	2176 	2575
f 2577 	2176 	2576
f 2552 	2176 	2577
f 2578 	2564 	2562
f 2580 	2581 	2369
f 2579 	2581 	2580
f 2579 	2583 	2581
f 2579 	2584 	2583
f 2579 	2586 	2584
f 2579 	2588 	2586
f 2579 	2590 	2588
f 2579 	2592 	2590
f 2579 	2594 	2592
f 2579 	2596 	2594
f 2579 	2598 	2596
f 2579 	2600 	2598
f 2579 	2601 	2600
f 2579 	2602 	2601
f 2579 	2603 	2602
f 2582 	2585 	2176
f 2585 	2587 	2176
f 2587 	2589 	2176
f 2593 	2595 	2176
f 2595 	2597 	2176
f 2597 	2599 	2176
f 2599 	2565 	2176
f 2565 	2566 	2176
f 2566 	2567 	2176
f 2568 	2176 	2567
f 2579 	2604 	2603
f 2579 	2605 	2604
f 2579 	2606 	2605
f 2561 	2183 	2181
f 2579 	2607 	2606
f 2579 	2608 	2607
f 2579 	2505 	2608
f 2579 	2507 	2505
f 2579 	2508 	2507
f 2626 	2625 	2561
f 2579 	2509 	2508
f 2579 	2510 	2509
f 2579 	2513 	2510
f 2579 	2516 	2513
f 2579 	2517 	2516
f 2579 	2518 	2517
f 2579 	2519 	2518
f 2579 	2520 	2519
f 2579 	2498 	2520
f 2186 	2183 	2561
f 2352 	2615 	2579
f 2579 	2353 	2352
f 2579 	2355 	2353
f 2579 	2356 	2355
f 2356 	2579 	2358
f 2579 	2362 	2361
f 2579 	2364 	2362
f 37 	2609 	2610
f 1028 	1029 	2579
f 2175 	89 	2610
f 2610 	2609 	2176
f 2175 	2610 	2176
f 2173 	2172 	2561
f 2173 	2561 	2181
f 2562 	1728 	2579
f 22 	2561 	21
f 2547 	2551 	157
f 2548 	107 	104
f 2610 	89 	37
f 89 	2175 	100
f 2611 	2549 	255
f 255 	256 	2611
f 2550 	2613 	2551
f 2611 	2612 	2549
f 2189 	2615 	2352
f 2550 	2549 	2612
f 2620 	2579 	2615
f 2613 	2550 	2612
f 158 	2551 	2613
f 160 	2551 	159
f 261 	2614 	260
f 55 	256 	2614
f 2614 	54 	55
f 2561 	2615 	2186
f 256 	55 	2611
f 2615 	2189 	2186
f 2618 	2619 	2579
f 2619 	2621 	2579
f 2579 	2620 	2618
f 2611 	2617 	2612
f 56 	2616 	2617
f 56 	57 	2616
f 2561 	2618 	2620
f 2561 	2620 	2615
f 2632 	2579 	2631
f 2625 	2626 	2579
f 2622 	2579 	2621
f 2625 	2579 	2622
f 56 	2617 	2611
f 55 	56 	2611
f 2622 	2621 	2561
f 2617 	2623 	2624
f 2619 	2561 	2621
f 58 	2623 	2617
f 2626 	2628 	2579
f 75 	2612 	2627
f 2561 	2625 	2622
f 2624 	2627 	2612
f 2631 	2579 	2630
f 2624 	2612 	2617
f 2629 	2628 	2561
f 2626 	2561 	2628
f 58 	2617 	369
f 2630 	2629 	2561
f 368 	369 	2617
f 65 	2627 	2624
f 58 	65 	2624
f 65 	64 	2627
f 2561 	2632 	2631
f 77 	2613 	76
f 75 	74 	2612
f 2561 	2631 	2630
f 74 	76 	2612
f 76 	2613 	2612
f 2392 	2634 	2367
f 80 	79 	2613
f 79 	165 	2613
f 2392 	2579 	2634
f 2633 	22 	2579
f 80 	2613 	77
f 2633 	2579 	2632
f 2629 	2579 	2628
f 2630 	2579 	2629
f 92 	2367 	2634
f 2581 	2583 	2369
f 2583 	2584 	2369
f 2584 	2586 	2369
f 2586 	2588 	2369
f 2588 	2590 	2369
f 2590 	2592 	2369
f 2592 	2594 	2369
f 2594 	2596 	2369
f 2596 	2598 	2369
f 2598 	2600 	2369
f 2600 	2601 	2369
f 2601 	2602 	2369
f 2602 	2603 	2369
f 2604 	2369 	2603
f 26 	27 	2634
f 2607 	2369 	2606
f 2507 	2369 	2505
f 2608 	2369 	2607
f 2505 	2369 	2608
f 2580 	2578 	2579
f 22 	21 	2579
f 2634 	25 	92
f 2562 	2579 	2578
f 2564 	2563 	2562
f 22 	2633 	2561
f 2633 	2632 	2561
f 2564 	2578 	2369
f 25 	2634 	27
f 19 	18 	2579
f 26 	2579 	18
f 2579 	21 	19
f 25 	94 	92
f 1826 	2579 	1728
f 2635 	167 	2637
f 88 	1957 	2635
f 2635 	175 	167
f 2639 	2638 	169
f 2639 	169 	170
f 170 	171 	2640
f 86 	181 	441
f 86 	171 	181
f 88 	2636 	1954
f 88 	1954 	1957
f 90 	1838 	1839
f 90 	1839 	91
f 1840 	93 	91
f 1840 	1841 	93
f 93 	1841 	95
f 1842 	95 	1841
f 2636 	96 	1842
f 96 	95 	1842
f 97 	96 	2636
f 2636 	88 	97
f 97 	88 	111
f 2637 	111 	2635
f 88 	2635 	111
f 2637 	167 	2638
f 167 	169 	2638
f 2639 	170 	2640
f 2640 	171 	86
# 3402 faces

g group_0_16448250

usemtl color_16448250
s 0

f 383 	384 	376
f 64 	65 	416
f 59 	416 	65
f 62 	421 	68
f 66 	577 	71
f 124 	465 	123
f 146 	1136 	145
f 149 	150 	1447
f 144 	1448 	150
f 147 	1300 	154
f 335 	336 	577
f 373 	374 	383
f 375 	383 	374
f 372 	373 	383
f 376 	377 	383
f 377 	378 	383
f 371 	383 	378
f 68 	421 	67
f 382 	379 	381
f 383 	379 	382
f 59 	60 	396
f 380 	381 	379
f 387 	379 	383
f 386 	387 	383
f 383 	388 	386
f 60 	61 	396
f 388 	383 	389
f 371 	372 	383
f 384 	385 	376
f 389 	383 	375
f 61 	376 	396
f 385 	396 	376
f 396 	412 	59
f 417 	64 	416
f 62 	63 	421
f 64 	419 	63
f 66 	67 	421
f 415 	59 	414
f 416 	59 	415
f 412 	414 	59
f 419 	64 	418
f 421 	63 	419
f 418 	64 	417
f 424 	66 	423
f 423 	66 	422
f 335 	577 	427
f 337 	577 	336
f 430 	577 	337
f 298 	577 	433
f 480 	469 	479
f 481 	474 	480
f 124 	482 	465
f 475 	465 	482
f 476 	465 	475
f 477 	478 	463
f 122 	123 	465
f 462 	465 	477
f 476 	477 	465
f 462 	477 	463
f 464 	478 	466
f 463 	478 	464
f 469 	480 	470
f 479 	468 	478
f 466 	478 	467
f 467 	478 	468
f 468 	479 	469
f 470 	480 	472
f 486 	485 	122
f 490 	488 	122
f 486 	122 	487
f 487 	122 	488
f 465 	490 	122
f 426 	427 	577
f 432 	577 	430
f 432 	433 	577
f 421 	422 	66
f 426 	577 	424
f 1488 	1489 	607
f 1487 	1488 	607
f 1489 	1490 	605
f 611 	125 	609
f 605 	607 	1489
f 610 	126 	613
f 609 	125 	610
f 613 	122 	617
f 619 	617 	122
f 122 	613 	126
f 620 	619 	122
f 122 	624 	621
f 621 	620 	122
f 627 	624 	122
f 628 	627 	122
f 628 	122 	629
f 629 	122 	485
f 639 	1077 	638
f 640 	1077 	641
f 674 	677 	1487
f 680 	682 	1487
f 683 	684 	1487
f 691 	1487 	690
f 691 	692 	1487
f 660 	659 	1495
f 658 	655 	1494
f 1494 	1495 	658
f 1492 	648 	647
f 1492 	1493 	652
f 652 	654 	1492
f 654 	656 	1492
f 1493 	1494 	655
f 655 	653 	1493
f 653 	652 	1493
f 656 	648 	1492
f 659 	658 	1495
f 669 	672 	1487
f 680 	1487 	677
f 683 	1487 	682
f 684 	685 	1487
f 686 	1487 	685
f 1487 	686 	687
f 687 	688 	1487
f 688 	689 	1487
f 690 	1487 	689
f 672 	660 	1487
f 424 	577 	66
f 226 	227 	577
f 719 	803 	577
f 720 	577 	721
f 721 	577 	722
f 726 	725 	577
f 727 	726 	577
f 724 	722 	577
f 732 	730 	577
f 724 	577 	725
f 727 	577 	730
f 69 	70 	577
f 71 	577 	70
f 69 	577 	227
f 782 	757 	781
f 784 	765 	783
f 783 	762 	782
f 758 	782 	760
f 755 	781 	756
f 756 	781 	757
f 757 	782 	758
f 785 	767 	784
f 760 	782 	761
f 761 	782 	762
f 762 	783 	763
f 764 	783 	765
f 763 	783 	764
f 766 	784 	767
f 765 	784 	766
f 785 	1074 	770
f 767 	785 	769
f 769 	785 	770
f 1135 	1136 	226
f 773 	226 	775
f 772 	771 	226
f 774 	226 	771
f 772 	226 	773
f 778 	777 	226
f 776 	775 	226
f 777 	776 	226
f 779 	778 	226
f 799 	786 	226
f 779 	226 	786
f 801 	226 	577
f 801 	577 	802
f 226 	800 	799
f 800 	226 	801
f 720 	719 	577
f 803 	802 	577
f 1495 	1487 	660
f 674 	1487 	675
f 693 	675 	1487
f 695 	694 	1487
f 693 	1487 	694
f 607 	695 	1487
f 824 	1440 	647
f 822 	831 	1440
f 822 	1440 	823
f 825 	1440 	824
f 1441 	647 	1440
f 820 	1440 	821
f 821 	1440 	827
f 827 	1440 	825
f 834 	1440 	832
f 831 	832 	1440
f 840 	842 	1955
f 840 	1955 	838
f 839 	838 	1955
f 842 	843 	1955
f 843 	845 	1955
f 846 	1955 	844
f 638 	1077 	640
f 639 	990 	1077
f 990 	992 	1077
f 770 	1077 	991
f 992 	991 	1077
f 1003 	780 	755
f 1058 	780 	1003
f 781 	755 	780
f 474 	481 	1058
f 780 	1058 	481
f 472 	480 	474
f 1058 	1003 	1005
f 1077 	770 	1076
f 1075 	1076 	770
f 1074 	1075 	770
f 1078 	1668 	1077
f 144 	145 	1136
f 229 	226 	1136
f 1104 	226 	1106
f 1146 	1113 	226
f 1106 	226 	1113
f 1135 	226 	1138
f 146 	229 	1136
f 1112 	1141 	226
f 1143 	226 	1141
f 1104 	1103 	226
f 1103 	1112 	226
f 1138 	226 	1143
f 1146 	226 	1147
f 774 	1147 	226
f 1166 	1165 	577
f 1163 	577 	1165
f 732 	577 	1163
f 1166 	577 	1167
f 1167 	577 	1169
f 1169 	577 	1170
f 577 	298 	1170
f 1410 	2298 	1409
f 1412 	1810 	1419
f 1441 	1442 	647
f 1440 	2298 	1443
f 612 	605 	1490
f 611 	612 	1490
f 125 	611 	1490
f 126 	610 	125
f 666 	669 	1487
f 667 	666 	1487
f 692 	667 	1487
f 1492 	647 	1498
f 1442 	1498 	647
f 1387 	148 	1444
f 1306 	147 	1390
f 149 	1445 	148
f 147 	1301 	1300
f 1303 	1302 	147
f 1307 	147 	1305
f 148 	1387 	147
f 1307 	1308 	147
f 1308 	1309 	147
f 1309 	1310 	147
f 1310 	1311 	147
f 1311 	1312 	147
f 1313 	147 	1312
f 147 	1313 	1314
f 1314 	1315 	147
f 1316 	147 	1315
f 147 	1316 	1317
f 1317 	1318 	147
f 1385 	147 	1318
f 1385 	1304 	147
f 1304 	1303 	147
f 1390 	147 	1388
f 1305 	147 	1306
f 1301 	147 	1302
f 1445 	149 	1447
f 1447 	150 	1448
f 1386 	147 	1387
f 1388 	147 	1386
f 1448 	144 	1450
f 1450 	144 	1453
f 1453 	144 	1454
f 1136 	1454 	144
f 1444 	148 	1445
f 154 	1300 	153
f 1635 	1574 	1633
f 1637 	1574 	1635
f 1574 	1575 	1633
f 1637 	1636 	1574
f 1636 	1638 	1574
f 1574 	1638 	1639
f 1640 	153 	1300
f 153 	1640 	152
f 1641 	152 	1640
f 1633 	1575 	1634
f 1634 	151 	1641
f 151 	1634 	1575
f 152 	1641 	151
f 1443 	2298 	1410
f 1418 	1813 	1417
f 1813 	1814 	1420
f 1420 	1421 	1813
f 1416 	1813 	1421
f 1678 	1679 	1689
f 1680 	1689 	1679
f 1673 	1689 	1680
f 1674 	1675 	1689
f 1692 	1693 	1691
f 1693 	1694 	1691
f 1690 	1691 	1694
f 1689 	1690 	1694
f 1700 	1665 	1699
f 1698 	1661 	1696
f 1699 	1665 	1698
f 1659 	1080 	1658
f 1658 	1696 	1661
f 1661 	1698 	1663
f 1663 	1698 	1665
f 1696 	1658 	1080
f 637 	1077 	1666
f 1660 	1080 	1659
f 1666 	1077 	1667
f 1668 	1078 	1670
f 1667 	1077 	1668
f 1670 	1078 	1660
f 1080 	1660 	1078
f 641 	1077 	636
f 636 	1077 	637
f 1649 	2243 	1648
f 1689 	1673 	1674
f 1689 	1694 	1677
f 1677 	1678 	1689
f 1771 	1687 	1675
f 1414 	1807 	1413
f 1805 	1807 	1407
f 1416 	1417 	1813
f 1687 	1688 	1675
f 1688 	1689 	1675
f 1675 	1676 	1815
f 1407 	1807 	1414
f 1814 	1815 	1676
f 1419 	1813 	1418
f 1676 	1420 	1814
f 1805 	2298 	1804
f 1809 	1412 	1808
f 1808 	1412 	1807
f 1412 	1413 	1807
f 1813 	1419 	1812
f 1812 	1419 	1811
f 1811 	1419 	1810
f 1809 	1810 	1412
f 1770 	1771 	1675
f 1816 	1770 	1675
f 1815 	1816 	1675
f 1644 	1850 	1574
f 1848 	1851 	1574
f 1851 	1853 	1574
f 1855 	1574 	1853
f 1639 	1642 	1574
f 1643 	1574 	1642
f 1643 	1644 	1574
f 1849 	1848 	1574
f 1849 	1574 	1850
f 1855 	1867 	1888
f 1887 	1888 	1869
f 1888 	1889 	1855
f 1889 	1890 	1855
f 1577 	1578 	1855
f 1574 	1855 	1578
f 1577 	1855 	1890
f 1869 	1872 	1887
f 1886 	1887 	1876
f 1867 	1869 	1888
f 1872 	1876 	1887
f 1995 	1723 	1994
f 1722 	1723 	1995
f 1723 	1724 	1994
f 1748 	1700 	1750
f 1994 	1725 	1700
f 1748 	1747 	1700
f 1700 	1746 	1745
f 1741 	1740 	1700
f 1700 	1740 	1738
f 1700 	1738 	1737
f 1737 	1736 	1700
f 1735 	1733 	1700
f 1734 	1752 	1700
f 1878 	1880 	1886
f 1876 	1874 	1886
f 1880 	1882 	1885
f 1885 	1886 	1880
f 1874 	1878 	1886
f 1882 	1883 	1885
f 1884 	1885 	1883
f 1997 	1713 	1712
f 1715 	1714 	1997
f 1712 	1715 	1997
f 1996 	1997 	1717
f 1717 	1722 	1996
f 1714 	1717 	1997
f 1995 	1996 	1722
f 1724 	1725 	1994
f 1802 	1803 	2298
f 1730 	1700 	1731
f 1732 	1700 	1725
f 1731 	1700 	1732
f 1745 	1744 	1700
f 1735 	1700 	1736
f 1750 	1700 	1730
f 1741 	1700 	1743
f 1802 	2298 	1959
f 1743 	1700 	1744
f 1804 	2298 	1803
f 1746 	1700 	1747
f 1729 	1750 	1730
f 1734 	1700 	1733
f 1752 	1753 	1700
f 1755 	1700 	1753
f 1665 	1700 	1755
f 2118 	2117 	2243
f 2120 	2243 	2117
f 2120 	2122 	2243
f 2122 	2123 	2243
f 1956 	1958 	1713
f 846 	2130 	1955
f 2130 	2080 	1955
f 845 	844 	1955
f 2132 	1713 	1955
f 2080 	2132 	1955
f 1958 	1955 	1713
f 2134 	1956 	1713
f 1997 	2134 	1713
f 1646 	2243 	1649
f 2123 	1647 	2243
f 1648 	2243 	1647
f 2246 	2118 	2245
f 2147 	2118 	2146
f 2142 	2144 	2215
f 2148 	2215 	2144
f 2148 	2144 	2147
f 2118 	2147 	2145
f 2145 	2147 	2144
f 2243 	2244 	2118
f 2207 	2208 	2226
f 2208 	2210 	2217
f 2217 	2226 	2208
f 2214 	2216 	2211
f 2209 	2211 	2216
f 2216 	2143 	2215
f 2216 	2217 	2210
f 2210 	2209 	2216
f 2143 	2216 	2214
f 2143 	2142 	2215
f 2229 	2231 	2224
f 2226 	2227 	2205
f 2205 	2206 	2226
f 2206 	2207 	2226
f 2232 	2224 	2231
f 1884 	2232 	2231
f 2224 	2223 	2228
f 2228 	2229 	2224
f 2225 	2205 	2227
f 2223 	2225 	2227
f 2227 	2228 	2223
f 1883 	2232 	1884
f 1646 	1645 	2243
f 1645 	2445 	2243
f 2245 	2118 	2244
f 2146 	2118 	2246
f 297 	2258 	298
f 1171 	298 	1172
f 296 	2258 	297
f 1170 	298 	1171
f 1172 	298 	2250
f 2251 	298 	2254
f 2250 	298 	2251
f 2254 	298 	2256
f 2256 	298 	2258
f 2282 	2281 	2298
f 2324 	2282 	2298
f 2283 	2285 	2298
f 2281 	2283 	2298
f 1955 	2298 	2288
f 2285 	2288 	2298
f 2287 	1955 	2288
f 2287 	2289 	1955
f 2293 	1955 	2289
f 2293 	2295 	1955
f 2296 	2297 	1955
f 2296 	1955 	2295
f 839 	1955 	2297
f 1955 	1959 	2298
f 820 	823 	1440
f 834 	835 	1440
f 835 	2309 	1440
f 2309 	2311 	1440
f 2310 	1440 	2311
f 2314 	1440 	2310
f 2315 	2317 	1440
f 2315 	1440 	2314
f 2317 	2319 	1440
f 2321 	2298 	2319
f 2323 	2298 	2321
f 1440 	2319 	2298
f 2298 	2323 	2322
f 2322 	2324 	2298
f 1408 	1409 	2298
f 1407 	1408 	2298
f 1805 	1407 	2298
f 2350 	2382 	285
f 2396 	2403 	292
f 2397 	2396 	289
f 2403 	2402 	292
f 285 	2346 	2345
f 2349 	285 	2347
f 2378 	2377 	285
f 2345 	2347 	285
f 2378 	285 	2348
f 2351 	2350 	285
f 2354 	2351 	285
f 2381 	2379 	285
f 2382 	2381 	285
f 2354 	285 	2357
f 2374 	2373 	285
f 2357 	285 	2360
f 2360 	285 	2363
f 2363 	285 	2365
f 2365 	285 	2368
f 2368 	285 	2371
f 2371 	285 	2373
f 2374 	285 	2375
f 2375 	285 	2376
f 2376 	285 	2377
f 286 	285 	2380
f 2400 	2399 	286
f 2379 	2380 	285
f 2348 	285 	2349
f 292 	289 	2396
f 289 	286 	2399
f 2399 	2397 	289
f 2380 	2400 	286
f 296 	292 	2402
f 2401 	296 	2402
f 296 	2401 	2258
f 2453 	2455 	278
f 2450 	2452 	2242
f 2242 	2243 	2450
f 277 	2242 	2452
f 2458 	2454 	277
f 2452 	2458 	277
f 278 	277 	2454
f 2455 	2457 	278
f 280 	278 	2457
f 2457 	2346 	280
f 282 	280 	2346
f 285 	282 	2346
f 2446 	2448 	2243
f 2454 	2453 	278
f 2445 	2446 	2243
f 2448 	2450 	2243
# 553 faces

 #end of obj_0

