Using pre-set license
Built from '2022.3/staging' branch; Version is '2022.3.47f1 (88c277b85d21) revision 8962679'; Using compiler version '192829333'; Build Type 'Release'
OS: 'Windows 11  (10.0.26100) 64bit CoreSingleLanguage' Language: 'ru' Physical Memory: 16108 MB
BatchMode: 1, IsHumanControllingUs: 0, StartBugReporterOnCrash: 0, Is64bit: 1, IsPro: 1

COMMAND LINE ARGUMENTS:
D:\unity\2022.3.47f1\Editor\Unity.exe
-adb2
-batchMode
-noUpm
-name
AssetImportWorker0
-projectPath
C:/Users/Katerina/Documents/GitHub/for-games/pacman_finally
-logFile
Logs/AssetImportWorker0.log
-srvPort
11715
Successfully changed project path to: C:/Users/Katerina/Documents/GitHub/for-games/pacman_finally
C:/Users/Katerina/Documents/GitHub/for-games/pacman_finally
[UnityMemory] Configuration Parameters - Can be set up in boot.config
    "memorysetup-bucket-allocator-granularity=16"
    "memorysetup-bucket-allocator-bucket-count=8"
    "memorysetup-bucket-allocator-block-size=33554432"
    "memorysetup-bucket-allocator-block-count=8"
    "memorysetup-main-allocator-block-size=16777216"
    "memorysetup-thread-allocator-block-size=16777216"
    "memorysetup-gfx-main-allocator-block-size=16777216"
    "memorysetup-gfx-thread-allocator-block-size=16777216"
    "memorysetup-cache-allocator-block-size=4194304"
    "memorysetup-typetree-allocator-block-size=2097152"
    "memorysetup-profiler-bucket-allocator-granularity=16"
    "memorysetup-profiler-bucket-allocator-bucket-count=8"
    "memorysetup-profiler-bucket-allocator-block-size=33554432"
    "memorysetup-profiler-bucket-allocator-block-count=8"
    "memorysetup-profiler-allocator-block-size=16777216"
    "memorysetup-profiler-editor-allocator-block-size=1048576"
    "memorysetup-temp-allocator-size-main=16777216"
    "memorysetup-job-temp-allocator-block-size=2097152"
    "memorysetup-job-temp-allocator-block-size-background=1048576"
    "memorysetup-job-temp-allocator-reduction-small-platforms=262144"
    "memorysetup-allocator-temp-initial-block-size-main=262144"
    "memorysetup-allocator-temp-initial-block-size-worker=262144"
    "memorysetup-temp-allocator-size-background-worker=32768"
    "memorysetup-temp-allocator-size-job-worker=262144"
    "memorysetup-temp-allocator-size-preload-manager=33554432"
    "memorysetup-temp-allocator-size-nav-mesh-worker=65536"
    "memorysetup-temp-allocator-size-audio-worker=65536"
    "memorysetup-temp-allocator-size-cloud-worker=32768"
    "memorysetup-temp-allocator-size-gi-baking-worker=262144"
    "memorysetup-temp-allocator-size-gfx=262144"
Player connection [16880]  Target information:

Player connection [16880]  * "[IP] 10.0.85.2 [Port] 0 [Flags] 2 [Guid] 2384700841 [EditorId] 2384700841 [Version] 1048832 [Id] WindowsEditor(7,DESKTOP-AT54EH7) [Debug] 1 [PackageName] WindowsEditor [ProjectName] Editor" 

Player connection [16880]  * "[IP] 192.168.0.3 [Port] 0 [Flags] 2 [Guid] 2384700841 [EditorId] 2384700841 [Version] 1048832 [Id] WindowsEditor(7,DESKTOP-AT54EH7) [Debug] 1 [PackageName] WindowsEditor [ProjectName] Editor" 

Player connection [16880] Host joined multi-casting on [225.0.0.222:54997]...
Player connection [16880] Host joined alternative multi-casting on [225.0.0.222:34997]...
[PhysX] Initialized MultithreadedTaskDispatcher with 20 workers.
Refreshing native plugins compatible for Editor in 7.09 ms, found 3 plugins.
Preloading 0 native plugins for Editor in 0.00 ms.
Initialize engine version: 2022.3.47f1 (88c277b85d21)
[Subsystems] Discovering subsystems at path D:/unity/2022.3.47f1/Editor/Data/Resources/UnitySubsystems
[Subsystems] Discovering subsystems at path C:/Users/Katerina/Documents/GitHub/for-games/pacman_finally/Assets
GfxDevice: creating device client; threaded=0; jobified=0
Direct3D:
    Version:  Direct3D 11.0 [level 11.1]
    Renderer: Intel(R) Iris(R) Xe Graphics (ID=0xa7a0)
    Vendor:   Intel
    VRAM:     8054 MB
    Driver:   31.0.101.4146
Initialize mono
Mono path[0] = 'D:/unity/2022.3.47f1/Editor/Data/Managed'
Mono path[1] = 'D:/unity/2022.3.47f1/Editor/Data/MonoBleedingEdge/lib/mono/unityjit-win32'
Mono config path = 'D:/unity/2022.3.47f1/Editor/Data/MonoBleedingEdge/etc'
Using monoOptions --debugger-agent=transport=dt_socket,embedding=1,server=y,suspend=n,address=127.0.0.1:56700
Begin MonoManager ReloadAssembly
Registering precompiled unity dll's ...
Register platform support module: D:/unity/2022.3.47f1/Editor/Data/PlaybackEngines/WindowsStandaloneSupport/UnityEditor.WindowsStandalone.Extensions.dll
Registered in 0.002244 seconds.
- Loaded All Assemblies, in  0.201 seconds
Native extension for WindowsStandalone target not found
Mono: successfully reloaded assembly
- Finished resetting the current domain, in  0.164 seconds
Domain Reload Profiling: 364ms
	BeginReloadAssembly (65ms)
		ExecutionOrderSort (0ms)
		DisableScriptedObjects (0ms)
		BackupInstance (0ms)
		ReleaseScriptingObjects (0ms)
		CreateAndSetChildDomain (0ms)
	RebuildCommonClasses (19ms)
	RebuildNativeTypeToScriptingClass (6ms)
	initialDomainReloadingComplete (29ms)
	LoadAllAssembliesAndSetupDomain (81ms)
		LoadAssemblies (64ms)
		RebuildTransferFunctionScriptingTraits (0ms)
		AnalyzeDomain (80ms)
			TypeCache.Refresh (79ms)
				TypeCache.ScanAssembly (71ms)
			ScanForSourceGeneratedMonoScriptInfo (0ms)
			ResolveRequiredComponents (0ms)
	FinalizeReload (164ms)
		ReleaseScriptCaches (0ms)
		RebuildScriptCaches (0ms)
		SetupLoadedEditorAssemblies (136ms)
			LogAssemblyErrors (0ms)
			InitializePlatformSupportModulesInManaged (5ms)
			SetLoadedEditorAssemblies (5ms)
			RefreshPlugins (0ms)
			BeforeProcessingInitializeOnLoad (1ms)
			ProcessInitializeOnLoadAttributes (84ms)
			ProcessInitializeOnLoadMethodAttributes (42ms)
			AfterProcessingInitializeOnLoad (0ms)
			EditorAssembliesLoaded (0ms)
		ExecutionOrderSort2 (0ms)
		AwakeInstancesAfterBackupRestoration (0ms)
========================================================================
Worker process is ready to serve import requests
Caller must complete domain reload
Begin MonoManager ReloadAssembly
- Loaded All Assemblies, in  0.353 seconds
Native extension for WindowsStandalone target not found
Mono: successfully reloaded assembly
- Finished resetting the current domain, in  0.340 seconds
Domain Reload Profiling: 693ms
	BeginReloadAssembly (89ms)
		ExecutionOrderSort (0ms)
		DisableScriptedObjects (3ms)
		BackupInstance (0ms)
		ReleaseScriptingObjects (0ms)
		CreateAndSetChildDomain (12ms)
	RebuildCommonClasses (18ms)
	RebuildNativeTypeToScriptingClass (5ms)
	initialDomainReloadingComplete (21ms)
	LoadAllAssembliesAndSetupDomain (219ms)
		LoadAssemblies (175ms)
		RebuildTransferFunctionScriptingTraits (0ms)
		AnalyzeDomain (99ms)
			TypeCache.Refresh (86ms)
				TypeCache.ScanAssembly (77ms)
			ScanForSourceGeneratedMonoScriptInfo (9ms)
			ResolveRequiredComponents (3ms)
	FinalizeReload (340ms)
		ReleaseScriptCaches (0ms)
		RebuildScriptCaches (0ms)
		SetupLoadedEditorAssemblies (259ms)
			LogAssemblyErrors (0ms)
			InitializePlatformSupportModulesInManaged (3ms)
			SetLoadedEditorAssemblies (3ms)
			RefreshPlugins (0ms)
			BeforeProcessingInitializeOnLoad (32ms)
			ProcessInitializeOnLoadAttributes (207ms)
			ProcessInitializeOnLoadMethodAttributes (13ms)
			AfterProcessingInitializeOnLoad (1ms)
			EditorAssembliesLoaded (0ms)
		ExecutionOrderSort2 (0ms)
		AwakeInstancesAfterBackupRestoration (5ms)
Launched and connected shader compiler UnityShaderCompiler.exe after 0.06 seconds
Refreshing native plugins compatible for Editor in 2.33 ms, found 3 plugins.
Preloading 0 native plugins for Editor in 0.00 ms.
Unloading 3099 Unused Serialized files (Serialized files now loaded: 0)
Unloading 19 unused Assets / (54.6 KB). Loaded Objects now: 3565.
Memory consumption went from 118.9 MB to 118.8 MB.
Total: 2.273000 ms (FindLiveObjects: 0.138000 ms CreateObjectMapping: 0.047700 ms MarkObjects: 2.020200 ms  DeleteObjects: 0.066300 ms)

AssetImportParameters requested are different than current active one (requested -> active):
  custom:scripting/monoscript/fileName/IncomingChangesTab.cs: 6fa4849c09cf3ec125d3914af6074a21 -> 82bff1d960538992d4e618d909869d2e
  custom:scripting/monoscript/fileName/DiffSelection.cs: 34faf7c86f7e0c9a01162e930679d82f -> 1460aaba4240ef35322cb9c198487990
  custom:scripting/monoscript/fileName/CloudProjectId.cs: f33db9e9673144ad1e994ed4cff5ce2d -> 
  custom:scripting/monoscript/fileName/DateFilter.cs: 4084040ac52b6e24ba874651890c5c6e -> 85ed700e21fd471cc38c626cebe01d52
  custom:scripting/monoscript/fileName/PerformInitialCheckin.cs: be22d181e456c0a8a5713675f29ac72a -> 8ef9a9f407b8b94b2b5fad9d24e61f79
  custom:scripting/monoscript/fileName/ConflictResolutionState.cs: 51eaf597f9533c7ed197ad15e802d20f -> 74a230000ff2fd58c5a60ab4258207dc
  custom:scripting/monoscript/fileName/FindWorkspace.cs: 39bbd18bfe6bf4a99f5c185dcda4dd4a -> 6af6c9e9382fef881c020ab184e6f7f5
  custom:scripting/monoscript/fileName/IncomingChangesNotifier.cs: 0bfcdd9eeb0b298616154e2db5e6905b -> 10fad815611441fb3a805150421ed991
  custom:container-demuxer-ogg: 62fdf1f143b41e24485cea50d1cbac27 -> 
  custom:scripting/monoscript/fileName/CheckinConflictsDialog.cs: d3af1d70d3f60a9847d2942647274222 -> e13fa04a97fb675842c94586fc602871
  custom:scripting/monoscript/fileName/AuthToken.cs: d22b2893825e943bc1389be142abd57e -> 0fba7e8eb1ec8b699f274cdc956451b2
  custom:scripting/monoscript/fileName/ProgressControlsForDialogs.cs: 6bf8e69ac7dc2163fe988e5d8181ce88 -> 7e6bd1727985204e3b64e1946e589b1c
  custom:scripting/monoscript/fileName/AssetStatusCache.cs: beede06d8a6d93e7907fd192ad653f2b -> 260d5f85663ac58b2a7e9553c453bc3e
  custom:scripting/monoscript/fileName/DrawIncomingChangesOverview.cs: 6d1aadb525661622ddc7d545c55841f2 -> 
  custom:scripting/monoscript/fileName/BuildFormattedHelp.cs: f675844664504d88a0d8165e2b08a2bf -> 
  custom:scripting/monoscript/fileName/OrganizationPanel.cs: d7ac1288bef1b15a05bb26d201a4d87f -> 57a57e6a345dbd536e91c348b70943a9
  custom:scripting/monoscript/fileName/MigrationProgressRender.cs: 94a7accb6b5be388f3abff6285d8f1af -> 
  custom:scripting/monoscript/fileName/ChangeCategoryTreeViewItem.cs: 0f882939555cf173ece99b60f8f54ade -> fd14db176fff061715c8ec88ced1902f
  custom:scripting/monoscript/fileName/CurrentUserAdminCheckResponse.cs: cec2f173fe8732108711c497674c6f66 -> d57c2dcace740834acd59fdfbc5023b8
  custom:scripting/monoscript/fileName/UIElementsExtensions.cs: a191d7293be4538b0adb29dfe5b06a46 -> 52e0d612ab032e4d22e9558b90396b99
  custom:scripting/monoscript/fileName/CreateBranchDialog.cs: c429477092287209232592c8cde1a615 -> 9eb29fda08033b4f847247136c412db6
  custom:scripting/monoscript/fileName/DrawCreateWorkspaceView.cs: 6422239d8f649480614f0dd4f018b7f2 -> c6039ac84d85ab3926aa94de163a9f7d
  custom:scripting/monoscript/fileName/ProjectPath.cs: 5634ebdbea8ca94089eb9622d1b60497 -> 2007f972d3a73eeb86dfe05e849c7f69
  custom:scripting/monoscript/fileName/SSOCredentialsDialog.cs: 8967ceae1bc195ea8dd32b23c42dd852 -> e140ede12a96f68f30062138385171c3
  custom:scripting/monoscript/fileName/DownloadPlasticExeDialog.cs: 2dd40c53d0303d041a27a44a95c331cb -> 093cfe0607c2346a88cdfdfe1435614f
  custom:video-codec-MediaFoundation-h265: 746d11721c4dcdbdad8f713fa42b33f4 -> 
  custom:scripting/monoscript/fileName/PendingChangesTab_Operations.cs: c99065f3c85ec85c85ece2a1a30665af -> 15ae6787065f4af65778e981f418a60b
  custom:scripting/monoscript/fileName/LocksListViewItem.cs: cc9cd24c5be4f7363367cba72f12aad4 -> f4a19fabbec093eb3d6a7e1cd4f42611
  custom:scripting/monoscript/fileName/PendingChangesViewPendingChangeMenu.cs: 561ad0f702e1db14300a4a5f810051f9 -> 9a6ef2277212bf26d647c7f12f946287
  custom:scripting/monoscript/fileName/SignInPanel.cs: f7e82045994d4eefe3b021faa87b55c6 -> bac0318ce35e37bed3a2cc8137452435
  custom:scripting/monoscript/fileName/DrawInspectorOperations.cs: 61c4a6a6507d8f84ef5bdf5cba3f0aee -> 8c94fe642e98309082411f46db89106b
  custom:scripting/monoscript/fileName/DrawDirectoryResolutionPanel.cs: a77980eb09765fe85cd85d4a47964cf2 -> e4e3c9b4bc511687802b504b71016540
  custom:scripting/monoscript/fileName/CloseWindowIfOpened.cs: d820344e932a12600b5fe6fb7e9f1563 -> ce229ef3b7461ff17e2c1af0695a6657
  custom:scripting/monoscript/fileName/SaveAssets.cs: 11deea70336cb98c5d0b6c869323e6ef -> 898e86402580d75dc56c5f25b325a28e
  custom:scripting/monoscript/fileName/RepositoriesListView.cs: 9f95c83dc460fb03fb0916472f14b8a7 -> 95287f65338ca0073ad04002a16eaaf7
  custom:scripting/monoscript/fileName/AssetOperations.cs: 638daf61300bf6ad727538516d4fa3e2 -> 
  custom:scripting/monoscript/fileName/HandleMenuItem.cs: 740e54c5f6dca1acc88cad87af74b744 -> b4ad1ecc5243212c5967125ad5e41b1f
  custom:scripting/monoscript/fileName/ScreenResolution.cs: 5c975132cf4e36dcc261bd0acd604271 -> 7bb7bb5b955671820101b322f0a7bf3d
  custom:scripting/monoscript/fileName/ApplicationDataPath.cs: 8e4094e28762fb76a1baecfe90c6b65e -> 3e8c4ea8debfda8013fed860ac233d22
  custom:video-decoder-ogg-theora: a1e56fd34408186e4bbccfd4996cb3dc -> 
  custom:scripting/monoscript/fileName/RepaintInspector.cs: 65202bdc05e3e19fadffb7fd99f30154 -> f134606300316994850c28a68d0cb5a3
  custom:scripting/monoscript/fileName/LockStatusCache.cs: 5e3725e03dc21c716034553589a67eae -> e99b3f34c5cd3eb73ec19439af1f7f80
  custom:scripting/monoscript/fileName/DiffTreeView.cs: 68195907d129ef826aa6b6df7202696d -> 49f46fd2a65ea674a218eead75f27aac
  custom:scripting/monoscript/fileName/DependenciesDialog.cs: 82d30fc8d5e1a73ec0d1ee9acc00fbc2 -> c8902186ab2f4e6471b5dd147afb01b6
  custom:scripting/monoscript/fileName/ChangesetListViewItem.cs: 95a197949f1e777703db60eea8cc21b3 -> d742a4910e302777daa1ccb9c8e92cb9
  custom:scripting/monoscript/fileName/LocksViewMenu.cs: fda08381fa9abca53b6eaf3bf55f14f8 -> 186d8514e824865b191ba1829afe4b33
  custom:scripting/monoscript/fileName/IncomingChangesViewMenu.cs: 832662bce0cd8edd53cba36a0dd96da0 -> 13196979a03411533716f6775c9a624b
  custom:scripting/monoscript/fileName/QueryVisualElementsExtensions.cs: 75ea535788abf9c38ba9341c984a6241 -> a49740b6efbb934f55475cc70b864a4c
  custom:scripting/monoscript/fileName/WriteLogConfiguration.cs: 1a8401f47b522f631a3dc005105719f5 -> 1589212d1638ae91a029ea3ddf9999f2
  custom:scripting/monoscript/fileName/DrawTextBlockWithEndLink.cs: d447e809d154b60a192c102b7b82eecf -> 1cc3e67c46bd397f9508f124a3366994
  custom:scripting/monoscript/fileName/FileSystemOperation.cs: c31a686e69e66801c204a11be56c950a -> f0ccbe91654279794a85bf6f1c034716
  custom:scripting/monoscript/fileName/MigrateCollabProject.cs: af93695e471d9c8e4ad014c4165f2c3c -> 9f3487f03a783b35518405572f20ac9e
  custom:framework-win-MediaFoundation: 216162199b28c13a410421893ffa2e32 -> 
  custom:scripting/monoscript/fileName/ProgressControlsForViews.cs: 7d677c6df38ab15cf390062b5b0bb854 -> a8a18a90f46aa63848e1e45d8d7ff9af
  custom:scripting/monoscript/fileName/DrawAssetOverlay.cs: 8ccd7cea9aa918859be0b55818cb990b -> 04a46044def089f0abcdafdd281e3646
  custom:scripting/monoscript/fileName/ProjectWindow.cs: 953e9bbd852a9f12f91349161baa793e -> c62567a3d71fd74636bc783de5162474
  custom:scripting/monoscript/fileName/MergeLinksListView.cs: 826afb5fb5988163105086b4bf5027af -> c9488671ae9b14523680d0c19097baa0
  custom:scripting/monoscript/fileName/EditorProgressBar.cs: 7418be9b22aaea32732f8a5f49569d1c -> 08c2f2b90ef64df631d46389f0e22c8e
  custom:scripting/monoscript/fileName/MeasureMaxWidth.cs: cd9322680ae61d38397008451b7ed0ed -> 1569e3f1dad91a9b01cba66ab6aa30b0
  custom:scripting/monoscript/fileName/ChangesetsListHeaderState.cs: 69fc4f1a2bc3782d7043ec48961a3616 -> fe1392f9b135da83e13fe8a5e5f39fc2
  custom:scripting/monoscript/fileName/PendingChangesTreeHeaderState.cs: 7d278b5569d28437d07554a3bbb56e1b -> 5d7f70d142c9ac67864ec14950523d62
  custom:scripting/monoscript/fileName/ChangelistMenu.cs: ca33bac56b3a337faa90a1b1bba632d6 -> c1bf5aeb760cc5eae584ea3944d6531b
  custom:scripting/monoscript/fileName/MissingEncryptionPasswordPromptHandler.cs: 7f5831fc8a41e9cadd84fcfd0e885072 -> 5d7b9646eb14a39b6d3d5bab19d266ff
  custom:scripting/monoscript/fileName/NotificationBar.cs: e0f12e3f3292fff5a590c00b59f3a17a -> 0daf459fa0c4269b16bcc20cd072c021
  custom:scripting/monoscript/fileName/UnityThreadWaiter.cs: dbd556f2802baab90a20da38c288d36c -> 99333406d92d10003984b4d1920de2f9
  custom:scripting/monoscript/fileName/CredentialsDialog.cs: 179b5e49656a1623c2e79d838f0f5876 -> c785d5e40f8d66b7ef7ba04ee7c324e0
  custom:scripting/monoscript/fileName/GetRestorePathDialog.cs: e21eb9983f0b989125951478cd5e9b35 -> 353d1126ca2d2063d5bdbd06806ffc08
  custom:scripting/monoscript/fileName/UpdateReportListHeaderState.cs: 64a5bf775d221ad9a5ff8c78a1e0e1fa -> d6cbe54be2898ed2c96c2e79572c2e08
  custom:scripting/monoscript/fileName/LocksListView.cs: 8c6202774eebcf67be9c3b5a2926cc7c -> 7aa51ff93bcc98aa05dec8b46ec200c4
  custom:scripting/monoscript/fileName/DownloadAndInstallOperation.cs: b043b8d5921892e87f4566e00162cff6 -> 4f4065aeafda2af0ec272a3c228e27b2
  custom:scripting/monoscript/fileName/MigrationDialog.cs: 1a69d399f9c8aa816a053d285dd8bc5d -> 
  custom:scripting/monoscript/fileName/DiffTreeViewMenu.cs: 3e62bfc69ca7486976988e151b88922e -> 8039fc4ecf68b3e966e1f4822789e7fa
  custom:scripting/monoscript/fileName/UnityStyles.cs: 1e97cd7e9a8ef8ab43da545c6691e95c -> b57f61a58df1c49a1c9d37daf76d42cb
  custom:scripting/monoscript/fileName/HistoryTab.cs: 4d086984813cd90d6be245dd8e03a2ba -> d57f000c65fde42a2228c7a105a836e5
  custom:scripting/monoscript/fileName/HistorySelection.cs: 7c3afcf345a55e8b77ea41ca0f570218 -> 3d07a3d1241e204b5420d71f1137eba4
  custom:scripting/monoscript/fileName/CreateWorkspace.cs: 7b3086384e5ddcd73cd5064a3ce31cd2 -> 5256205b5cf0570b6f698c7abe518f5a
  custom:scripting/monoscript/fileName/ShowWindow.cs: c731454122754eec192bc3c53fac3d95 -> a6bb1d20733c178256b38974418d7450
  custom:scripting/monoscript/fileName/LocksListHeaderState.cs: b80c5f044f18764adef2e9dbea5f0fb1 -> c7fe4d3b5f954615048f8e79925d29e3
  custom:scripting/monoscript/fileName/CreateRepositoryDialog.cs: 1e1c5399cf3d0b071c7982c565a710ce -> 5cec3e66b09e0dbe1f805953c5c64af9
  custom:scripting/monoscript/fileName/ProgressControlsForMigration.cs: dafc8442bdd0dcb5e871e398f32473ec -> 
  custom:scripting/monoscript/fileName/RenameBranchDialog.cs: 4e8cba56a673b7adf6b1f70db522f07c -> a4999d46054383b4cef03a3dac804cd0
  custom:scripting/monoscript/fileName/EncryptionConfigurationDialog.cs: 6423045767c07e6360ff314ec741c601 -> 19e9c54aff6ffc68d60fe11f80578947
  custom:scripting/monoscript/fileName/CheckinProgress.cs: 298ac58365579798eb3b4defc181ccaf -> 75b93dbc5ef307111f0647f735640420
  custom:scripting/monoscript/fileName/PendingChangesSelection.cs: 766664749a54eea9ecce5dff917430ef -> 1721ad72d074757364587c71b49d9382
  custom:scripting/monoscript/fileName/LoadAsset.cs: 9042eb334fc462cf466672445be1d4c2 -> 5e4e082aa5b21c13b80eb237fe94d00b
  custom:scripting/monoscript/fileName/Images.cs: 0b0c14141950fed99e3ef33199b3b4c9 -> fbdd1e600315d249327f3effde045c9d
  custom:scripting/monoscript/fileName/DrawLocksListViewItem.cs: ce3a3d64ec2d84c3556ffd4141efc4f7 -> 6201c4d50383e970d554210505562d37
  custom:scripting/monoscript/fileName/DrawProgressForOperations.cs: ea9179848be98ee7719316b39339ef29 -> b544f18e6532ba53bbd1b691fa5cd571
  custom:scripting/monoscript/fileName/ViewSwitcher.cs: af4cfa015a44a1390a6513bac2b176c3 -> 1700c042de8c16a5c0f6851d66df802a
  custom:scripting/monoscript/fileName/RepositoryListViewItem.cs: 2f16ba7694ec7934685021093e722c4e -> 3cabcd81911a2500dcd9e2b6ffae3f00
  custom:scripting/monoscript/fileName/InspectorAssetSelection.cs: 71ba78e42827a9b22a9a6016733d756f -> 4b3c1ae4c44d88205aef26229acfe022
  custom:scripting/monoscript/fileName/UVCPackageVersion.cs: 0f4077cb83cde000a967972e97c7cc8c -> c4d95cb84d9d8dff4727eba6b0a64378
  custom:scripting/monoscript/fileName/IncomingChangesTreeHeaderState.cs: 67923e7c73743bbc0577bc7d884f3ba2 -> 9fcb97ef2da44c66332f5c6800c2e6ed
  custom:scripting/monoscript/fileName/WorkspaceOperationsMonitor.cs: 3aaab60832000a68ac1ea7432c36aabe -> 9241430734576b6454278a078113af4a
  custom:CustomObjectIndexerAttribute: 9a22284fe3817be447336de3de66b15e -> 
  custom:scripting/monoscript/fileName/MacOSConfigWorkaround.cs: 8634a542fc5c45ea8cd9a8244bf2c871 -> 9fe61e763da506601651f6c451cecb0a
  custom:scripting/monoscript/fileName/IncomingChangesSelection.cs: 281fe0b171b5382d8cd906c4490e5804 -> d86f9f4463e6f9d99bb815e1f018ccf1
  custom:scripting/monoscript/fileName/PlasticProjectSettingsProvider.cs: 31d8ae24271dbfa9cba89dcd2b9f91a0 -> 50aa12401e4c353b2dea4777ec9b23ad
  custom:scripting/monoscript/fileName/AssetMenuItems.cs: 64aa50dcc3bfcf35201c6730dc62acc3 -> 9ce81cedb8e568c6b7b646aa6263645b
  custom:scripting/monoscript/fileName/ToolConstants.cs: a088b027c7b0922429c756f12b0507ea -> 3b0d2490617bc7f94a0bdab65a399e1d
  custom:scripting/monoscript/fileName/GetSelectedPaths.cs: 02423a81496d6c63598b5cdc203f4354 -> be35dd49dddd53fc840b9febf21b4d0d
  custom:scripting/monoscript/fileName/TokenExchangeResponse.cs: 0dd9138dbeab6f132711a5b608de5c13 -> f20183d4cf939766d3c1e15cc3bec2e3
  custom:scripting/monoscript/fileName/ChangesetsTab_Operations.cs: eca44847b108faefa69f8c525242c965 -> 3290c4c0cd248666e01a08ee6d621249
  custom:scripting/monoscript/fileName/OverlayRect.cs: 61f473b5a4768fa31a00fafe3b1b5b69 -> 59d6887e4803f8a44ffaa0409470e410
  custom:scripting/monoscript/fileName/ConfigurePartialWorkspace.cs: 309d4276b0164b05348aedbd51cc0b2f -> 10fcc6b6d43dd5ed36c43c6f7b5906c4
  custom:scripting/monoscript/fileName/ValidRepositoryName.cs: 43c262be3f66a970816e3d3a3ee8872a -> 56bcf92a3678f6ad6215cae2e4914cfd
  custom:container-demuxer-webm: 4f35f7cbe854078d1ac9338744f61a02 -> 
  custom:scripting/monoscript/fileName/GetPlasticShortcut.cs: 2a84c035152261f00e7e66eb44cd0ffa -> 5c2b7bf07ddd2284efc64b09ef0f1f72
  custom:scripting/monoscript/fileName/GuiEnabled.cs: 1b1658fd7715b5cc664c10a130c6b629 -> 7bb13fcc8d8cbd392e00f7232841f086
  custom:scripting/monoscript/fileName/BuildPathDictionary.cs: 943911b84162d26cea47f964f9a0a399 -> 9fabc7cc73fcfc50b8a3307c6aa6ec4d
  custom:scripting/monoscript/fileName/FindEditorWindow.cs: 2bb64182aef631315344623cf583c78a -> 8c3c78bb7e82ac5008f8a2b8a0d68cff
  custom:scripting/monoscript/fileName/DrawProgressForViews.cs: c153245b67af73b7ee03f693a1127796 -> 068a172cb549ad77d9873d721698bd0d
  custom:scripting/monoscript/fileName/UpdateReportDialog.cs: 706e7e86547c339cdb3a4462e3f7a54d -> 087837d8f73228f1a817d0de82c77260
  custom:scripting/monoscript/fileName/HistoryListView.cs: 527da2d093462f1c4a278d6957e7d5ac -> 7b2d1d2c12ab43d9d244e35197127919
  custom:scripting/monoscript/fileName/ChangeTreeViewItem.cs: e3d78a2bee9cc81382a4cb8578dc4fb0 -> b0a38ce0a620643c776a3db4fd91bc4c
  custom:scripting/monoscript/fileName/BringWindowToFront.cs: 88b20f2a2881db6a013f54923d68cdee -> a30c7c1ba746c6d277a5aedd3057d15e
  custom:scripting/monoscript/fileName/LaunchCheckinConflictsDialog.cs: 4417eba1591eccb2221bfdce0106c1e0 -> e2c1e3f8f4e14a62e4363fe6259adbc2
  custom:scripting/monoscript/fileName/ParseArguments.cs: 03c1a4d7e357164ca313a0019713c3db -> ae915d9f5fe287ced40627c9ca8bfafd
  custom:scripting/monoscript/fileName/ExternalLink.cs: 7eb9650651b43fb98c07816e49275ba9 -> a8ff952d8c27d10f226ab92b7aa83b69
  custom:scripting/monoscript/fileName/WaitingSignInPanel.cs: 247680fcfc6a176b9fa28a3df600a754 -> 7585e1c7111b6b900784e6d1c9454258
  custom:scripting/monoscript/fileName/TestingHelpData.cs: 0d1f98ae9b6fa0253523889fad413adb -> 
  custom:scripting/monoscript/fileName/OperationProgressData.cs: 0db72349eeecbe9449a517b1d79cc760 -> 15f68712baaea535af36d9e0333c0a6e
  custom:scripting/monoscript/fileName/RepositoriesListHeaderState.cs: c0353a1af15ae4fd3d5a2a3cac816423 -> fb71b961ab7c924511a6b0e8680b60ee
  custom:scripting/monoscript/fileName/ClientDiffTreeViewItem.cs: 56be9d3aa410e770e75de2d8b93be89d -> 43bdd7aa5bf1aa039a5b572c119c38d0
  custom:scripting/monoscript/fileName/CreateWorkspaceView.cs: 0f1446bdab952811ae2968789e1a2804 -> 04b4ce6556541af6541e1f1c2ea97052
  custom:scripting/monoscript/fileName/CommandLineArguments.cs: 0d20ca25f94249586a7c1484c469d8a2 -> 48a62ad3f817c0269ea7fc4a53799594
  custom:scripting/monoscript/fileName/DownloadRepository.cs: 46fc68d9cc4da8e8ed765ff28b2dd438 -> 5bad8d3f76a3fcb41a94637e37c11ab0
  custom:scripting/monoscript/fileName/ParentWindow.cs: 2476d8a6ba9c3055f984ac9792cae61a -> d6aa079e592e01701c5baa3ab98898bc
  custom:scripting/monoscript/fileName/OperationParams.cs: 091a140b35535b91c773ddf98925322d -> 3312c7a4424a66ffbf2f88f056f329aa
  custom:scripting/monoscript/fileName/SignInWithEmailPanel.cs: a5823728eb62cf6dbd8c933c1cb26f53 -> 6e8957c0ed7609303e68389067e72d72
  custom:scripting/monoscript/fileName/LaunchInstaller.cs: f9b7c99441bc32980ce9b95be066824b -> b75efdf5909b501e06cacd9c66f75981
  custom:scripting/monoscript/fileName/AvatarImages.cs: ea6dca998cf0ec5122553a9e010ef687 -> 3aa8c25a350843151ec4070c820c411a
  custom:scripting/monoscript/fileName/DrawHelpPanel.cs: 58c832ce9ea1a11e2724de5dd46ca0cb -> 
  custom:scripting/monoscript/fileName/DrawUserIcon.cs: 2f65feb9bed897237f97fbf9c5479092 -> 7d5385bf780ae84e648a8b49f8fe0825
  custom:scripting/monoscript/fileName/AssetStatus.cs: b9ea657347f2c22e8e401cdb256c516c -> e017010009bdb28bcb0d7d8ef05e7dd9
  custom:scripting/monoscript/fileName/BranchesListView.cs: 334a3fb302f855f71fb71520fb442a71 -> 3f5ed9fe5a1bca512014ae1600ee1666
  custom:scripting/monoscript/fileName/DrawGuiModeSwitcher.cs: 363adc150c5f1c5059a678f179906090 -> d3be34a3134d3fe80ef6b14d0d519128
  custom:scripting/monoscript/fileName/UnityMenuItem.cs: 5f445176ad3735e69769d93250663be7 -> 73f3c859f1b5092ad362c09e23b3a922
  custom:scripting/monoscript/fileName/WebRestApiClient.cs: c0bdde7ff9e25b1ad06e078e6d9b2fe0 -> 746756fd499dddd02a4e7ccdbac48be3
  custom:scripting/monoscript/fileName/IncomingChangesTreeView.cs: 78411a54601a32b278de0dd7d80f8670 -> 96479648d4498738733254eb4e4c6fb5
  custom:scripting/monoscript/fileName/GenericProgress.cs: 11287c7d038c487f32d0c8edc476a32d -> 8492ec26f01fc248d3eb3c2f5b3b6c0f
  custom:scripting/monoscript/fileName/MergeCategoryTreeViewItem.cs: c1ecd9dc0cd73eb7eb129994dedc1a91 -> 6bd59fcbfeafe06987a54631991d755b
  custom:scripting/monoscript/fileName/CheckinDialog.cs: 1709b78fae1329cc05fd4f39334b25f5 -> 702fdb8d0a3b4bfcb9ba109e71325cad
  custom:scripting/monoscript/fileName/ProcessCommand.cs: b8ac3f676ec101f7ebb0d2fff79235f1 -> 2cc3b6e2a763c7f353b474b6904b45a6
  custom:scripting/monoscript/fileName/SortOrderComparer.cs: 8f6297df34271fdb1ce2d9607ec6261d -> 90647cc400823b41df847a6cbfc29026
  custom:scripting/monoscript/fileName/GUIActionRunner.cs: 69af7de0762ed6d085feb4cc4b5101b3 -> 4a0608de635b0d82868d57923d68eff7
  custom:scripting/monoscript/fileName/PlasticMenuItem.cs: 07a9318d8d82a152df4ec33acd1befdd -> 30c3a785b4c2607e2ae9aad693d5f604
  custom:scripting/monoscript/fileName/PendingChangesTreeView.cs: f3722f38014385705913f17dbe0f90c1 -> 17142d220a0a50a3f3d184c4718a0da7
  custom:scripting/monoscript/fileName/VCSPlugin.cs: e4ec197b273413c2276be270d94be16d -> 69c1b7249af35f35848ae707bd5e7113
  custom:scripting/monoscript/fileName/GetClientDiffInfos.cs: 4ae14b15e2cf5177a84735548a44cdc9 -> f8db8e637ded2d5e935a953a13b85ebe
  custom:scripting/monoscript/fileName/DrawActionButtonWithMenu.cs: d7f31944358aed2f3ed3982246fca039 -> 8d4f5edd02a1dd0f38c4f2baf5ee8a33
  custom:scripting/monoscript/fileName/ErrorListViewItem.cs: 732dcd63546c04257b33a0917d21b2ae -> 8d377b020cd4efc9739abf6e8e730437
  custom:container-muxer-webm: aa71ff27fc2769a1b78a27578f13a17b -> 
  custom:scripting/monoscript/fileName/EditorProgressControls.cs: b1f133fa38afd918d537a72574fc93a0 -> 2e606eb01a6e6a567f3de9a0379ed3ae
  custom:scripting/monoscript/fileName/BranchesListHeaderState.cs: d47f1164fa7093137db851c4c16ffba3 -> 82eab21603f4efc696334ee80641c2c9
  custom:scripting/monoscript/fileName/DrawSearchField.cs: b11b864a92c7d76f85d4ec87d6faf61c -> 3de70beba9f4447205d50241d95b066a
  custom:scripting/monoscript/fileName/PendingChangesTab.cs: c99065f3c85ec85c85ece2a1a30665af -> 15ae6787065f4af65778e981f418a60b
  custom:scripting/monoscript/fileName/HelpPanel.cs: 625fbcc6029d5fe5cf4aa833f68adb0c -> 
  custom:scripting/monoscript/fileName/BuildGetEventExtraInfoFunction.cs: 1308a6936e8051866a117b3b7c2c7b77 -> 74bfc8c01f931108a3c2b127aa04cc8d
  custom:video-decoder-webm-vp8: 9c59270c3fd7afecdb556c50c9e8de78 -> 
  custom:scripting/monoscript/fileName/WelcomeView.cs: 727cdb3e104b6a2a1b2a292c292f355e -> b6f5ad03828f3d0b6465c52959e1ee5e
  custom:scripting/monoscript/fileName/HelpFormat.cs: 92b36f6584b3d7ccdc99b0ae4e152c53 -> 
  custom:scripting/monoscript/fileName/PlasticApp.cs: c440a0fb380601a77ad475d6c15d4fa1 -> c57de230d90beac7b586f10b9c7c6cb5
  custom:scripting/monoscript/fileName/ChangesetsTab.cs: ef408d8aaf89e01b17643ed0c836680d -> 46dde8f7856048792ad2e75490bb8c5e
  custom:scripting/monoscript/fileName/DrawProgressForMigration.cs: 0390721ecd322e9ab47db03bd0f98a12 -> 
  custom:scripting/monoscript/fileName/DeleteBranchDialog.cs: efbbc070bfeda2b746e8b15a4380cb26 -> 8549b0fc52962c89115fd78724fee578
  custom:scripting/monoscript/fileName/IncomingChangesNotification.cs: 5804eea08e59310a581998ae8010a5e1 -> f039cd7fb6b53e16030c9431c0e3a656
  custom:scripting/monoscript/fileName/DrawTreeViewEmptyState.cs: 6287514b9d86e73fc5c808e9a9847355 -> d4c16fd6aad8161eda7d99fd74cbb08e
  custom:scripting/monoscript/fileName/ErrorsListView.cs: 202ccd428b59063895c865fc91609494 -> 897fb5fb66de4298630458ed4a966790
  custom:scripting/monoscript/fileName/UnityPendingChangesTree.cs: fd6f0a038401268983bd9328d10dec93 -> f391d9a00dc9e202cee4d4ebcf6d21c0
  custom:scripting/monoscript/fileName/EmptyCheckinMessageDialog.cs: 12efddebfc1859d39c5d8d43b34ef051 -> e95636a2119dec4d0c1f323f7ba65603
  custom:scripting/monoscript/fileName/PlasticDialog.cs: b0aae1bf1889af041741f324070b7b84 -> 63a17a2b696bc2a13c9046aa16f8cea4
  custom:SearchIndexIgnoredProperties: e643bd26f0fe6173181afceb89e7c659 -> 
  custom:scripting/monoscript/fileName/AutoRefresh.cs: 9d30d5d3f0e8985355be1ab597da1dbb -> 0a8afde180a876655ad16caa14493409
  custom:scripting/monoscript/fileName/PlasticPluginIsEnabledPreference.cs: 56473af084ae343e005353d1ebe26bab -> 7953272c37f4a828a3d1096e7479f346
  custom:scripting/monoscript/fileName/HelpData.cs: 9293e68e835820b452391937547d1531 -> 
  custom:scripting/monoscript/fileName/GetRelativePath.cs: 9b16eb2de9e98b392077181cc34243c1 -> ab04ae5e0cafb93ebf5c96148bb52df0
  custom:scripting/monoscript/fileName/UnityEvents.cs: bbca41e222c933c10ac2fdcedacdc4c9 -> 93e3e01e1fc330c62462aa41b286117b
  custom:AudioImporter_EditorPlatform: d09bf68614088b80899f8185d706f6e7 -> 
  custom:scripting/monoscript/fileName/DockEditorWindow.cs: 581124d5e19667105f2446d6dfbf7982 -> a9e5e467234133af999283610b6e84e6
  custom:scripting/monoscript/fileName/BranchesSelection.cs: 7eb1fcb556f0fad697e4ec9d989be099 -> 33b36e7b03910960966036894ec90c7c
  custom:scripting/monoscript/fileName/SaveAction.cs: b68fbb4319dbb368959c40781b39fdf8 -> 27c387bb58f3a69b0c9ff60d2209e18f
  custom:scripting/monoscript/fileName/AutoConfig.cs: 6c4e7f9dc55323aa1299debfe9723aa6 -> bf4bbd2f2e752464ef51dbf102faed17
  custom:scripting/monoscript/fileName/DiffPanel.cs: 02288a38bd14cc2b52a25b302a6f154e -> 210366dab3631628227b9406f87a9b7f
  custom:scripting/monoscript/fileName/PlasticAssetsProcessor.cs: ffbead0ce8c78df1634f8fc06dec8ecf -> ff731c8aacf4a537dc74c7cf9eaeaed0
  custom:scripting/monoscript/fileName/DrawActionToolbar.cs: 52293cb82089e0370f52e257f41c0869 -> e05748a99799f26304c1bbafd90f703b
  custom:scripting/monoscript/fileName/TreeViewItemIds.cs: 8f6297df34271fdb1ce2d9607ec6261d -> 90647cc400823b41df847a6cbfc29026
  custom:scripting/monoscript/fileName/EditorVersion.cs: 70953c9eccf7726f70c672a9a51619e9 -> 698aba075b19a52a056d67a7b809d179
  custom:scripting/monoscript/fileName/TeamEditionConfigurationWindow.cs: d06f049421c16e5927ec29f770917e09 -> e53b1ca5561894aaeff930afb696d001
  custom:scripting/monoscript/fileName/ProgressOperationHandler.cs: 5fbb4e0f656dcfaa4498bd2e492e4710 -> ec62666c0ca1649dd33cc6bc6834c6f7
  custom:scripting/monoscript/fileName/UnityPlasticTimer.cs: 961fdb6492c99b4a3eadbed28e78c4b0 -> 6c887e722e951c2964523825cad70c4c
  custom:scripting/monoscript/fileName/TreeHeaderColumns.cs: 9fc4a0396a421346b8aa3b7788860851 -> 316e5ea62e66b20fd6e687a6b9e5958e
  custom:scripting/monoscript/fileName/AssetFilesFilterPatternsMenuBuilder.cs: 8fe5de6e5dc3d42fb7e95de2aaedbf5a -> 0d99e7514c6a33cda8314deed8f34bc5
  custom:scripting/monoscript/fileName/PlasticNotification.cs: 71978c581e1127248a19c9d9e66cd355 -> 3629fdff9f054b2013702f5b131b2c47
  custom:scripting/monoscript/fileName/ConfirmContinueWithPendingChangesDialog.cs: c0e147ff008a0b77c9337132a3ea70af -> 77462b1904ad8f6fee2f8da4523d59fe
  custom:scripting/monoscript/fileName/ChangelistTreeViewItem.cs: a4a6f6169cdb3afe249e104e2b7b1a2c -> 87f69636be8bd1a264ec4eac1bffa701
  custom:scripting/monoscript/fileName/CollabPlugin.cs: bda741ff77a19affbf276298e29313ec -> ca276d65e7cd77c5c99d9f119ffdb215
  custom:scripting/monoscript/fileName/TabButton.cs: 3efe8f66ffd840fd7aeb0585b183d2fa -> 757146b89ed597b1d75c77241e5d5f63
  custom:scripting/monoscript/fileName/LaunchTool.cs: 3ac53c8af1f56365aad9e1ae5366d98d -> 60773d78646dc188d4b2caca77f20b17
  custom:scripting/monoscript/fileName/RunModal.cs: 33b931100ee477e6812324eabaa2e837 -> c83ee2ef642c5d8b8dfd32f033bfc438
  custom:scripting/monoscript/fileName/BranchListViewItem.cs: 8fdaa5aa842f5a70237affa304b9d506 -> 55028f4aef24d6227589aaa95582b2ff
  custom:scripting/monoscript/fileName/GetAvatar.cs: 07c98163f75f0b7c672bd453fc82bf61 -> 04ffae2a9e5a4c32a119f93144f558d2
  custom:scripting/monoscript/fileName/FindTool.cs: fc3b0710b24078288fe829d0bb041dd0 -> 2f9d82566cfb01fb68fc30111fb47624
  custom:scripting/monoscript/fileName/ChannelCertificateUiImpl.cs: 75d7831ab5da75cc0082e28863abb142 -> cefccf1e13b7bcf15e3c9f2dd4cd2fc8
  custom:scripting/monoscript/fileName/ApplyCircleMask.cs: 02eb67e485278e7c9b719fee5ff90f4a -> b955b378d261fdcbd6272fe8711d1e4f
  custom:scripting/monoscript/fileName/AssetMenuOperations.cs: 4d198753827ac1463e02b10d5d04cc7c -> 0f0ce50426259919e339aa7586c1e4ac
  custom:scripting/monoscript/fileName/VisualElementExtensions.cs: cd98f4a51563fccdfc39eed097290325 -> 0aad2728225c469038631668406aebb3
  custom:scripting/monoscript/fileName/LocksSelector.cs: 70b046a562568fd78d093736e68a3a58 -> 7b0f4fc5552c1d92ba7f4648526ceb21
  custom:scripting/monoscript/fileName/ListViewItemIds.cs: 8f6297df34271fdb1ce2d9607ec6261d -> 90647cc400823b41df847a6cbfc29026
  custom:scripting/monoscript/fileName/CreateWorkspaceViewState.cs: 1deb37b3c17c224d9a7dca9c990ea191 -> 0fe23b7cca9336b31a27790c714de652
  custom:scripting/monoscript/fileName/MergeLinkListViewItem.cs: ebc1e6f9e3a3005d8f4c51a794adfdaa -> 3fa407d29597803190dd374d88ed170d
  custom:scripting/monoscript/fileName/DrawCommentTextArea.cs: ad5449f632fd412ac0f7ba0d171fd453 -> c58c26552f95f108a8d9610eaf001fbc
  custom:scripting/monoscript/fileName/ErrorsListHeaderState.cs: cb38081a34dcc37c968a3fae60743b76 -> ccfb08b895a719829a3302b7c4d26a5d
  custom:scripting/monoscript/fileName/RefreshAsset.cs: f56d23c5126a2dd3db6f272d3d3b71dd -> 21c806d59a337a83fcab56230df298f8
  custom:scripting/monoscript/fileName/BoolSetting.cs: 9c3f40d0ec58f1b80f82d15e4bda7107 -> 6866476ee3db529747ee7a560b4298d4
  custom:scripting/monoscript/fileName/CreateChangelistDialog.cs: 774371d4233cc1d394d98dc80507a1f8 -> 386b03e27c951c5f1d63daf7aae486ca
  custom:scripting/monoscript/fileName/HistoryListViewMenu.cs: 15a489e494f04a7ea37a587c7601070e -> 29770348599c8d5473b78d72e5741b40
  custom:scripting/monoscript/fileName/FilterRulesConfirmationDialog.cs: 5186d89f21d03764f0cca01c2a0122d7 -> 9c91c6c91f20e6d013a753f32343b327
  custom:scripting/monoscript/fileName/ChangesetsSelection.cs: d154d1782ed752b83834c54a0bde3df9 -> 8b9d539af9f7e269bac4e3d79e9ffab8
  custom:scripting/monoscript/fileName/AssetPostprocessor.cs: 28be74a844bbed0286c3c45dee7283e7 -> 96208057b904410715a8df295ba4f8f4
  custom:scripting/monoscript/fileName/IsResolved.cs: 12b1cb46be3341613a9d03a0fb32ccfc -> f54a3e2c5134aa4306f9ad150b1911a9
  custom:scripting/monoscript/fileName/LocalStatusCache.cs: a558fcf5f34357bab4cfc7b75e2bb356 -> 30974ea30517fbfd1b93153f6c849a76
  custom:scripting/monoscript/fileName/RepositoryExplorerDialog.cs: 143e7416b576681e1f2ea71288e530e6 -> eea34924da79ad7254f3e141a891c78d
  custom:scripting/monoscript/fileName/HelpLinkData.cs: 298f428470bd6f0a46823cad390bf0d6 -> 
  custom:scripting/monoscript/fileName/WorkspaceWindow.cs: ff52e13cd29dacd66db0169e14f71a23 -> b042f06133312d3bfed176231d97d77c
  custom:scripting/monoscript/fileName/PlasticShutdown.cs: 927cfd31d19eaaaa16d67e3e3b26fdb2 -> a8df8eeeed98372d06e446171a192a6d
  custom:scripting/monoscript/fileName/FilesFilterPatternsMenuBuilder.cs: 28072cd275c96994687e6d4d0d6e1dff -> cf716a8d336c8113475a9ca67a799ec1
  custom:scripting/monoscript/fileName/HistoryListViewItem.cs: 2d3b1fc954b6bdbae298ec250ade0663 -> 96f2b67ec620b83e35d13f11877e1ac1
  custom:scripting/monoscript/fileName/RemoteStatusCache.cs: 00463e6b90cfe7da080d7c266f783980 -> 402d5663f3675e9324c129274b0c00f2
  custom:scripting/monoscript/fileName/EditorWindowFocus.cs: 1012e4e2e29e9b29bdcc03d8b92762a8 -> f258b0cf85078a7435d001e522d5e8e3
  custom:scripting/monoscript/fileName/EnumExtensions.cs: 24df84756ec75feecd53a80a0991ea16 -> 872fcb89b813d64606e680211dede528
  custom:scripting/monoscript/fileName/NewIncomingChanges.cs: 4475d5d6d9583dbe65c4824e6a1fe6aa -> fc48261878ef7e4b956e7172f5803aee
  custom:video-encoder-webm-vp8: eb34c28f22e8b96e1ab97ce403110664 -> 
  custom:scripting/monoscript/fileName/UnityIncomingChangesTree.cs: a6749c8b534ffb85ccf809bc8e274114 -> 42967773c43d3de5d23be4ddc6dfd9c4
  custom:scripting/monoscript/fileName/UnityDiffTree.cs: 447fc3a8922f56330f4bae8c9dc9a8be -> 1029ffd567bc0e646e6b119719dcb2ff
  custom:scripting/monoscript/fileName/TreeHeaderSettings.cs: 114eb9e27124403e8e111494b8eaf987 -> 662b1714c0fce36da72bbfe60201987a
  custom:scripting/monoscript/fileName/UnityConstants.cs: 5ce06a0e2d108fc8a16a0af098aa895b -> 8f7afb61f2b433d3c701afb225319bcb
  custom:scripting/monoscript/fileName/IsExeAvailable.cs: 3e4283303610c884e542b8f6d3e922d4 -> 4a3dbc5ded94087064afd97407f26631
  custom:scripting/monoscript/fileName/AutoLogin.cs: d257b2b319167ee8af9b75266dabb58c -> cac363a2d5471994de278e71f937b032
  custom:audio-decoder-ogg-vorbis: bf7c407c2cedff20999df2af8eb42d56 -> 
  custom:scripting/monoscript/fileName/UpdateReportLineListViewItem.cs: a101f0ba5292fc139445870b3f4af838 -> 9f63395e1ea590dbbab4d59cd0032ac4
  custom:scripting/monoscript/fileName/DrawSplitter.cs: ec7e8739eacabcca3e2946d9833eea0f -> d2f114a8e8e4167f7762d835a83b2f55
  custom:scripting/monoscript/fileName/LaunchDependenciesDialog.cs: e1c527862a66e73f0417ae177d7fdfb5 -> 2cabf22eb95430074b6c730a84e03493
  custom:scripting/monoscript/fileName/CredentialsResponse.cs: 96b135ae1c4ea541dc762170ea524fa9 -> 3dd2507693e56dac75ee7783f598cbb9
  custom:scripting/monoscript/fileName/LaunchDiffOperations.cs: 831bbe9f0510da02e07943dba200580f -> 20e85a96a5926a180bb53a2abca68aa4
  custom:scripting/monoscript/fileName/PlasticSplitterGUILayout.cs: 4cfaefa1a850aceff54713912c4a2bda -> 111849f67dfbfea65ad2a9298ad1654d
  custom:scripting/monoscript/fileName/CheckinDialogOperations.cs: 0b2a2cd4c41cf1865a29cf91b2a96a48 -> d032d69e8060311c06b88286e8f22ddd
  custom:scripting/monoscript/fileName/PendingChangesViewMenu.cs: 68fab310addfd7068cfd7920070496ff -> 9b0019b6df6bb14eb3a2dbafa53fb54b
  custom:scripting/monoscript/fileName/AssetsSelection.cs: 35cec24e81f0cb1de51daeb356abc4ff -> 0227d7ff4d5687932d10967a945a9b06
  custom:scripting/monoscript/fileName/EnumPopupSetting.cs: 8f6297df34271fdb1ce2d9607ec6261d -> 90647cc400823b41df847a6cbfc29026
  custom:scripting/monoscript/fileName/PlasticConnectionMonitor.cs: 0a14faa9ef1a178a87cdca925b1963c3 -> 920e8e381bfc94da8bb69d336dda57ca
  custom:scripting/monoscript/fileName/HistoryListHeaderState.cs: 6226ef13a567fa81584864f8698be331 -> a87e0364d14866c369ad50d669bdfa85
  custom:scripting/monoscript/fileName/CloudEditionWelcomeWindow.cs: c886fdb39f4b8787e6ea3701a8f88f4a -> b1721e471183956468462f6b64901640
  custom:scripting/monoscript/fileName/AssetsPath.cs: 367269acf8f676d2cdd30fdc387b3920 -> e0e986124adc46d913f0683c34b88c9f
  custom:scripting/monoscript/fileName/MetaPath.cs: 1f80313a7ce6ec6ece505285578f5745 -> 417a84eb354831f828a6752b26c8592d
  custom:scripting/monoscript/fileName/CredentialsUIImpl.cs: 90e9c2de8d7bdd8424e0d89c415108ae -> dbacf67c37819fd95562fe169e706732
  custom:scripting/monoscript/fileName/ChangesetsViewMenu.cs: b720f0168f4ce1b1e0d358a6d5ec9a42 -> 7d1a2de81910b5990e71a0bfff26fdca
  custom:scripting/monoscript/fileName/UnityPlasticGuiMessage.cs: 2a7f71f59c0d7dc731fd345a3713957c -> 24eef0792e3802809607a7f9d04b8f1d
  custom:scripting/monoscript/fileName/OrganizationCredentials.cs: ee462057b3bd23cc3dab953ac4d656e2 -> 0b123406cadd651e9adc01c85fab5124
  custom:scripting/monoscript/fileName/StatusBar.cs: 4d7c95bdcb7dc38d15f73e75e08a1cfd -> 392933116703b8e69a96dc0b873bf6f1
  custom:scripting/monoscript/fileName/IsCurrent.cs: 16ae2475c9982c21b0dccb3cdf4b1a92 -> cf1fd01890d0fd9f011c1a1a491e2cf0
  custom:scripting/monoscript/fileName/ChangesetFromCollabCommitResponse.cs: b986ab8b1acd322b0367812e2d541734 -> ba336e4117e1b7ee28e4c17197bc3d0e
  custom:scripting/monoscript/fileName/MoveToChangelistMenuBuilder.cs: 3a2ef8cb0baf69e5dadeafc731fe32a9 -> a90b3e388d3e1316fa104d4c9a03e2d1
  custom:scripting/monoscript/fileName/LoadingSpinner.cs: 69a46a0158b3944983921513a6337a68 -> 1c13cf7a9498073806920e71757dfeda
  custom:scripting/monoscript/fileName/LocksTab.cs: 134c512484ae73354c15c06a6dc69f9f -> 00ffb5a39c16fdc2d733c7e53471a3a9
  custom:scripting/monoscript/fileName/BranchesTab.cs: 764cb17e9337c58ad4f5304b60b2042e -> 57c33f76c527a5aba4d269245ffff188
  custom:scripting/monoscript/fileName/HelpLink.cs: f129aa05dc3840d5bd4f2e0d111189db -> 
  custom:scripting/monoscript/fileName/ToolConfig.cs: 18b1ea271ce5e7b6deea7b4e8e175269 -> fcffc3165b047f54ed6ccafa4c8760dd
  custom:scripting/monoscript/fileName/DropDownTextField.cs: e66e7314096900597993d2b353757d8d -> c8fc484ce140049ff31ebc2c6cbebf28
  custom:scripting/monoscript/fileName/AssetsProcessor.cs: 47679a6e15b70f4fef48eb1b2df31b19 -> 18737889e95cd4088e8dfd4153fa8f40
  custom:scripting/monoscript/fileName/DrawActionButton.cs: d847a7d82ac92cab2b3d0ae268cefb3d -> 81e6708d2b8fa199354e53f85db731a8
  custom:scripting/monoscript/fileName/TableViewOperations.cs: ddc7b903e0dbd6bd109f2bd709b95f0e -> bef3a31deb1fe794a90f767d16e4c868
  custom:scripting/monoscript/fileName/UpdateProgress.cs: 5b04f01bf199310f09ab9522f89c78f4 -> 281e1e05168d6a30be1d8d2f6200bef8
  custom:scripting/monoscript/fileName/OrganizationsInformation.cs: b3f0758c6655b2dad1161792812992fa -> 5f067ea8d90fc79055a3dcfd58ae6dca
  custom:scripting/monoscript/fileName/SubscriptionDetailsResponse.cs: e10e0299ef716630c63b8cf5f792cda0 -> e5121cec860a6d1097cc809217b3d8fe
  custom:scripting/monoscript/fileName/DrawProgressForDialogs.cs: 5f8d39e3ea7c4a42148c6b1a7b4ca061 -> a5f2abd8875e7a6afbc171fabfbae81f
  custom:scripting/monoscript/fileName/ToolbarButton.cs: 0b8663f5acfbbe9acf3c68758e2857fb -> 47dc767626bbd94d66707af31ddc5eb6
  custom:scripting/monoscript/fileName/ProjectViewAssetSelection.cs: 349dc288d32791de51156d4e59000b7b -> 2560eadaf6a13a74a46a4a207cd5a8b6
  custom:scripting/monoscript/fileName/DrawTreeViewItem.cs: cceebc4f1185658619e40964f29acb08 -> 0921a62a588ab864253743d1f07afb5a
  custom:scripting/monoscript/fileName/DrawSceneOperations.cs: 2426c0c2ee58cd28be59874f6425940c -> d87f46f9fb97181a2f51490ea2e1efc3
  custom:audio-encoder-webm-vorbis: bf7c407c2cedff20999df2af8eb42d56 -> 
  custom:scripting/monoscript/fileName/DrawActionHelpBox.cs: dcd6ec2e7fb1b44f22c4a79ff87b70cd -> c8f6be9dab1e6f8d71e0c63c29679186
  custom:scripting/monoscript/fileName/PendingChangesMultiColumnHeader.cs: 21802cc6929e0e180fb4f0be8e34d9d0 -> 722de7d6e07a79981d750438e6febb8f
  custom:scripting/monoscript/fileName/EditorDispatcher.cs: c739e073a8c38dbcf59192f45d1004c5 -> 3c402eae57d73cc54863f3f6a13096ae
  custom:scripting/monoscript/fileName/IIncomingChangesTab.cs: 363f9daba453e316e730238a80857251 -> 40644cd18074db84684b9e437bf8fa77
  custom:scripting/monoscript/fileName/GetChangesOverlayIcon.cs: f00e4b795697c6cf3092760f3b6fc49d -> d599d6efdee28305661bc0cf6683858a
  custom:scripting/monoscript/fileName/ChangesetsListView.cs: caae0aefb36c869f50691482a5cd0944 -> 87b74e0d80cf59010f55e2baaeb6679d
  custom:scripting/monoscript/fileName/UpdateReportListView.cs: 2d8fccdaad50bbd7454b52cf9cb4a0f9 -> 08d26df1ab6c3a7628addc5e54e50b08
  custom:scripting/monoscript/fileName/UnityConfigurationChecker.cs: 59a8f0715a7c89a752351bf42f94abbd -> 874cd65cce0384fef4b60e71fb08a429
  custom:scripting/monoscript/fileName/CheckWorkspaceTreeNodeStatus.cs: 5e11ff64963669981115eb58dc2b6e8b -> 1e1255b803bf7cbc935bb804bf0dbe7b
  custom:scripting/monoscript/fileName/PlasticPlugin.cs: a57c142b98ca3d4daad221737fd72924 -> c64561980f26020cc3206ae8b1047268
  custom:scripting/monoscript/fileName/SwitchModeConfirmationDialog.cs: 4d9c02587760213784bfe53d012122b4 -> 30cd71d0b3ee4b2689cde689908d301e
  custom:scripting/monoscript/fileName/PlasticWindow.cs: 76740c086f0109337962354fe520adb2 -> fc467478941f610919bc69526ba2c215
  custom:scripting/monoscript/fileName/BranchesViewMenu.cs: 8089f11c30784e2e57775dd6cdbae898 -> 7bfc83e917c9b0b5aa423bb947ce2a38
  custom:scripting/monoscript/fileName/CooldownWindowDelayer.cs: 7816cfcad485500dbac9993c4502ea69 -> 4c95e39c8dd4cfa1bca106097fdb6524
  custom:scripting/monoscript/fileName/GetInstallerTmpFileName.cs: fa7bda723ac795b48e38504727f44981 -> d09e0b5c7a9af5874530e17ef23025f0
  custom:scripting/monoscript/fileName/AssetModificationProcessor.cs: 84d720d70e5c24b7d0630ef5cea215ce -> a602c9e59e7db185e3a0d68d986e6fef
  custom:scripting/monoscript/fileName/IsCollabProjectMigratedResponse.cs: 4c3294c6a51e6f42161d191230692016 -> af2b76c693935deee55cfcaed2aa7568
========================================================================
Received Import Request.
  Time since last request: 88451.202504 seconds.
  path: Assets/Art
  artifactKey: Guid(b8bf59ccfd3fa8c4abb3f6c898393de9) Importer(815301076,1909f56bfc062723c751e8b465ee728b)
Start importing Assets/Art using Guid(b8bf59ccfd3fa8c4abb3f6c898393de9) Importer(815301076,1909f56bfc062723c751e8b465ee728b) [PhysX] Initialized MultithreadedTaskDispatcher with 20 workers.
 -> (artifact id: '8b2778f4b41250522f67551e9573e14e') in 0.001348 seconds
Number of updated asset objects reloaded before import = 0
Number of asset objects unloaded after import = 0
========================================================================
Received Import Request.
  Time since last request: 21.619792 seconds.
  path: Assets/Art/Modals
  artifactKey: Guid(b72ed575de6271843adbf8542a363852) Importer(815301076,1909f56bfc062723c751e8b465ee728b)
Start importing Assets/Art/Modals using Guid(b72ed575de6271843adbf8542a363852) Importer(815301076,1909f56bfc062723c751e8b465ee728b) [PhysX] Initialized MultithreadedTaskDispatcher with 20 workers.
 -> (artifact id: '0c496c056c93c0133562e123b65d2649') in 0.000711 seconds
Number of updated asset objects reloaded before import = 0
Number of asset objects unloaded after import = 0
========================================================================
Received Import Request.
  Time since last request: 58.643708 seconds.
  path: Assets/Art/Modals/piggy bank.fbx
  artifactKey: Guid(6665bdbd97fd467498a43e5b299c3220) Importer(815301076,1909f56bfc062723c751e8b465ee728b)
Start importing Assets/Art/Modals/piggy bank.fbx using Guid(6665bdbd97fd467498a43e5b299c3220) Importer(815301076,1909f56bfc062723c751e8b465ee728b) [PhysX] Initialized MultithreadedTaskDispatcher with 20 workers.
 -> (artifact id: 'c07ed6a4460bd0e62d16b3ca6655ad35') in 0.015322 seconds
Number of updated asset objects reloaded before import = 0
Number of asset objects unloaded after import = 4
========================================================================
Received Import Request.
  Time since last request: 0.040793 seconds.
  path: Assets/Art/Modals/cherry.fbx
  artifactKey: Guid(cafb50d3a121db445aac47b6c9eda586) Importer(815301076,1909f56bfc062723c751e8b465ee728b)
Start importing Assets/Art/Modals/cherry.fbx using Guid(cafb50d3a121db445aac47b6c9eda586) Importer(815301076,1909f56bfc062723c751e8b465ee728b) [PhysX] Initialized MultithreadedTaskDispatcher with 20 workers.
 -> (artifact id: 'c1d62ee454e14060beb4c2841fb1467e') in 0.001723 seconds
Number of updated asset objects reloaded before import = 0
Number of asset objects unloaded after import = 4
========================================================================
Received Import Request.
  Time since last request: 0.000013 seconds.
  path: Assets/Art/Modals/ghost.fbx
  artifactKey: Guid(f9e5b5f1be1e29845afbab8db9e73ca5) Importer(815301076,1909f56bfc062723c751e8b465ee728b)
Start importing Assets/Art/Modals/ghost.fbx using Guid(f9e5b5f1be1e29845afbab8db9e73ca5) Importer(815301076,1909f56bfc062723c751e8b465ee728b) [PhysX] Initialized MultithreadedTaskDispatcher with 20 workers.
[PhysX] Initialized MultithreadedTaskDispatcher with 20 workers.
[PhysX] Initialized MultithreadedTaskDispatcher with 20 workers.
[PhysX] Initialized MultithreadedTaskDispatcher with 20 workers.
 -> (artifact id: 'e8a2de1286fffba5802c387b9cdbb8cd') in 0.263402 seconds
Number of updated asset objects reloaded before import = 0
Number of asset objects unloaded after import = 8
========================================================================
Received Import Request.
  Time since last request: 191.765733 seconds.
  path: Assets/cherry.fbx
  artifactKey: Guid(40683edd42b325d4c8f1a4394e5ab69e) Importer(815301076,1909f56bfc062723c751e8b465ee728b)
Start importing Assets/cherry.fbx using Guid(40683edd42b325d4c8f1a4394e5ab69e) Importer(815301076,1909f56bfc062723c751e8b465ee728b) [PhysX] Initialized MultithreadedTaskDispatcher with 20 workers.
[PhysX] Initialized MultithreadedTaskDispatcher with 20 workers.
[PhysX] Initialized MultithreadedTaskDispatcher with 20 workers.
 -> (artifact id: '81973982b1529cb027819abd45337375') in 0.074508 seconds
Number of updated asset objects reloaded before import = 0
Number of asset objects unloaded after import = 7
========================================================================
Received Import Request.
  Time since last request: 442.852435 seconds.
  path: Assets/piggy bank.fbx
  artifactKey: Guid(bb26cfb1a2da60e4d84c8375a2058626) Importer(815301076,1909f56bfc062723c751e8b465ee728b)
Start importing Assets/piggy bank.fbx using Guid(bb26cfb1a2da60e4d84c8375a2058626) Importer(815301076,1909f56bfc062723c751e8b465ee728b) [PhysX] Initialized MultithreadedTaskDispatcher with 20 workers.
 -> (artifact id: '1021c9d7c855a6f80dce0da29fa96c98') in 0.002492 seconds
Number of updated asset objects reloaded before import = 0
Number of asset objects unloaded after import = 4
========================================================================
Received Import Request.
  Time since last request: 175.949173 seconds.
  path: Assets/Art/Modals/piggy_bank.fbx
  artifactKey: Guid(b0d507df4cf8c994c9c4433fbebf25f2) Importer(815301076,1909f56bfc062723c751e8b465ee728b)
Start importing Assets/Art/Modals/piggy_bank.fbx using Guid(b0d507df4cf8c994c9c4433fbebf25f2) Importer(815301076,1909f56bfc062723c751e8b465ee728b) [PhysX] Initialized MultithreadedTaskDispatcher with 20 workers.
[PhysX] Initialized MultithreadedTaskDispatcher with 20 workers.
[PhysX] Initialized MultithreadedTaskDispatcher with 20 workers.
[PhysX] Initialized MultithreadedTaskDispatcher with 20 workers.
[PhysX] Initialized MultithreadedTaskDispatcher with 20 workers.
[PhysX] Initialized MultithreadedTaskDispatcher with 20 workers.
 -> (artifact id: 'a3ffda8a2143cf0efcde7654c5c1eceb') in 0.062763 seconds
Number of updated asset objects reloaded before import = 0
Number of asset objects unloaded after import = 17
========================================================================
Received Import Request.
  Time since last request: 1527.091269 seconds.
  path: Assets/Art/Modals/pac-man.fbx
  artifactKey: Guid(b4e11ea228edfe74598690bdd223824d) Importer(815301076,1909f56bfc062723c751e8b465ee728b)
Start importing Assets/Art/Modals/pac-man.fbx using Guid(b4e11ea228edfe74598690bdd223824d) Importer(815301076,1909f56bfc062723c751e8b465ee728b) [PhysX] Initialized MultithreadedTaskDispatcher with 20 workers.
[PhysX] Initialized MultithreadedTaskDispatcher with 20 workers.
[PhysX] Initialized MultithreadedTaskDispatcher with 20 workers.
[PhysX] Initialized MultithreadedTaskDispatcher with 20 workers.
[PhysX] Initialized MultithreadedTaskDispatcher with 20 workers.
[PhysX] Initialized MultithreadedTaskDispatcher with 20 workers.
[PhysX] Initialized MultithreadedTaskDispatcher with 20 workers.
[PhysX] Initialized MultithreadedTaskDispatcher with 20 workers.
[PhysX] Initialized MultithreadedTaskDispatcher with 20 workers.
[PhysX] Initialized MultithreadedTaskDispatcher with 20 workers.
[PhysX] Initialized MultithreadedTaskDispatcher with 20 workers.
[PhysX] Initialized MultithreadedTaskDispatcher with 20 workers.
[PhysX] Initialized MultithreadedTaskDispatcher with 20 workers.
[PhysX] Initialized MultithreadedTaskDispatcher with 20 workers.
[PhysX] Initialized MultithreadedTaskDispatcher with 20 workers.
[PhysX] Initialized MultithreadedTaskDispatcher with 20 workers.
[PhysX] Initialized MultithreadedTaskDispatcher with 20 workers.
[PhysX] Initialized MultithreadedTaskDispatcher with 20 workers.
[PhysX] Initialized MultithreadedTaskDispatcher with 20 workers.
[PhysX] Initialized MultithreadedTaskDispatcher with 20 workers.
[PhysX] Initialized MultithreadedTaskDispatcher with 20 workers.
[PhysX] Initialized MultithreadedTaskDispatcher with 20 workers.
[PhysX] Initialized MultithreadedTaskDispatcher with 20 workers.
[PhysX] Initialized MultithreadedTaskDispatcher with 20 workers.
[PhysX] Initialized MultithreadedTaskDispatcher with 20 workers.
[PhysX] Initialized MultithreadedTaskDispatcher with 20 workers.
[PhysX] Initialized MultithreadedTaskDispatcher with 20 workers.
[PhysX] Initialized MultithreadedTaskDispatcher with 20 workers.
[PhysX] Initialized MultithreadedTaskDispatcher with 20 workers.
[PhysX] Initialized MultithreadedTaskDispatcher with 20 workers.
[PhysX] Initialized MultithreadedTaskDispatcher with 20 workers.
[PhysX] Initialized MultithreadedTaskDispatcher with 20 workers.
[PhysX] Initialized MultithreadedTaskDispatcher with 20 workers.
[PhysX] Initialized MultithreadedTaskDispatcher with 20 workers.
[PhysX] Initialized MultithreadedTaskDispatcher with 20 workers.
[PhysX] Initialized MultithreadedTaskDispatcher with 20 workers.
[PhysX] Initialized MultithreadedTaskDispatcher with 20 workers.
[PhysX] Initialized MultithreadedTaskDispatcher with 20 workers.
[PhysX] Initialized MultithreadedTaskDispatcher with 20 workers.
[PhysX] Initialized MultithreadedTaskDispatcher with 20 workers.
[PhysX] Initialized MultithreadedTaskDispatcher with 20 workers.
[PhysX] Initialized MultithreadedTaskDispatcher with 20 workers.
[PhysX] Initialized MultithreadedTaskDispatcher with 20 workers.
[PhysX] Initialized MultithreadedTaskDispatcher with 20 workers.
[PhysX] Initialized MultithreadedTaskDispatcher with 20 workers.
[PhysX] Initialized MultithreadedTaskDispatcher with 20 workers.
[PhysX] Initialized MultithreadedTaskDispatcher with 20 workers.
[PhysX] Initialized MultithreadedTaskDispatcher with 20 workers.
[PhysX] Initialized MultithreadedTaskDispatcher with 20 workers.
[PhysX] Initialized MultithreadedTaskDispatcher with 20 workers.
[PhysX] Initialized MultithreadedTaskDispatcher with 20 workers.
[PhysX] Initialized MultithreadedTaskDispatcher with 20 workers.
[PhysX] Initialized MultithreadedTaskDispatcher with 20 workers.
[PhysX] Initialized MultithreadedTaskDispatcher with 20 workers.
[PhysX] Initialized MultithreadedTaskDispatcher with 20 workers.
[PhysX] Initialized MultithreadedTaskDispatcher with 20 workers.
[PhysX] Initialized MultithreadedTaskDispatcher with 20 workers.
[PhysX] Initialized MultithreadedTaskDispatcher with 20 workers.
[PhysX] Initialized MultithreadedTaskDispatcher with 20 workers.
[PhysX] Initialized MultithreadedTaskDispatcher with 20 workers.
[PhysX] Initialized MultithreadedTaskDispatcher with 20 workers.
[PhysX] Initialized MultithreadedTaskDispatcher with 20 workers.
[PhysX] Initialized MultithreadedTaskDispatcher with 20 workers.
[PhysX] Initialized MultithreadedTaskDispatcher with 20 workers.
[PhysX] Initialized MultithreadedTaskDispatcher with 20 workers.
[PhysX] Initialized MultithreadedTaskDispatcher with 20 workers.
[PhysX] Initialized MultithreadedTaskDispatcher with 20 workers.
[PhysX] Initialized MultithreadedTaskDispatcher with 20 workers.
[PhysX] Initialized MultithreadedTaskDispatcher with 20 workers.
[PhysX] Initialized MultithreadedTaskDispatcher with 20 workers.
[PhysX] Initialized MultithreadedTaskDispatcher with 20 workers.
[PhysX] Initialized MultithreadedTaskDispatcher with 20 workers.
[PhysX] Initialized MultithreadedTaskDispatcher with 20 workers.
[PhysX] Initialized MultithreadedTaskDispatcher with 20 workers.
[PhysX] Initialized MultithreadedTaskDispatcher with 20 workers.
[PhysX] Initialized MultithreadedTaskDispatcher with 20 workers.
[PhysX] Initialized MultithreadedTaskDispatcher with 20 workers.
[PhysX] Initialized MultithreadedTaskDispatcher with 20 workers.
[PhysX] Initialized MultithreadedTaskDispatcher with 20 workers.
[PhysX] Initialized MultithreadedTaskDispatcher with 20 workers.
[PhysX] Initialized MultithreadedTaskDispatcher with 20 workers.
[PhysX] Initialized MultithreadedTaskDispatcher with 20 workers.
[PhysX] Initialized MultithreadedTaskDispatcher with 20 workers.
[PhysX] Initialized MultithreadedTaskDispatcher with 20 workers.
[PhysX] Initialized MultithreadedTaskDispatcher with 20 workers.
[PhysX] Initialized MultithreadedTaskDispatcher with 20 workers.
[PhysX] Initialized MultithreadedTaskDispatcher with 20 workers.
[PhysX] Initialized MultithreadedTaskDispatcher with 20 workers.
[PhysX] Initialized MultithreadedTaskDispatcher with 20 workers.
[PhysX] Initialized MultithreadedTaskDispatcher with 20 workers.
[PhysX] Initialized MultithreadedTaskDispatcher with 20 workers.
[PhysX] Initialized MultithreadedTaskDispatcher with 20 workers.
[PhysX] Initialized MultithreadedTaskDispatcher with 20 workers.
[PhysX] Initialized MultithreadedTaskDispatcher with 20 workers.
[PhysX] Initialized MultithreadedTaskDispatcher with 20 workers.
[PhysX] Initialized MultithreadedTaskDispatcher with 20 workers.
[PhysX] Initialized MultithreadedTaskDispatcher with 20 workers.
[PhysX] Initialized MultithreadedTaskDispatcher with 20 workers.
[PhysX] Initialized MultithreadedTaskDispatcher with 20 workers.
[PhysX] Initialized MultithreadedTaskDispatcher with 20 workers.
[PhysX] Initialized MultithreadedTaskDispatcher with 20 workers.
[PhysX] Initialized MultithreadedTaskDispatcher with 20 workers.
[PhysX] Initialized MultithreadedTaskDispatcher with 20 workers.
[PhysX] Initialized MultithreadedTaskDispatcher with 20 workers.
[PhysX] Initialized MultithreadedTaskDispatcher with 20 workers.
[PhysX] Initialized MultithreadedTaskDispatcher with 20 workers.
[PhysX] Initialized MultithreadedTaskDispatcher with 20 workers.
[PhysX] Initialized MultithreadedTaskDispatcher with 20 workers.
[PhysX] Initialized MultithreadedTaskDispatcher with 20 workers.
[PhysX] Initialized MultithreadedTaskDispatcher with 20 workers.
[PhysX] Initialized MultithreadedTaskDispatcher with 20 workers.
[PhysX] Initialized MultithreadedTaskDispatcher with 20 workers.
[PhysX] Initialized MultithreadedTaskDispatcher with 20 workers.
[PhysX] Initialized MultithreadedTaskDispatcher with 20 workers.
[PhysX] Initialized MultithreadedTaskDispatcher with 20 workers.
[PhysX] Initialized MultithreadedTaskDispatcher with 20 workers.
[PhysX] Initialized MultithreadedTaskDispatcher with 20 workers.
[PhysX] Initialized MultithreadedTaskDispatcher with 20 workers.
[PhysX] Initialized MultithreadedTaskDispatcher with 20 workers.
[PhysX] Initialized MultithreadedTaskDispatcher with 20 workers.
[PhysX] Initialized MultithreadedTaskDispatcher with 20 workers.
[PhysX] Initialized MultithreadedTaskDispatcher with 20 workers.
[PhysX] Initialized MultithreadedTaskDispatcher with 20 workers.
[PhysX] Initialized MultithreadedTaskDispatcher with 20 workers.
[PhysX] Initialized MultithreadedTaskDispatcher with 20 workers.
[PhysX] Initialized MultithreadedTaskDispatcher with 20 workers.
[PhysX] Initialized MultithreadedTaskDispatcher with 20 workers.
[PhysX] Initialized MultithreadedTaskDispatcher with 20 workers.
[PhysX] Initialized MultithreadedTaskDispatcher with 20 workers.
[PhysX] Initialized MultithreadedTaskDispatcher with 20 workers.
[PhysX] Initialized MultithreadedTaskDispatcher with 20 workers.
[PhysX] Initialized MultithreadedTaskDispatcher with 20 workers.
[PhysX] Initialized MultithreadedTaskDispatcher with 20 workers.
[PhysX] Initialized MultithreadedTaskDispatcher with 20 workers.
[PhysX] Initialized MultithreadedTaskDispatcher with 20 workers.
[PhysX] Initialized MultithreadedTaskDispatcher with 20 workers.
[PhysX] Initialized MultithreadedTaskDispatcher with 20 workers.
[PhysX] Initialized MultithreadedTaskDispatcher with 20 workers.
[PhysX] Initialized MultithreadedTaskDispatcher with 20 workers.
[PhysX] Initialized MultithreadedTaskDispatcher with 20 workers.
[PhysX] Initialized MultithreadedTaskDispatcher with 20 workers.
[PhysX] Initialized MultithreadedTaskDispatcher with 20 workers.
[PhysX] Initialized MultithreadedTaskDispatcher with 20 workers.
[PhysX] Initialized MultithreadedTaskDispatcher with 20 workers.
[PhysX] Initialized MultithreadedTaskDispatcher with 20 workers.
[PhysX] Initialized MultithreadedTaskDispatcher with 20 workers.
[PhysX] Initialized MultithreadedTaskDispatcher with 20 workers.
[PhysX] Initialized MultithreadedTaskDispatcher with 20 workers.
[PhysX] Initialized MultithreadedTaskDispatcher with 20 workers.
[PhysX] Initialized MultithreadedTaskDispatcher with 20 workers.
[PhysX] Initialized MultithreadedTaskDispatcher with 20 workers.
[PhysX] Initialized MultithreadedTaskDispatcher with 20 workers.
[PhysX] Initialized MultithreadedTaskDispatcher with 20 workers.
[PhysX] Initialized MultithreadedTaskDispatcher with 20 workers.
[PhysX] Initialized MultithreadedTaskDispatcher with 20 workers.
[PhysX] Initialized MultithreadedTaskDispatcher with 20 workers.
[PhysX] Initialized MultithreadedTaskDispatcher with 20 workers.
[PhysX] Initialized MultithreadedTaskDispatcher with 20 workers.
[PhysX] Initialized MultithreadedTaskDispatcher with 20 workers.
[PhysX] Initialized MultithreadedTaskDispatcher with 20 workers.
[PhysX] Initialized MultithreadedTaskDispatcher with 20 workers.
[PhysX] Initialized MultithreadedTaskDispatcher with 20 workers.
[PhysX] Initialized MultithreadedTaskDispatcher with 20 workers.
[PhysX] Initialized MultithreadedTaskDispatcher with 20 workers.
[PhysX] Initialized MultithreadedTaskDispatcher with 20 workers.
[PhysX] Initialized MultithreadedTaskDispatcher with 20 workers.
[PhysX] Initialized MultithreadedTaskDispatcher with 20 workers.
[PhysX] Initialized MultithreadedTaskDispatcher with 20 workers.
[PhysX] Initialized MultithreadedTaskDispatcher with 20 workers.
[PhysX] Initialized MultithreadedTaskDispatcher with 20 workers.
[PhysX] Initialized MultithreadedTaskDispatcher with 20 workers.
[PhysX] Initialized MultithreadedTaskDispatcher with 20 workers.
[PhysX] Initialized MultithreadedTaskDispatcher with 20 workers.
[PhysX] Initialized MultithreadedTaskDispatcher with 20 workers.
[PhysX] Initialized MultithreadedTaskDispatcher with 20 workers.
[PhysX] Initialized MultithreadedTaskDispatcher with 20 workers.
[PhysX] Initialized MultithreadedTaskDispatcher with 20 workers.
[PhysX] Initialized MultithreadedTaskDispatcher with 20 workers.
[PhysX] Initialized MultithreadedTaskDispatcher with 20 workers.
[PhysX] Initialized MultithreadedTaskDispatcher with 20 workers.
[PhysX] Initialized MultithreadedTaskDispatcher with 20 workers.
[PhysX] Initialized MultithreadedTaskDispatcher with 20 workers.
[PhysX] Initialized MultithreadedTaskDispatcher with 20 workers.
[PhysX] Initialized MultithreadedTaskDispatcher with 20 workers.
[PhysX] Initialized MultithreadedTaskDispatcher with 20 workers.
[PhysX] Initialized MultithreadedTaskDispatcher with 20 workers.
[PhysX] Initialized MultithreadedTaskDispatcher with 20 workers.
[PhysX] Initialized MultithreadedTaskDispatcher with 20 workers.
[PhysX] Initialized MultithreadedTaskDispatcher with 20 workers.
[PhysX] Initialized MultithreadedTaskDispatcher with 20 workers.
[PhysX] Initialized MultithreadedTaskDispatcher with 20 workers.
[PhysX] Initialized MultithreadedTaskDispatcher with 20 workers.
[PhysX] Initialized MultithreadedTaskDispatcher with 20 workers.
[PhysX] Initialized MultithreadedTaskDispatcher with 20 workers.
[PhysX] Initialized MultithreadedTaskDispatcher with 20 workers.
[PhysX] Initialized MultithreadedTaskDispatcher with 20 workers.
[PhysX] Initialized MultithreadedTaskDispatcher with 20 workers.
[PhysX] Initialized MultithreadedTaskDispatcher with 20 workers.
[PhysX] Initialized MultithreadedTaskDispatcher with 20 workers.
[PhysX] Initialized MultithreadedTaskDispatcher with 20 workers.
[PhysX] Initialized MultithreadedTaskDispatcher with 20 workers.
[PhysX] Initialized MultithreadedTaskDispatcher with 20 workers.
[PhysX] Initialized MultithreadedTaskDispatcher with 20 workers.
[PhysX] Initialized MultithreadedTaskDispatcher with 20 workers.
[PhysX] Initialized MultithreadedTaskDispatcher with 20 workers.
[PhysX] Initialized MultithreadedTaskDispatcher with 20 workers.
[PhysX] Initialized MultithreadedTaskDispatcher with 20 workers.
[PhysX] Initialized MultithreadedTaskDispatcher with 20 workers.
[PhysX] Initialized MultithreadedTaskDispatcher with 20 workers.
[PhysX] Initialized MultithreadedTaskDispatcher with 20 workers.
[PhysX] Initialized MultithreadedTaskDispatcher with 20 workers.
[PhysX] Initialized MultithreadedTaskDispatcher with 20 workers.
[PhysX] Initialized MultithreadedTaskDispatcher with 20 workers.
[PhysX] Initialized MultithreadedTaskDispatcher with 20 workers.
[PhysX] Initialized MultithreadedTaskDispatcher with 20 workers.
[PhysX] Initialized MultithreadedTaskDispatcher with 20 workers.
[PhysX] Initialized MultithreadedTaskDispatcher with 20 workers.
[PhysX] Initialized MultithreadedTaskDispatcher with 20 workers.
[PhysX] Initialized MultithreadedTaskDispatcher with 20 workers.
[PhysX] Initialized MultithreadedTaskDispatcher with 20 workers.
[PhysX] Initialized MultithreadedTaskDispatcher with 20 workers.
[PhysX] Initialized MultithreadedTaskDispatcher with 20 workers.
[PhysX] Initialized MultithreadedTaskDispatcher with 20 workers.
[PhysX] Initialized MultithreadedTaskDispatcher with 20 workers.
[PhysX] Initialized MultithreadedTaskDispatcher with 20 workers.
[PhysX] Initialized MultithreadedTaskDispatcher with 20 workers.
[PhysX] Initialized MultithreadedTaskDispatcher with 20 workers.
[PhysX] Initialized MultithreadedTaskDispatcher with 20 workers.
[PhysX] Initialized MultithreadedTaskDispatcher with 20 workers.
[PhysX] Initialized MultithreadedTaskDispatcher with 20 workers.
[PhysX] Initialized MultithreadedTaskDispatcher with 20 workers.
[PhysX] Initialized MultithreadedTaskDispatcher with 20 workers.
[PhysX] Initialized MultithreadedTaskDispatcher with 20 workers.
[PhysX] Initialized MultithreadedTaskDispatcher with 20 workers.
[PhysX] Initialized MultithreadedTaskDispatcher with 20 workers.
[PhysX] Initialized MultithreadedTaskDispatcher with 20 workers.
[PhysX] Initialized MultithreadedTaskDispatcher with 20 workers.
[PhysX] Initialized MultithreadedTaskDispatcher with 20 workers.
[PhysX] Initialized MultithreadedTaskDispatcher with 20 workers.
[PhysX] Initialized MultithreadedTaskDispatcher with 20 workers.
[PhysX] Initialized MultithreadedTaskDispatcher with 20 workers.
[PhysX] Initialized MultithreadedTaskDispatcher with 20 workers.
[PhysX] Initialized MultithreadedTaskDispatcher with 20 workers.
[PhysX] Initialized MultithreadedTaskDispatcher with 20 workers.
[PhysX] Initialized MultithreadedTaskDispatcher with 20 workers.
[PhysX] Initialized MultithreadedTaskDispatcher with 20 workers.
[PhysX] Initialized MultithreadedTaskDispatcher with 20 workers.
[PhysX] Initialized MultithreadedTaskDispatcher with 20 workers.
[PhysX] Initialized MultithreadedTaskDispatcher with 20 workers.
[PhysX] Initialized MultithreadedTaskDispatcher with 20 workers.
[PhysX] Initialized MultithreadedTaskDispatcher with 20 workers.
[PhysX] Initialized MultithreadedTaskDispatcher with 20 workers.
[PhysX] Initialized MultithreadedTaskDispatcher with 20 workers.
[PhysX] Initialized MultithreadedTaskDispatcher with 20 workers.
[PhysX] Initialized MultithreadedTaskDispatcher with 20 workers.
[PhysX] Initialized MultithreadedTaskDispatcher with 20 workers.
[PhysX] Initialized MultithreadedTaskDispatcher with 20 workers.
[PhysX] Initialized MultithreadedTaskDispatcher with 20 workers.
[PhysX] Initialized MultithreadedTaskDispatcher with 20 workers.
[PhysX] Initialized MultithreadedTaskDispatcher with 20 workers.
[PhysX] Initialized MultithreadedTaskDispatcher with 20 workers.
[PhysX] Initialized MultithreadedTaskDispatcher with 20 workers.
[PhysX] Initialized MultithreadedTaskDispatcher with 20 workers.
[PhysX] Initialized MultithreadedTaskDispatcher with 20 workers.
[PhysX] Initialized MultithreadedTaskDispatcher with 20 workers.
[PhysX] Initialized MultithreadedTaskDispatcher with 20 workers.
[PhysX] Initialized MultithreadedTaskDispatcher with 20 workers.
[PhysX] Initialized MultithreadedTaskDispatcher with 20 workers.
[PhysX] Initialized MultithreadedTaskDispatcher with 20 workers.
[PhysX] Initialized MultithreadedTaskDispatcher with 20 workers.
[PhysX] Initialized MultithreadedTaskDispatcher with 20 workers.
[PhysX] Initialized MultithreadedTaskDispatcher with 20 workers.
[PhysX] Initialized MultithreadedTaskDispatcher with 20 workers.
[PhysX] Initialized MultithreadedTaskDispatcher with 20 workers.
[PhysX] Initialized MultithreadedTaskDispatcher with 20 workers.
[PhysX] Initialized MultithreadedTaskDispatcher with 20 workers.
[PhysX] Initialized MultithreadedTaskDispatcher with 20 workers.
[PhysX] Initialized MultithreadedTaskDispatcher with 20 workers.
[PhysX] Initialized MultithreadedTaskDispatcher with 20 workers.
[PhysX] Initialized MultithreadedTaskDispatcher with 20 workers.
[PhysX] Initialized MultithreadedTaskDispatcher with 20 workers.
[PhysX] Initialized MultithreadedTaskDispatcher with 20 workers.
[PhysX] Initialized MultithreadedTaskDispatcher with 20 workers.
[PhysX] Initialized MultithreadedTaskDispatcher with 20 workers.
[PhysX] Initialized MultithreadedTaskDispatcher with 20 workers.
[PhysX] Initialized MultithreadedTaskDispatcher with 20 workers.
[PhysX] Initialized MultithreadedTaskDispatcher with 20 workers.
[PhysX] Initialized MultithreadedTaskDispatcher with 20 workers.
[PhysX] Initialized MultithreadedTaskDispatcher with 20 workers.
[PhysX] Initialized MultithreadedTaskDispatcher with 20 workers.
[PhysX] Initialized MultithreadedTaskDispatcher with 20 workers.
[PhysX] Initialized MultithreadedTaskDispatcher with 20 workers.
[PhysX] Initialized MultithreadedTaskDispatcher with 20 workers.
[PhysX] Initialized MultithreadedTaskDispatcher with 20 workers.
[PhysX] Initialized MultithreadedTaskDispatcher with 20 workers.
[PhysX] Initialized MultithreadedTaskDispatcher with 20 workers.
[PhysX] Initialized MultithreadedTaskDispatcher with 20 workers.
[PhysX] Initialized MultithreadedTaskDispatcher with 20 workers.
[PhysX] Initialized MultithreadedTaskDispatcher with 20 workers.
[PhysX] Initialized MultithreadedTaskDispatcher with 20 workers.
[PhysX] Initialized MultithreadedTaskDispatcher with 20 workers.
[PhysX] Initialized MultithreadedTaskDispatcher with 20 workers.
[PhysX] Initialized MultithreadedTaskDispatcher with 20 workers.
[PhysX] Initialized MultithreadedTaskDispatcher with 20 workers.
[PhysX] Initialized MultithreadedTaskDispatcher with 20 workers.
[PhysX] Initialized MultithreadedTaskDispatcher with 20 workers.
[PhysX] Initialized MultithreadedTaskDispatcher with 20 workers.
[PhysX] Initialized MultithreadedTaskDispatcher with 20 workers.
[PhysX] Initialized MultithreadedTaskDispatcher with 20 workers.
[PhysX] Initialized MultithreadedTaskDispatcher with 20 workers.
[PhysX] Initialized MultithreadedTaskDispatcher with 20 workers.
[PhysX] Initialized MultithreadedTaskDispatcher with 20 workers.
[PhysX] Initialized MultithreadedTaskDispatcher with 20 workers.
[PhysX] Initialized MultithreadedTaskDispatcher with 20 workers.
[PhysX] Initialized MultithreadedTaskDispatcher with 20 workers.
[PhysX] Initialized MultithreadedTaskDispatcher with 20 workers.
[PhysX] Initialized MultithreadedTaskDispatcher with 20 workers.
[PhysX] Initialized MultithreadedTaskDispatcher with 20 workers.
[PhysX] Initialized MultithreadedTaskDispatcher with 20 workers.
[PhysX] Initialized MultithreadedTaskDispatcher with 20 workers.
[PhysX] Initialized MultithreadedTaskDispatcher with 20 workers.
[PhysX] Initialized MultithreadedTaskDispatcher with 20 workers.
[PhysX] Initialized MultithreadedTaskDispatcher with 20 workers.
[PhysX] Initialized MultithreadedTaskDispatcher with 20 workers.
[PhysX] Initialized MultithreadedTaskDispatcher with 20 workers.
[PhysX] Initialized MultithreadedTaskDispatcher with 20 workers.
[PhysX] Initialized MultithreadedTaskDispatcher with 20 workers.
[PhysX] Initialized MultithreadedTaskDispatcher with 20 workers.
[PhysX] Initialized MultithreadedTaskDispatcher with 20 workers.
[PhysX] Initialized MultithreadedTaskDispatcher with 20 workers.
[PhysX] Initialized MultithreadedTaskDispatcher with 20 workers.
[PhysX] Initialized MultithreadedTaskDispatcher with 20 workers.
[PhysX] Initialized MultithreadedTaskDispatcher with 20 workers.
[PhysX] Initialized MultithreadedTaskDispatcher with 20 workers.
[PhysX] Initialized MultithreadedTaskDispatcher with 20 workers.
[PhysX] Initialized MultithreadedTaskDispatcher with 20 workers.
[PhysX] Initialized MultithreadedTaskDispatcher with 20 workers.
[PhysX] Initialized MultithreadedTaskDispatcher with 20 workers.
[PhysX] Initialized MultithreadedTaskDispatcher with 20 workers.
[PhysX] Initialized MultithreadedTaskDispatcher with 20 workers.
[PhysX] Initialized MultithreadedTaskDispatcher with 20 workers.
[PhysX] Initialized MultithreadedTaskDispatcher with 20 workers.
[PhysX] Initialized MultithreadedTaskDispatcher with 20 workers.
[PhysX] Initialized MultithreadedTaskDispatcher with 20 workers.
[PhysX] Initialized MultithreadedTaskDispatcher with 20 workers.
[PhysX] Initialized MultithreadedTaskDispatcher with 20 workers.
[PhysX] Initialized MultithreadedTaskDispatcher with 20 workers.
[PhysX] Initialized MultithreadedTaskDispatcher with 20 workers.
[PhysX] Initialized MultithreadedTaskDispatcher with 20 workers.
[PhysX] Initialized MultithreadedTaskDispatcher with 20 workers.
[PhysX] Initialized MultithreadedTaskDispatcher with 20 workers.
[PhysX] Initialized MultithreadedTaskDispatcher with 20 workers.
[PhysX] Initialized MultithreadedTaskDispatcher with 20 workers.
[PhysX] Initialized MultithreadedTaskDispatcher with 20 workers.
[PhysX] Initialized MultithreadedTaskDispatcher with 20 workers.
[PhysX] Initialized MultithreadedTaskDispatcher with 20 workers.
[PhysX] Initialized MultithreadedTaskDispatcher with 20 workers.
[PhysX] Initialized MultithreadedTaskDispatcher with 20 workers.
[PhysX] Initialized MultithreadedTaskDispatcher with 20 workers.
[PhysX] Initialized MultithreadedTaskDispatcher with 20 workers.
[PhysX] Initialized MultithreadedTaskDispatcher with 20 workers.
[PhysX] Initialized MultithreadedTaskDispatcher with 20 workers.
[PhysX] Initialized MultithreadedTaskDispatcher with 20 workers.
[PhysX] Initialized MultithreadedTaskDispatcher with 20 workers.
[PhysX] Initialized MultithreadedTaskDispatcher with 20 workers.
[PhysX] Initialized MultithreadedTaskDispatcher with 20 workers.
[PhysX] Initialized MultithreadedTaskDispatcher with 20 workers.
[PhysX] Initialized MultithreadedTaskDispatcher with 20 workers.
[PhysX] Initialized MultithreadedTaskDispatcher with 20 workers.
[PhysX] Initialized MultithreadedTaskDispatcher with 20 workers.
[PhysX] Initialized MultithreadedTaskDispatcher with 20 workers.
[PhysX] Initialized MultithreadedTaskDispatcher with 20 workers.
[PhysX] Initialized MultithreadedTaskDispatcher with 20 workers.
[PhysX] Initialized MultithreadedTaskDispatcher with 20 workers.
[PhysX] Initialized MultithreadedTaskDispatcher with 20 workers.
[PhysX] Initialized MultithreadedTaskDispatcher with 20 workers.
[PhysX] Initialized MultithreadedTaskDispatcher with 20 workers.
[PhysX] Initialized MultithreadedTaskDispatcher with 20 workers.
[PhysX] Initialized MultithreadedTaskDispatcher with 20 workers.
[PhysX] Initialized MultithreadedTaskDispatcher with 20 workers.
[PhysX] Initialized MultithreadedTaskDispatcher with 20 workers.
[PhysX] Initialized MultithreadedTaskDispatcher with 20 workers.
[PhysX] Initialized MultithreadedTaskDispatcher with 20 workers.
[PhysX] Initialized MultithreadedTaskDispatcher with 20 workers.
[PhysX] Initialized MultithreadedTaskDispatcher with 20 workers.
[PhysX] Initialized MultithreadedTaskDispatcher with 20 workers.
[PhysX] Initialized MultithreadedTaskDispatcher with 20 workers.
[PhysX] Initialized MultithreadedTaskDispatcher with 20 workers.
[PhysX] Initialized MultithreadedTaskDispatcher with 20 workers.
[PhysX] Initialized MultithreadedTaskDispatcher with 20 workers.
[PhysX] Initialized MultithreadedTaskDispatcher with 20 workers.
[PhysX] Initialized MultithreadedTaskDispatcher with 20 workers.
[PhysX] Initialized MultithreadedTaskDispatcher with 20 workers.
[PhysX] Initialized MultithreadedTaskDispatcher with 20 workers.
[PhysX] Initialized MultithreadedTaskDispatcher with 20 workers.
[PhysX] Initialized MultithreadedTaskDispatcher with 20 workers.
[PhysX] Initialized MultithreadedTaskDispatcher with 20 workers.
[PhysX] Initialized MultithreadedTaskDispatcher with 20 workers.
[PhysX] Initialized MultithreadedTaskDispatcher with 20 workers.
[PhysX] Initialized MultithreadedTaskDispatcher with 20 workers.
[PhysX] Initialized MultithreadedTaskDispatcher with 20 workers.
[PhysX] Initialized MultithreadedTaskDispatcher with 20 workers.
[PhysX] Initialized MultithreadedTaskDispatcher with 20 workers.
[PhysX] Initialized MultithreadedTaskDispatcher with 20 workers.
[PhysX] Initialized MultithreadedTaskDispatcher with 20 workers.
[PhysX] Initialized MultithreadedTaskDispatcher with 20 workers.
[PhysX] Initialized MultithreadedTaskDispatcher with 20 workers.
[PhysX] Initialized MultithreadedTaskDispatcher with 20 workers.
[PhysX] Initialized MultithreadedTaskDispatcher with 20 workers.
[PhysX] Initialized MultithreadedTaskDispatcher with 20 workers.
[PhysX] Initialized MultithreadedTaskDispatcher with 20 workers.
[PhysX] Initialized MultithreadedTaskDispatcher with 20 workers.
[PhysX] Initialized MultithreadedTaskDispatcher with 20 workers.
[PhysX] Initialized MultithreadedTaskDispatcher with 20 workers.
[PhysX] Initialized MultithreadedTaskDispatcher with 20 workers.
[PhysX] Initialized MultithreadedTaskDispatcher with 20 workers.
[PhysX] Initialized MultithreadedTaskDispatcher with 20 workers.
[PhysX] Initialized MultithreadedTaskDispatcher with 20 workers.
[PhysX] Initialized MultithreadedTaskDispatcher with 20 workers.
[PhysX] Initialized MultithreadedTaskDispatcher with 20 workers.
[PhysX] Initialized MultithreadedTaskDispatcher with 20 workers.
[PhysX] Initialized MultithreadedTaskDispatcher with 20 workers.
[PhysX] Initialized MultithreadedTaskDispatcher with 20 workers.
[PhysX] Initialized MultithreadedTaskDispatcher with 20 workers.
[PhysX] Initialized MultithreadedTaskDispatcher with 20 workers.
[PhysX] Initialized MultithreadedTaskDispatcher with 20 workers.
[PhysX] Initialized MultithreadedTaskDispatcher with 20 workers.
[PhysX] Initialized MultithreadedTaskDispatcher with 20 workers.
[PhysX] Initialized MultithreadedTaskDispatcher with 20 workers.
[PhysX] Initialized MultithreadedTaskDispatcher with 20 workers.
[PhysX] Initialized MultithreadedTaskDispatcher with 20 workers.
[PhysX] Initialized MultithreadedTaskDispatcher with 20 workers.
[PhysX] Initialized MultithreadedTaskDispatcher with 20 workers.
[PhysX] Initialized MultithreadedTaskDispatcher with 20 workers.
[PhysX] Initialized MultithreadedTaskDispatcher with 20 workers.
[PhysX] Initialized MultithreadedTaskDispatcher with 20 workers.
[PhysX] Initialized MultithreadedTaskDispatcher with 20 workers.
[PhysX] Initialized MultithreadedTaskDispatcher with 20 workers.
[PhysX] Initialized MultithreadedTaskDispatcher with 20 workers.
[PhysX] Initialized MultithreadedTaskDispatcher with 20 workers.
[PhysX] Initialized MultithreadedTaskDispatcher with 20 workers.
[PhysX] Initialized MultithreadedTaskDispatcher with 20 workers.
[PhysX] Initialized MultithreadedTaskDispatcher with 20 workers.
[PhysX] Initialized MultithreadedTaskDispatcher with 20 workers.
[PhysX] Initialized MultithreadedTaskDispatcher with 20 workers.
[PhysX] Initialized MultithreadedTaskDispatcher with 20 workers.
[PhysX] Initialized MultithreadedTaskDispatcher with 20 workers.
[PhysX] Initialized MultithreadedTaskDispatcher with 20 workers.
[PhysX] Initialized MultithreadedTaskDispatcher with 20 workers.
[PhysX] Initialized MultithreadedTaskDispatcher with 20 workers.
[PhysX] Initialized MultithreadedTaskDispatcher with 20 workers.
[PhysX] Initialized MultithreadedTaskDispatcher with 20 workers.
[PhysX] Initialized MultithreadedTaskDispatcher with 20 workers.
[PhysX] Initialized MultithreadedTaskDispatcher with 20 workers.
[PhysX] Initialized MultithreadedTaskDispatcher with 20 workers.
[PhysX] Initialized MultithreadedTaskDispatcher with 20 workers.
[PhysX] Initialized MultithreadedTaskDispatcher with 20 workers.
[PhysX] Initialized MultithreadedTaskDispatcher with 20 workers.
[PhysX] Initialized MultithreadedTaskDispatcher with 20 workers.
[PhysX] Initialized MultithreadedTaskDispatcher with 20 workers.
[PhysX] Initialized MultithreadedTaskDispatcher with 20 workers.
[PhysX] Initialized MultithreadedTaskDispatcher with 20 workers.
[PhysX] Initialized MultithreadedTaskDispatcher with 20 workers.
[PhysX] Initialized MultithreadedTaskDispatcher with 20 workers.
[PhysX] Initialized MultithreadedTaskDispatcher with 20 workers.
[PhysX] Initialized MultithreadedTaskDispatcher with 20 workers.
[PhysX] Initialized MultithreadedTaskDispatcher with 20 workers.
[PhysX] Initialized MultithreadedTaskDispatcher with 20 workers.
[PhysX] Initialized MultithreadedTaskDispatcher with 20 workers.
[PhysX] Initialized MultithreadedTaskDispatcher with 20 workers.
[PhysX] Initialized MultithreadedTaskDispatcher with 20 workers.
[PhysX] Initialized MultithreadedTaskDispatcher with 20 workers.
[PhysX] Initialized MultithreadedTaskDispatcher with 20 workers.
[PhysX] Initialized MultithreadedTaskDispatcher with 20 workers.
[PhysX] Initialized MultithreadedTaskDispatcher with 20 workers.
[PhysX] Initialized MultithreadedTaskDispatcher with 20 workers.
[PhysX] Initialized MultithreadedTaskDispatcher with 20 workers.
[PhysX] Initialized MultithreadedTaskDispatcher with 20 workers.
[PhysX] Initialized MultithreadedTaskDispatcher with 20 workers.
[PhysX] Initialized MultithreadedTaskDispatcher with 20 workers.
[PhysX] Initialized MultithreadedTaskDispatcher with 20 workers.
[PhysX] Initialized MultithreadedTaskDispatcher with 20 workers.
[PhysX] Initialized MultithreadedTaskDispatcher with 20 workers.
[PhysX] Initialized MultithreadedTaskDispatcher with 20 workers.
[PhysX] Initialized MultithreadedTaskDispatcher with 20 workers.
[PhysX] Initialized MultithreadedTaskDispatcher with 20 workers.
[PhysX] Initialized MultithreadedTaskDispatcher with 20 workers.
[PhysX] Initialized MultithreadedTaskDispatcher with 20 workers.
[PhysX] Initialized MultithreadedTaskDispatcher with 20 workers.
[PhysX] Initialized MultithreadedTaskDispatcher with 20 workers.
[PhysX] Initialized MultithreadedTaskDispatcher with 20 workers.
[PhysX] Initialized MultithreadedTaskDispatcher with 20 workers.
[PhysX] Initialized MultithreadedTaskDispatcher with 20 workers.
[PhysX] Initialized MultithreadedTaskDispatcher with 20 workers.
[PhysX] Initialized MultithreadedTaskDispatcher with 20 workers.
[PhysX] Initialized MultithreadedTaskDispatcher with 20 workers.
[PhysX] Initialized MultithreadedTaskDispatcher with 20 workers.
[PhysX] Initialized MultithreadedTaskDispatcher with 20 workers.
[PhysX] Initialized MultithreadedTaskDispatcher with 20 workers.
[PhysX] Initialized MultithreadedTaskDispatcher with 20 workers.
[PhysX] Initialized MultithreadedTaskDispatcher with 20 workers.
[PhysX] Initialized MultithreadedTaskDispatcher with 20 workers.
[PhysX] Initialized MultithreadedTaskDispatcher with 20 workers.
[PhysX] Initialized MultithreadedTaskDispatcher with 20 workers.
[PhysX] Initialized MultithreadedTaskDispatcher with 20 workers.
[PhysX] Initialized MultithreadedTaskDispatcher with 20 workers.
[PhysX] Initialized MultithreadedTaskDispatcher with 20 workers.
[PhysX] Initialized MultithreadedTaskDispatcher with 20 workers.
[PhysX] Initialized MultithreadedTaskDispatcher with 20 workers.
[PhysX] Initialized MultithreadedTaskDispatcher with 20 workers.
[PhysX] Initialized MultithreadedTaskDispatcher with 20 workers.
[PhysX] Initialized MultithreadedTaskDispatcher with 20 workers.
[PhysX] Initialized MultithreadedTaskDispatcher with 20 workers.
[PhysX] Initialized MultithreadedTaskDispatcher with 20 workers.
[PhysX] Initialized MultithreadedTaskDispatcher with 20 workers.
[PhysX] Initialized MultithreadedTaskDispatcher with 20 workers.
[PhysX] Initialized MultithreadedTaskDispatcher with 20 workers.
[PhysX] Initialized MultithreadedTaskDispatcher with 20 workers.
[PhysX] Initialized MultithreadedTaskDispatcher with 20 workers.
[PhysX] Initialized MultithreadedTaskDispatcher with 20 workers.
[PhysX] Initialized MultithreadedTaskDispatcher with 20 workers.
[PhysX] Initialized MultithreadedTaskDispatcher with 20 workers.
[PhysX] Initialized MultithreadedTaskDispatcher with 20 workers.
[PhysX] Initialized MultithreadedTaskDispatcher with 20 workers.
[PhysX] Initialized MultithreadedTaskDispatcher with 20 workers.
[PhysX] Initialized MultithreadedTaskDispatcher with 20 workers.
[PhysX] Initialized MultithreadedTaskDispatcher with 20 workers.
[PhysX] Initialized MultithreadedTaskDispatcher with 20 workers.
[PhysX] Initialized MultithreadedTaskDispatcher with 20 workers.
[PhysX] Initialized MultithreadedTaskDispatcher with 20 workers.
[PhysX] Initialized MultithreadedTaskDispatcher with 20 workers.
[PhysX] Initialized MultithreadedTaskDispatcher with 20 workers.
[PhysX] Initialized MultithreadedTaskDispatcher with 20 workers.
[PhysX] Initialized MultithreadedTaskDispatcher with 20 workers.
[PhysX] Initialized MultithreadedTaskDispatcher with 20 workers.
[PhysX] Initialized MultithreadedTaskDispatcher with 20 workers.
[PhysX] Initialized MultithreadedTaskDispatcher with 20 workers.
[PhysX] Initialized MultithreadedTaskDispatcher with 20 workers.
[PhysX] Initialized MultithreadedTaskDispatcher with 20 workers.
[PhysX] Initialized MultithreadedTaskDispatcher with 20 workers.
[PhysX] Initialized MultithreadedTaskDispatcher with 20 workers.
[PhysX] Initialized MultithreadedTaskDispatcher with 20 workers.
[PhysX] Initialized MultithreadedTaskDispatcher with 20 workers.
[PhysX] Initialized MultithreadedTaskDispatcher with 20 workers.
[PhysX] Initialized MultithreadedTaskDispatcher with 20 workers.
[PhysX] Initialized MultithreadedTaskDispatcher with 20 workers.
[PhysX] Initialized MultithreadedTaskDispatcher with 20 workers.
[PhysX] Initialized MultithreadedTaskDispatcher with 20 workers.
[PhysX] Initialized MultithreadedTaskDispatcher with 20 workers.
[PhysX] Initialized MultithreadedTaskDispatcher with 20 workers.
[PhysX] Initialized MultithreadedTaskDispatcher with 20 workers.
[PhysX] Initialized MultithreadedTaskDispatcher with 20 workers.
[PhysX] Initialized MultithreadedTaskDispatcher with 20 workers.
[PhysX] Initialized MultithreadedTaskDispatcher with 20 workers.
[PhysX] Initialized MultithreadedTaskDispatcher with 20 workers.
[PhysX] Initialized MultithreadedTaskDispatcher with 20 workers.
[PhysX] Initialized MultithreadedTaskDispatcher with 20 workers.
[PhysX] Initialized MultithreadedTaskDispatcher with 20 workers.
[PhysX] Initialized MultithreadedTaskDispatcher with 20 workers.
[PhysX] Initialized MultithreadedTaskDispatcher with 20 workers.
[PhysX] Initialized MultithreadedTaskDispatcher with 20 workers.
[PhysX] Initialized MultithreadedTaskDispatcher with 20 workers.
[PhysX] Initialized MultithreadedTaskDispatcher with 20 workers.
[PhysX] Initialized MultithreadedTaskDispatcher with 20 workers.
[PhysX] Initialized MultithreadedTaskDispatcher with 20 workers.
[PhysX] Initialized MultithreadedTaskDispatcher with 20 workers.
[PhysX] Initialized MultithreadedTaskDispatcher with 20 workers.
[PhysX] Initialized MultithreadedTaskDispatcher with 20 workers.
[PhysX] Initialized MultithreadedTaskDispatcher with 20 workers.
[PhysX] Initialized MultithreadedTaskDispatcher with 20 workers.
[PhysX] Initialized MultithreadedTaskDispatcher with 20 workers.
[PhysX] Initialized MultithreadedTaskDispatcher with 20 workers.
[PhysX] Initialized MultithreadedTaskDispatcher with 20 workers.
[PhysX] Initialized MultithreadedTaskDispatcher with 20 workers.
[PhysX] Initialized MultithreadedTaskDispatcher with 20 workers.
[PhysX] Initialized MultithreadedTaskDispatcher with 20 workers.
[PhysX] Initialized MultithreadedTaskDispatcher with 20 workers.
[PhysX] Initialized MultithreadedTaskDispatcher with 20 workers.
[PhysX] Initialized MultithreadedTaskDispatcher with 20 workers.
[PhysX] Initialized MultithreadedTaskDispatcher with 20 workers.
[PhysX] Initialized MultithreadedTaskDispatcher with 20 workers.
[PhysX] Initialized MultithreadedTaskDispatcher with 20 workers.
[PhysX] Initialized MultithreadedTaskDispatcher with 20 workers.
[PhysX] Initialized MultithreadedTaskDispatcher with 20 workers.
[PhysX] Initialized MultithreadedTaskDispatcher with 20 workers.
[PhysX] Initialized MultithreadedTaskDispatcher with 20 workers.
[PhysX] Initialized MultithreadedTaskDispatcher with 20 workers.
[PhysX] Initialized MultithreadedTaskDispatcher with 20 workers.
[PhysX] Initialized MultithreadedTaskDispatcher with 20 workers.
[PhysX] Initialized MultithreadedTaskDispatcher with 20 workers.
[PhysX] Initialized MultithreadedTaskDispatcher with 20 workers.
[PhysX] Initialized MultithreadedTaskDispatcher with 20 workers.
[PhysX] Initialized MultithreadedTaskDispatcher with 20 workers.
[PhysX] Initialized MultithreadedTaskDispatcher with 20 workers.
[PhysX] Initialized MultithreadedTaskDispatcher with 20 workers.
[PhysX] Initialized MultithreadedTaskDispatcher with 20 workers.
[PhysX] Initialized MultithreadedTaskDispatcher with 20 workers.
[PhysX] Initialized MultithreadedTaskDispatcher with 20 workers.
[PhysX] Initialized MultithreadedTaskDispatcher with 20 workers.
[PhysX] Initialized MultithreadedTaskDispatcher with 20 workers.
[PhysX] Initialized MultithreadedTaskDispatcher with 20 workers.
[PhysX] Initialized MultithreadedTaskDispatcher with 20 workers.
[PhysX] Initialized MultithreadedTaskDispatcher with 20 workers.
[PhysX] Initialized MultithreadedTaskDispatcher with 20 workers.
[PhysX] Initialized MultithreadedTaskDispatcher with 20 workers.
[PhysX] Initialized MultithreadedTaskDispatcher with 20 workers.
[PhysX] Initialized MultithreadedTaskDispatcher with 20 workers.
[PhysX] Initialized MultithreadedTaskDispatcher with 20 workers.
[PhysX] Initialized MultithreadedTaskDispatcher with 20 workers.
[PhysX] Initialized MultithreadedTaskDispatcher with 20 workers.
[PhysX] Initialized MultithreadedTaskDispatcher with 20 workers.
[PhysX] Initialized MultithreadedTaskDispatcher with 20 workers.
[PhysX] Initialized MultithreadedTaskDispatcher with 20 workers.
[PhysX] Initialized MultithreadedTaskDispatcher with 20 workers.
[PhysX] Initialized MultithreadedTaskDispatcher with 20 workers.
[PhysX] Initialized MultithreadedTaskDispatcher with 20 workers.
[PhysX] Initialized MultithreadedTaskDispatcher with 20 workers.
[PhysX] Initialized MultithreadedTaskDispatcher with 20 workers.
[PhysX] Initialized MultithreadedTaskDispatcher with 20 workers.
[PhysX] Initialized MultithreadedTaskDispatcher with 20 workers.
[PhysX] Initialized MultithreadedTaskDispatcher with 20 workers.
[PhysX] Initialized MultithreadedTaskDispatcher with 20 workers.
[PhysX] Initialized MultithreadedTaskDispatcher with 20 workers.
[PhysX] Initialized MultithreadedTaskDispatcher with 20 workers.
[PhysX] Initialized MultithreadedTaskDispatcher with 20 workers.
[PhysX] Initialized MultithreadedTaskDispatcher with 20 workers.
[PhysX] Initialized MultithreadedTaskDispatcher with 20 workers.
[PhysX] Initialized MultithreadedTaskDispatcher with 20 workers.
[PhysX] Initialized MultithreadedTaskDispatcher with 20 workers.
[PhysX] Initialized MultithreadedTaskDispatcher with 20 workers.
[PhysX] Initialized MultithreadedTaskDispatcher with 20 workers.
[PhysX] Initialized MultithreadedTaskDispatcher with 20 workers.
[PhysX] Initialized MultithreadedTaskDispatcher with 20 workers.
[PhysX] Initialized MultithreadedTaskDispatcher with 20 workers.
[PhysX] Initialized MultithreadedTaskDispatcher with 20 workers.
[PhysX] Initialized MultithreadedTaskDispatcher with 20 workers.
[PhysX] Initialized MultithreadedTaskDispatcher with 20 workers.
[PhysX] Initialized MultithreadedTaskDispatcher with 20 workers.
[PhysX] Initialized MultithreadedTaskDispatcher with 20 workers.
[PhysX] Initialized MultithreadedTaskDispatcher with 20 workers.
[PhysX] Initialized MultithreadedTaskDispatcher with 20 workers.
[PhysX] Initialized MultithreadedTaskDispatcher with 20 workers.
[PhysX] Initialized MultithreadedTaskDispatcher with 20 workers.
[PhysX] Initialized MultithreadedTaskDispatcher with 20 workers.
[PhysX] Initialized MultithreadedTaskDispatcher with 20 workers.
[PhysX] Initialized MultithreadedTaskDispatcher with 20 workers.
[PhysX] Initialized MultithreadedTaskDispatcher with 20 workers.
[PhysX] Initialized MultithreadedTaskDispatcher with 20 workers.
[PhysX] Initialized MultithreadedTaskDispatcher with 20 workers.
[PhysX] Initialized MultithreadedTaskDispatcher with 20 workers.
[PhysX] Initialized MultithreadedTaskDispatcher with 20 workers.
[PhysX] Initialized MultithreadedTaskDispatcher with 20 workers.
[PhysX] Initialized MultithreadedTaskDispatcher with 20 workers.
[PhysX] Initialized MultithreadedTaskDispatcher with 20 workers.
[PhysX] Initialized MultithreadedTaskDispatcher with 20 workers.
[PhysX] Initialized MultithreadedTaskDispatcher with 20 workers.
[PhysX] Initialized MultithreadedTaskDispatcher with 20 workers.
[PhysX] Initialized MultithreadedTaskDispatcher with 20 workers.
[PhysX] Initialized MultithreadedTaskDispatcher with 20 workers.
[PhysX] Initialized MultithreadedTaskDispatcher with 20 workers.
[PhysX] Initialized MultithreadedTaskDispatcher with 20 workers.
[PhysX] Initialized MultithreadedTaskDispatcher with 20 workers.
[PhysX] Initialized MultithreadedTaskDispatcher with 20 workers.
[PhysX] Initialized MultithreadedTaskDispatcher with 20 workers.
[PhysX] Initialized MultithreadedTaskDispatcher with 20 workers.
[PhysX] Initialized MultithreadedTaskDispatcher with 20 workers.
[PhysX] Initialized MultithreadedTaskDispatcher with 20 workers.
[PhysX] Initialized MultithreadedTaskDispatcher with 20 workers.
[PhysX] Initialized MultithreadedTaskDispatcher with 20 workers.
[PhysX] Initialized MultithreadedTaskDispatcher with 20 workers.
[PhysX] Initialized MultithreadedTaskDispatcher with 20 workers.
[PhysX] Initialized MultithreadedTaskDispatcher with 20 workers.
[PhysX] Initialized MultithreadedTaskDispatcher with 20 workers.
[PhysX] Initialized MultithreadedTaskDispatcher with 20 workers.
[PhysX] Initialized MultithreadedTaskDispatcher with 20 workers.
[PhysX] Initialized MultithreadedTaskDispatcher with 20 workers.
[PhysX] Initialized MultithreadedTaskDispatcher with 20 workers.
[PhysX] Initialized MultithreadedTaskDispatcher with 20 workers.
[PhysX] Initialized MultithreadedTaskDispatcher with 20 workers.
[PhysX] Initialized MultithreadedTaskDispatcher with 20 workers.
[PhysX] Initialized MultithreadedTaskDispatcher with 20 workers.
[PhysX] Initialized MultithreadedTaskDispatcher with 20 workers.
[PhysX] Initialized MultithreadedTaskDispatcher with 20 workers.
[PhysX] Initialized MultithreadedTaskDispatcher with 20 workers.
[PhysX] Initialized MultithreadedTaskDispatcher with 20 workers.
[PhysX] Initialized MultithreadedTaskDispatcher with 20 workers.
[PhysX] Initialized MultithreadedTaskDispatcher with 20 workers.
[PhysX] Initialized MultithreadedTaskDispatcher with 20 workers.
[PhysX] Initialized MultithreadedTaskDispatcher with 20 workers.
[PhysX] Initialized MultithreadedTaskDispatcher with 20 workers.
[PhysX] Initialized MultithreadedTaskDispatcher with 20 workers.
[PhysX] Initialized MultithreadedTaskDispatcher with 20 workers.
[PhysX] Initialized MultithreadedTaskDispatcher with 20 workers.
[PhysX] Initialized MultithreadedTaskDispatcher with 20 workers.
[PhysX] Initialized MultithreadedTaskDispatcher with 20 workers.
[PhysX] Initialized MultithreadedTaskDispatcher with 20 workers.
[PhysX] Initialized MultithreadedTaskDispatcher with 20 workers.
[PhysX] Initialized MultithreadedTaskDispatcher with 20 workers.
[PhysX] Initialized MultithreadedTaskDispatcher with 20 workers.
[PhysX] Initialized MultithreadedTaskDispatcher with 20 workers.
[PhysX] Initialized MultithreadedTaskDispatcher with 20 workers.
[PhysX] Initialized MultithreadedTaskDispatcher with 20 workers.
[PhysX] Initialized MultithreadedTaskDispatcher with 20 workers.
[PhysX] Initialized MultithreadedTaskDispatcher with 20 workers.
[PhysX] Initialized MultithreadedTaskDispatcher with 20 workers.
[PhysX] Initialized MultithreadedTaskDispatcher with 20 workers.
[PhysX] Initialized MultithreadedTaskDispatcher with 20 workers.
[PhysX] Initialized MultithreadedTaskDispatcher with 20 workers.
[PhysX] Initialized MultithreadedTaskDispatcher with 20 workers.
[PhysX] Initialized MultithreadedTaskDispatcher with 20 workers.
[PhysX] Initialized MultithreadedTaskDispatcher with 20 workers.
[PhysX] Initialized MultithreadedTaskDispatcher with 20 workers.
[PhysX] Initialized MultithreadedTaskDispatcher with 20 workers.
[PhysX] Initialized MultithreadedTaskDispatcher with 20 workers.
[PhysX] Initialized MultithreadedTaskDispatcher with 20 workers.
[PhysX] Initialized MultithreadedTaskDispatcher with 20 workers.
[PhysX] Initialized MultithreadedTaskDispatcher with 20 workers.
[PhysX] Initialized MultithreadedTaskDispatcher with 20 workers.
[PhysX] Initialized MultithreadedTaskDispatcher with 20 workers.
[PhysX] Initialized MultithreadedTaskDispatcher with 20 workers.
[PhysX] Initialized MultithreadedTaskDispatcher with 20 workers.
[PhysX] Initialized MultithreadedTaskDispatcher with 20 workers.
[PhysX] Initialized MultithreadedTaskDispatcher with 20 workers.
[PhysX] Initialized MultithreadedTaskDispatcher with 20 workers.
[PhysX] Initialized MultithreadedTaskDispatcher with 20 workers.
[PhysX] Initialized MultithreadedTaskDispatcher with 20 workers.
[PhysX] Initialized MultithreadedTaskDispatcher with 20 workers.
[PhysX] Initialized MultithreadedTaskDispatcher with 20 workers.
[PhysX] Initialized MultithreadedTaskDispatcher with 20 workers.
[PhysX] Initialized MultithreadedTaskDispatcher with 20 workers.
[PhysX] Initialized MultithreadedTaskDispatcher with 20 workers.
[PhysX] Initialized MultithreadedTaskDispatcher with 20 workers.
[PhysX] Initialized MultithreadedTaskDispatcher with 20 workers.
[PhysX] Initialized MultithreadedTaskDispatcher with 20 workers.
[PhysX] Initialized MultithreadedTaskDispatcher with 20 workers.
[PhysX] Initialized MultithreadedTaskDispatcher with 20 workers.
[PhysX] Initialized MultithreadedTaskDispatcher with 20 workers.
[PhysX] Initialized MultithreadedTaskDispatcher with 20 workers.
[PhysX] Initialized MultithreadedTaskDispatcher with 20 workers.
[PhysX] Initialized MultithreadedTaskDispatcher with 20 workers.
[PhysX] Initialized MultithreadedTaskDispatcher with 20 workers.
[PhysX] Initialized MultithreadedTaskDispatcher with 20 workers.
[PhysX] Initialized MultithreadedTaskDispatcher with 20 workers.
[PhysX] Initialized MultithreadedTaskDispatcher with 20 workers.
[PhysX] Initialized MultithreadedTaskDispatcher with 20 workers.
[PhysX] Initialized MultithreadedTaskDispatcher with 20 workers.
[PhysX] Initialized MultithreadedTaskDispatcher with 20 workers.
[PhysX] Initialized MultithreadedTaskDispatcher with 20 workers.
[PhysX] Initialized MultithreadedTaskDispatcher with 20 workers.
[PhysX] Initialized MultithreadedTaskDispatcher with 20 workers.
[PhysX] Initialized MultithreadedTaskDispatcher with 20 workers.
[PhysX] Initialized MultithreadedTaskDispatcher with 20 workers.
[PhysX] Initialized MultithreadedTaskDispatcher with 20 workers.
[PhysX] Initialized MultithreadedTaskDispatcher with 20 workers.
[PhysX] Initialized MultithreadedTaskDispatcher with 20 workers.
[PhysX] Initialized MultithreadedTaskDispatcher with 20 workers.
[PhysX] Initialized MultithreadedTaskDispatcher with 20 workers.
[PhysX] Initialized MultithreadedTaskDispatcher with 20 workers.
[PhysX] Initialized MultithreadedTaskDispatcher with 20 workers.
[PhysX] Initialized MultithreadedTaskDispatcher with 20 workers.
[PhysX] Initialized MultithreadedTaskDispatcher with 20 workers.
[PhysX] Initialized MultithreadedTaskDispatcher with 20 workers.
[PhysX] Initialized MultithreadedTaskDispatcher with 20 workers.
[PhysX] Initialized MultithreadedTaskDispatcher with 20 workers.
[PhysX] Initialized MultithreadedTaskDispatcher with 20 workers.
[PhysX] Initialized MultithreadedTaskDispatcher with 20 workers.
[PhysX] Initialized MultithreadedTaskDispatcher with 20 workers.
[PhysX] Initialized MultithreadedTaskDispatcher with 20 workers.
[PhysX] Initialized MultithreadedTaskDispatcher with 20 workers.
[PhysX] Initialized MultithreadedTaskDispatcher with 20 workers.
[PhysX] Initialized MultithreadedTaskDispatcher with 20 workers.
[PhysX] Initialized MultithreadedTaskDispatcher with 20 workers.
[PhysX] Initialized MultithreadedTaskDispatcher with 20 workers.
[PhysX] Initialized MultithreadedTaskDispatcher with 20 workers.
[PhysX] Initialized MultithreadedTaskDispatcher with 20 workers.
[PhysX] Initialized MultithreadedTaskDispatcher with 20 workers.
[PhysX] Initialized MultithreadedTaskDispatcher with 20 workers.
[PhysX] Initialized MultithreadedTaskDispatcher with 20 workers.
[PhysX] Initialized MultithreadedTaskDispatcher with 20 workers.
[PhysX] Initialized MultithreadedTaskDispatcher with 20 workers.
[PhysX] Initialized MultithreadedTaskDispatcher with 20 workers.
[PhysX] Initialized MultithreadedTaskDispatcher with 20 workers.
[PhysX] Initialized MultithreadedTaskDispatcher with 20 workers.
[PhysX] Initialized MultithreadedTaskDispatcher with 20 workers.
[PhysX] Initialized MultithreadedTaskDispatcher with 20 workers.
[PhysX] Initialized MultithreadedTaskDispatcher with 20 workers.
[PhysX] Initialized MultithreadedTaskDispatcher with 20 workers.
[PhysX] Initialized MultithreadedTaskDispatcher with 20 workers.
[PhysX] Initialized MultithreadedTaskDispatcher with 20 workers.
[PhysX] Initialized MultithreadedTaskDispatcher with 20 workers.
[PhysX] Initialized MultithreadedTaskDispatcher with 20 workers.
[PhysX] Initialized MultithreadedTaskDispatcher with 20 workers.
[PhysX] Initialized MultithreadedTaskDispatcher with 20 workers.
[PhysX] Initialized MultithreadedTaskDispatcher with 20 workers.
[PhysX] Initialized MultithreadedTaskDispatcher with 20 workers.
[PhysX] Initialized MultithreadedTaskDispatcher with 20 workers.
[PhysX] Initialized MultithreadedTaskDispatcher with 20 workers.
[PhysX] Initialized MultithreadedTaskDispatcher with 20 workers.
[PhysX] Initialized MultithreadedTaskDispatcher with 20 workers.
[PhysX] Initialized MultithreadedTaskDispatcher with 20 workers.
[PhysX] Initialized MultithreadedTaskDispatcher with 20 workers.
[PhysX] Initialized MultithreadedTaskDispatcher with 20 workers.
[PhysX] Initialized MultithreadedTaskDispatcher with 20 workers.
[PhysX] Initialized MultithreadedTaskDispatcher with 20 workers.
[PhysX] Initialized MultithreadedTaskDispatcher with 20 workers.
[PhysX] Initialized MultithreadedTaskDispatcher with 20 workers.
[PhysX] Initialized MultithreadedTaskDispatcher with 20 workers.
[PhysX] Initialized MultithreadedTaskDispatcher with 20 workers.
[PhysX] Initialized MultithreadedTaskDispatcher with 20 workers.
[PhysX] Initialized MultithreadedTaskDispatcher with 20 workers.
[PhysX] Initialized MultithreadedTaskDispatcher with 20 workers.
[PhysX] Initialized MultithreadedTaskDispatcher with 20 workers.
[PhysX] Initialized MultithreadedTaskDispatcher with 20 workers.
[PhysX] Initialized MultithreadedTaskDispatcher with 20 workers.
[PhysX] Initialized MultithreadedTaskDispatcher with 20 workers.
[PhysX] Initialized MultithreadedTaskDispatcher with 20 workers.
[PhysX] Initialized MultithreadedTaskDispatcher with 20 workers.
[PhysX] Initialized MultithreadedTaskDispatcher with 20 workers.
[PhysX] Initialized MultithreadedTaskDispatcher with 20 workers.
[PhysX] Initialized MultithreadedTaskDispatcher with 20 workers.
[PhysX] Initialized MultithreadedTaskDispatcher with 20 workers.
[PhysX] Initialized MultithreadedTaskDispatcher with 20 workers.
[PhysX] Initialized MultithreadedTaskDispatcher with 20 workers.
[PhysX] Initialized MultithreadedTaskDispatcher with 20 workers.
[PhysX] Initialized MultithreadedTaskDispatcher with 20 workers.
[PhysX] Initialized MultithreadedTaskDispatcher with 20 workers.
[PhysX] Initialized MultithreadedTaskDispatcher with 20 workers.
[PhysX] Initialized MultithreadedTaskDispatcher with 20 workers.
[PhysX] Initialized MultithreadedTaskDispatcher with 20 workers.
[PhysX] Initialized MultithreadedTaskDispatcher with 20 workers.
[PhysX] Initialized MultithreadedTaskDispatcher with 20 workers.
[PhysX] Initialized MultithreadedTaskDispatcher with 20 workers.
[PhysX] Initialized MultithreadedTaskDispatcher with 20 workers.
[PhysX] Initialized MultithreadedTaskDispatcher with 20 workers.
[PhysX] Initialized MultithreadedTaskDispatcher with 20 workers.
[PhysX] Initialized MultithreadedTaskDispatcher with 20 workers.
[PhysX] Initialized MultithreadedTaskDispatcher with 20 workers.
[PhysX] Initialized MultithreadedTaskDispatcher with 20 workers.
[PhysX] Initialized MultithreadedTaskDispatcher with 20 workers.
[PhysX] Initialized MultithreadedTaskDispatcher with 20 workers.
[PhysX] Initialized MultithreadedTaskDispatcher with 20 workers.
[PhysX] Initialized MultithreadedTaskDispatcher with 20 workers.
[PhysX] Initialized MultithreadedTaskDispatcher with 20 workers.
[PhysX] Initialized MultithreadedTaskDispatcher with 20 workers.
[PhysX] Initialized MultithreadedTaskDispatcher with 20 workers.
[PhysX] Initialized MultithreadedTaskDispatcher with 20 workers.
[PhysX] Initialized MultithreadedTaskDispatcher with 20 workers.
[PhysX] Initialized MultithreadedTaskDispatcher with 20 workers.
[PhysX] Initialized MultithreadedTaskDispatcher with 20 workers.
[PhysX] Initialized MultithreadedTaskDispatcher with 20 workers.
[PhysX] Initialized MultithreadedTaskDispatcher with 20 workers.
[PhysX] Initialized MultithreadedTaskDispatcher with 20 workers.
[PhysX] Initialized MultithreadedTaskDispatcher with 20 workers.
[PhysX] Initialized MultithreadedTaskDispatcher with 20 workers.
[PhysX] Initialized MultithreadedTaskDispatcher with 20 workers.
[PhysX] Initialized MultithreadedTaskDispatcher with 20 workers.
[PhysX] Initialized MultithreadedTaskDispatcher with 20 workers.
[PhysX] Initialized MultithreadedTaskDispatcher with 20 workers.
[PhysX] Initialized MultithreadedTaskDispatcher with 20 workers.
[PhysX] Initialized MultithreadedTaskDispatcher with 20 workers.
[PhysX] Initialized MultithreadedTaskDispatcher with 20 workers.
[PhysX] Initialized MultithreadedTaskDispatcher with 20 workers.
[PhysX] Initialized MultithreadedTaskDispatcher with 20 workers.
[PhysX] Initialized MultithreadedTaskDispatcher with 20 workers.
[PhysX] Initialized MultithreadedTaskDispatcher with 20 workers.
[PhysX] Initialized MultithreadedTaskDispatcher with 20 workers.
[PhysX] Initialized MultithreadedTaskDispatcher with 20 workers.
[PhysX] Initialized MultithreadedTaskDispatcher with 20 workers.
[PhysX] Initialized MultithreadedTaskDispatcher with 20 workers.
[PhysX] Initialized MultithreadedTaskDispatcher with 20 workers.
[PhysX] Initialized MultithreadedTaskDispatcher with 20 workers.
[PhysX] Initialized MultithreadedTaskDispatcher with 20 workers.
[PhysX] Initialized MultithreadedTaskDispatcher with 20 workers.
[PhysX] Initialized MultithreadedTaskDispatcher with 20 workers.
[PhysX] Initialized MultithreadedTaskDispatcher with 20 workers.
[PhysX] Initialized MultithreadedTaskDispatcher with 20 workers.
[PhysX] Initialized MultithreadedTaskDispatcher with 20 workers.
[PhysX] Initialized MultithreadedTaskDispatcher with 20 workers.
[PhysX] Initialized MultithreadedTaskDispatcher with 20 workers.
[PhysX] Initialized MultithreadedTaskDispatcher with 20 workers.
[PhysX] Initialized MultithreadedTaskDispatcher with 20 workers.
[PhysX] Initialized MultithreadedTaskDispatcher with 20 workers.
[PhysX] Initialized MultithreadedTaskDispatcher with 20 workers.
[PhysX] Initialized MultithreadedTaskDispatcher with 20 workers.
[PhysX] Initialized MultithreadedTaskDispatcher with 20 workers.
[PhysX] Initialized MultithreadedTaskDispatcher with 20 workers.
[PhysX] Initialized MultithreadedTaskDispatcher with 20 workers.
[PhysX] Initialized MultithreadedTaskDispatcher with 20 workers.
[PhysX] Initialized MultithreadedTaskDispatcher with 20 workers.
[PhysX] Initialized MultithreadedTaskDispatcher with 20 workers.
[PhysX] Initialized MultithreadedTaskDispatcher with 20 workers.
[PhysX] Initialized MultithreadedTaskDispatcher with 20 workers.
[PhysX] Initialized MultithreadedTaskDispatcher with 20 workers.
[PhysX] Initialized MultithreadedTaskDispatcher with 20 workers.
[PhysX] Initialized MultithreadedTaskDispatcher with 20 workers.
[PhysX] Initialized MultithreadedTaskDispatcher with 20 workers.
[PhysX] Initialized MultithreadedTaskDispatcher with 20 workers.
[PhysX] Initialized MultithreadedTaskDispatcher with 20 workers.
[PhysX] Initialized MultithreadedTaskDispatcher with 20 workers.
[PhysX] Initialized MultithreadedTaskDispatcher with 20 workers.
[PhysX] Initialized MultithreadedTaskDispatcher with 20 workers.
[PhysX] Initialized MultithreadedTaskDispatcher with 20 workers.
[PhysX] Initialized MultithreadedTaskDispatcher with 20 workers.
[PhysX] Initialized MultithreadedTaskDispatcher with 20 workers.
[PhysX] Initialized MultithreadedTaskDispatcher with 20 workers.
[PhysX] Initialized MultithreadedTaskDispatcher with 20 workers.
[PhysX] Initialized MultithreadedTaskDispatcher with 20 workers.
[PhysX] Initialized MultithreadedTaskDispatcher with 20 workers.
[PhysX] Initialized MultithreadedTaskDispatcher with 20 workers.
[PhysX] Initialized MultithreadedTaskDispatcher with 20 workers.
[PhysX] Initialized MultithreadedTaskDispatcher with 20 workers.
[PhysX] Initialized MultithreadedTaskDispatcher with 20 workers.
[PhysX] Initialized MultithreadedTaskDispatcher with 20 workers.
[PhysX] Initialized MultithreadedTaskDispatcher with 20 workers.
[PhysX] Initialized MultithreadedTaskDispatcher with 20 workers.
[PhysX] Initialized MultithreadedTaskDispatcher with 20 workers.
[PhysX] Initialized MultithreadedTaskDispatcher with 20 workers.
[PhysX] Initialized MultithreadedTaskDispatcher with 20 workers.
[PhysX] Initialized MultithreadedTaskDispatcher with 20 workers.
[PhysX] Initialized MultithreadedTaskDispatcher with 20 workers.
[PhysX] Initialized MultithreadedTaskDispatcher with 20 workers.
[PhysX] Initialized MultithreadedTaskDispatcher with 20 workers.
[PhysX] Initialized MultithreadedTaskDispatcher with 20 workers.
[PhysX] Initialized MultithreadedTaskDispatcher with 20 workers.
[PhysX] Initialized MultithreadedTaskDispatcher with 20 workers.
[PhysX] Initialized MultithreadedTaskDispatcher with 20 workers.
[PhysX] Initialized MultithreadedTaskDispatcher with 20 workers.
[PhysX] Initialized MultithreadedTaskDispatcher with 20 workers.
[PhysX] Initialized MultithreadedTaskDispatcher with 20 workers.
[PhysX] Initialized MultithreadedTaskDispatcher with 20 workers.
[PhysX] Initialized MultithreadedTaskDispatcher with 20 workers.
[PhysX] Initialized MultithreadedTaskDispatcher with 20 workers.
[PhysX] Initialized MultithreadedTaskDispatcher with 20 workers.
[PhysX] Initialized MultithreadedTaskDispatcher with 20 workers.
[PhysX] Initialized MultithreadedTaskDispatcher with 20 workers.
[PhysX] Initialized MultithreadedTaskDispatcher with 20 workers.
[PhysX] Initialized MultithreadedTaskDispatcher with 20 workers.
[PhysX] Initialized MultithreadedTaskDispatcher with 20 workers.
[PhysX] Initialized MultithreadedTaskDispatcher with 20 workers.
[PhysX] Initialized MultithreadedTaskDispatcher with 20 workers.
[PhysX] Initialized MultithreadedTaskDispatcher with 20 workers.
[PhysX] Initialized MultithreadedTaskDispatcher with 20 workers.
 -> (artifact id: '155624f63b4acffe8d7d51f775b264b8') in 4.409966 seconds
Number of updated asset objects reloaded before import = 0
Number of asset objects unloaded after import = 6586
========================================================================
Received Import Request.
  Time since last request: 373.314936 seconds.
  path: Assets/Art/Modals/pacman eat.fbx
  artifactKey: Guid(c806cf8729ad1f34ca937ce05689c646) Importer(815301076,1909f56bfc062723c751e8b465ee728b)
Start importing Assets/Art/Modals/pacman eat.fbx using Guid(c806cf8729ad1f34ca937ce05689c646) Importer(815301076,1909f56bfc062723c751e8b465ee728b) [PhysX] Initialized MultithreadedTaskDispatcher with 20 workers.
[PhysX] Initialized MultithreadedTaskDispatcher with 20 workers.
[PhysX] Initialized MultithreadedTaskDispatcher with 20 workers.
[PhysX] Initialized MultithreadedTaskDispatcher with 20 workers.
[PhysX] Initialized MultithreadedTaskDispatcher with 20 workers.
[PhysX] Initialized MultithreadedTaskDispatcher with 20 workers.
 -> (artifact id: '1be476c525e2317235f6c5269881ca34') in 0.108150 seconds
Number of updated asset objects reloaded before import = 0
Number of asset objects unloaded after import = 22
========================================================================
Received Import Request.
  Time since last request: 799.743606 seconds.
  path: Assets/Art/Modals/diffuse2048x2048.png
  artifactKey: Guid(31659df5f3e649e4c9ea3a544264cf9b) Importer(815301076,1909f56bfc062723c751e8b465ee728b)
Start importing Assets/Art/Modals/diffuse2048x2048.png using Guid(31659df5f3e649e4c9ea3a544264cf9b) Importer(815301076,1909f56bfc062723c751e8b465ee728b) [PhysX] Initialized MultithreadedTaskDispatcher with 20 workers.
[PhysX] Initialized MultithreadedTaskDispatcher with 20 workers.
 -> (artifact id: '5f8f3008ed8d9cc41aa98dc9259f9bd1') in 0.150057 seconds
Number of updated asset objects reloaded before import = 0
Number of asset objects unloaded after import = 2
========================================================================
Received Import Request.
  Time since last request: 144.890272 seconds.
  path: Assets/Art/Modals/coin.fbx
  artifactKey: Guid(c0d9f490c59f1ba43a2fa6d1a104bec1) Importer(815301076,1909f56bfc062723c751e8b465ee728b)
Start importing Assets/Art/Modals/coin.fbx using Guid(c0d9f490c59f1ba43a2fa6d1a104bec1) Importer(815301076,1909f56bfc062723c751e8b465ee728b) [PhysX] Initialized MultithreadedTaskDispatcher with 20 workers.
[PhysX] Initialized MultithreadedTaskDispatcher with 20 workers.
[PhysX] Initialized MultithreadedTaskDispatcher with 20 workers.
[PhysX] Initialized MultithreadedTaskDispatcher with 20 workers.
 -> (artifact id: '68b3a73a7328de2fd4f88dcf215ba849') in 0.041319 seconds
Number of updated asset objects reloaded before import = 0
Number of asset objects unloaded after import = 9
========================================================================
Received Import Request.
  Time since last request: 24.429194 seconds.
  path: Assets/Art/Modals/Object001_2017-11-02_04-20-25_complete.rpf_converted.jpeg
  artifactKey: Guid(d3fb909ac87090942bdc70738c94242c) Importer(815301076,1909f56bfc062723c751e8b465ee728b)
Start importing Assets/Art/Modals/Object001_2017-11-02_04-20-25_complete.rpf_converted.jpeg using Guid(d3fb909ac87090942bdc70738c94242c) Importer(815301076,1909f56bfc062723c751e8b465ee728b) [PhysX] Initialized MultithreadedTaskDispatcher with 20 workers.
[PhysX] Initialized MultithreadedTaskDispatcher with 20 workers.
 -> (artifact id: 'dd9cd05813c9d3905c0e240739316fc5') in 0.031860 seconds
Number of updated asset objects reloaded before import = 0
Number of asset objects unloaded after import = 2
========================================================================
Received Import Request.
  Time since last request: 118.425770 seconds.
  path: Assets/Art/Materials
  artifactKey: Guid(dd12eb514f8b900458993598c101d732) Importer(815301076,1909f56bfc062723c751e8b465ee728b)
Start importing Assets/Art/Materials using Guid(dd12eb514f8b900458993598c101d732) Importer(815301076,1909f56bfc062723c751e8b465ee728b) [PhysX] Initialized MultithreadedTaskDispatcher with 20 workers.
 -> (artifact id: 'c0dc8b9fda0cd63f7d93aab5f1a4699f') in 0.000615 seconds
Number of updated asset objects reloaded before import = 0
Number of asset objects unloaded after import = 0
========================================================================
Received Import Request.
  Time since last request: 122.601872 seconds.
  path: Assets/Art/Materials/Pink.mat
  artifactKey: Guid(472fd5cc638fe15459b1a39212ce3b9e) Importer(815301076,1909f56bfc062723c751e8b465ee728b)
Start importing Assets/Art/Materials/Pink.mat using Guid(472fd5cc638fe15459b1a39212ce3b9e) Importer(815301076,1909f56bfc062723c751e8b465ee728b) [PhysX] Initialized MultithreadedTaskDispatcher with 20 workers.
[PhysX] Initialized MultithreadedTaskDispatcher with 20 workers.
 -> (artifact id: '4a34e13c9b11ed83448e746d35b3d808') in 0.030675 seconds
Number of updated asset objects reloaded before import = 0
Number of asset objects unloaded after import = 1
========================================================================
Received Import Request.
  Time since last request: 48.365873 seconds.
  path: Assets/Art/Materials/Blue.mat
  artifactKey: Guid(16bae819179b1be49b20da98cb82a6ef) Importer(815301076,1909f56bfc062723c751e8b465ee728b)
Start importing Assets/Art/Materials/Blue.mat using Guid(16bae819179b1be49b20da98cb82a6ef) Importer(815301076,1909f56bfc062723c751e8b465ee728b) [PhysX] Initialized MultithreadedTaskDispatcher with 20 workers.
[PhysX] Initialized MultithreadedTaskDispatcher with 20 workers.
 -> (artifact id: '67b44450798905089a871eb8d3c96ac8') in 0.033966 seconds
Number of updated asset objects reloaded before import = 0
Number of asset objects unloaded after import = 1
========================================================================
Received Import Request.
  Time since last request: 26.287207 seconds.
  path: Assets/Art/Materials/Red.mat
  artifactKey: Guid(4f184c8d05609e449b973e6f71a90804) Importer(815301076,1909f56bfc062723c751e8b465ee728b)
Start importing Assets/Art/Materials/Red.mat using Guid(4f184c8d05609e449b973e6f71a90804) Importer(815301076,1909f56bfc062723c751e8b465ee728b) [PhysX] Initialized MultithreadedTaskDispatcher with 20 workers.
[PhysX] Initialized MultithreadedTaskDispatcher with 20 workers.
 -> (artifact id: 'e3e25bf97c06bd6a05f124ac263e38c5') in 0.030395 seconds
Number of updated asset objects reloaded before import = 0
Number of asset objects unloaded after import = 1
========================================================================
Received Import Request.
  Time since last request: 36.220796 seconds.
  path: Assets/Art/Materials/Orange.mat
  artifactKey: Guid(6eb46c17474a15b4080a56f4eccbda84) Importer(815301076,1909f56bfc062723c751e8b465ee728b)
Start importing Assets/Art/Materials/Orange.mat using Guid(6eb46c17474a15b4080a56f4eccbda84) Importer(815301076,1909f56bfc062723c751e8b465ee728b) [PhysX] Initialized MultithreadedTaskDispatcher with 20 workers.
[PhysX] Initialized MultithreadedTaskDispatcher with 20 workers.
 -> (artifact id: 'f9a1d0a76c521fc9bd903616d820bff1') in 0.040776 seconds
Number of updated asset objects reloaded before import = 0
Number of asset objects unloaded after import = 1
========================================================================
Received Import Request.
  Time since last request: 868.364104 seconds.
  path: Assets/Art/Materials/New Material.mat
  artifactKey: Guid(931c2b840a97ca548b45ae5baafaef04) Importer(815301076,1909f56bfc062723c751e8b465ee728b)
Start importing Assets/Art/Materials/New Material.mat using Guid(931c2b840a97ca548b45ae5baafaef04) Importer(815301076,1909f56bfc062723c751e8b465ee728b) [PhysX] Initialized MultithreadedTaskDispatcher with 20 workers.
[PhysX] Initialized MultithreadedTaskDispatcher with 20 workers.
 -> (artifact id: 'af055f042d80763f14d6df587bbad33d') in 0.030191 seconds
Number of updated asset objects reloaded before import = 0
Number of asset objects unloaded after import = 1
========================================================================
Received Import Request.
  Time since last request: 7.148081 seconds.
  path: Assets/Art/Materials/Black.mat
  artifactKey: Guid(931c2b840a97ca548b45ae5baafaef04) Importer(815301076,1909f56bfc062723c751e8b465ee728b)
Start importing Assets/Art/Materials/Black.mat using Guid(931c2b840a97ca548b45ae5baafaef04) Importer(815301076,1909f56bfc062723c751e8b465ee728b) [PhysX] Initialized MultithreadedTaskDispatcher with 20 workers.
[PhysX] Initialized MultithreadedTaskDispatcher with 20 workers.
 -> (artifact id: '87f43af0d86fccc6c59195a4b4030ab5') in 0.033716 seconds
Number of updated asset objects reloaded before import = 0
Number of asset objects unloaded after import = 1
========================================================================
Received Import Request.
  Time since last request: 215.170411 seconds.
  path: Assets/Art/Materials/Navy Blue Eye.mat
  artifactKey: Guid(931c2b840a97ca548b45ae5baafaef04) Importer(815301076,1909f56bfc062723c751e8b465ee728b)
Start importing Assets/Art/Materials/Navy Blue Eye.mat using Guid(931c2b840a97ca548b45ae5baafaef04) Importer(815301076,1909f56bfc062723c751e8b465ee728b) [PhysX] Initialized MultithreadedTaskDispatcher with 20 workers.
[PhysX] Initialized MultithreadedTaskDispatcher with 20 workers.
 -> (artifact id: '2d459b899130c0225c3a29240e69e672') in 0.023113 seconds
Number of updated asset objects reloaded before import = 0
Number of asset objects unloaded after import = 1
========================================================================
Received Import Request.
  Time since last request: 191.179693 seconds.
  path: Assets/Art/Prefabs
  artifactKey: Guid(112157614ce356e44bac4118de36b008) Importer(815301076,1909f56bfc062723c751e8b465ee728b)
Start importing Assets/Art/Prefabs using Guid(112157614ce356e44bac4118de36b008) Importer(815301076,1909f56bfc062723c751e8b465ee728b) [PhysX] Initialized MultithreadedTaskDispatcher with 20 workers.
 -> (artifact id: '2b8363f173f2b4111cadf1309e80f80e') in 0.000628 seconds
Number of updated asset objects reloaded before import = 0
Number of asset objects unloaded after import = 0
========================================================================
Received Import Request.
  Time since last request: 15.902706 seconds.
  path: Assets/Art/Prefabs/ghost.prefab
  artifactKey: Guid(d31ee710df2f00847ada07b8bf6a49df) Importer(815301076,1909f56bfc062723c751e8b465ee728b)
Start importing Assets/Art/Prefabs/ghost.prefab using Guid(d31ee710df2f00847ada07b8bf6a49df) Importer(815301076,1909f56bfc062723c751e8b465ee728b) [PhysX] Initialized MultithreadedTaskDispatcher with 20 workers.
[PhysX] Initialized MultithreadedTaskDispatcher with 20 workers.
 -> (artifact id: '840f3690bf2c578179591383fbf41d68') in 0.059810 seconds
Number of updated asset objects reloaded before import = 0
Number of asset objects unloaded after import = 37
========================================================================
Received Import Request.
  Time since last request: 639.626374 seconds.
  path: Assets/Art/Prefabs/coin.prefab
  artifactKey: Guid(306a8133ec4b6784e9fefa290bba550d) Importer(815301076,1909f56bfc062723c751e8b465ee728b)
Start importing Assets/Art/Prefabs/coin.prefab using Guid(306a8133ec4b6784e9fefa290bba550d) Importer(815301076,1909f56bfc062723c751e8b465ee728b) [PhysX] Initialized MultithreadedTaskDispatcher with 20 workers.
[PhysX] Initialized MultithreadedTaskDispatcher with 20 workers.
 -> (artifact id: 'c6265efde3991bb572a6b9725244d499') in 0.020619 seconds
Number of updated asset objects reloaded before import = 0
Number of asset objects unloaded after import = 16
========================================================================
Received Import Request.
  Time since last request: 17.387461 seconds.
  path: Assets/Art/Prefabs/ghost 1.prefab
  artifactKey: Guid(7f4a5cd0f40afcb41b7a20d16effceb9) Importer(815301076,1909f56bfc062723c751e8b465ee728b)
Start importing Assets/Art/Prefabs/ghost 1.prefab using Guid(7f4a5cd0f40afcb41b7a20d16effceb9) Importer(815301076,1909f56bfc062723c751e8b465ee728b) [PhysX] Initialized MultithreadedTaskDispatcher with 20 workers.
[PhysX] Initialized MultithreadedTaskDispatcher with 20 workers.
 -> (artifact id: '04e6c3f152edd0932bb6e9ea134893ff') in 0.022158 seconds
Number of updated asset objects reloaded before import = 0
Number of asset objects unloaded after import = 37
========================================================================
Received Import Request.
  Time since last request: 48.870511 seconds.
  path: Assets/Art/Prefabs/cherry.prefab
  artifactKey: Guid(8f62656578c231c49847a6047c2f11c8) Importer(815301076,1909f56bfc062723c751e8b465ee728b)
Start importing Assets/Art/Prefabs/cherry.prefab using Guid(8f62656578c231c49847a6047c2f11c8) Importer(815301076,1909f56bfc062723c751e8b465ee728b) [PhysX] Initialized MultithreadedTaskDispatcher with 20 workers.
[PhysX] Initialized MultithreadedTaskDispatcher with 20 workers.
 -> (artifact id: '4ad3cd1de6957cd990e82fdd61050a1a') in 0.048479 seconds
Number of updated asset objects reloaded before import = 0
Number of asset objects unloaded after import = 14
========================================================================
Received Import Request.
  Time since last request: 125.030687 seconds.
  path: Assets/Art/Prefabs/cherry 1.prefab
  artifactKey: Guid(cf66190cae26ecc48bde2f824fe4b830) Importer(815301076,1909f56bfc062723c751e8b465ee728b)
Start importing Assets/Art/Prefabs/cherry 1.prefab using Guid(cf66190cae26ecc48bde2f824fe4b830) Importer(815301076,1909f56bfc062723c751e8b465ee728b) [PhysX] Initialized MultithreadedTaskDispatcher with 20 workers.
[PhysX] Initialized MultithreadedTaskDispatcher with 20 workers.
 -> (artifact id: 'ac356d636134f3d721842ce5e2a46fa8') in 0.020429 seconds
Number of updated asset objects reloaded before import = 0
Number of asset objects unloaded after import = 14
========================================================================
Received Import Request.
  Time since last request: 147.684847 seconds.
  path: Assets/Art/Materials/Pacman body.mat
  artifactKey: Guid(9d5b5cb20f36aa048a12dc77f70ddcd4) Importer(815301076,1909f56bfc062723c751e8b465ee728b)
Start importing Assets/Art/Materials/Pacman body.mat using Guid(9d5b5cb20f36aa048a12dc77f70ddcd4) Importer(815301076,1909f56bfc062723c751e8b465ee728b) [PhysX] Initialized MultithreadedTaskDispatcher with 20 workers.
[PhysX] Initialized MultithreadedTaskDispatcher with 20 workers.
 -> (artifact id: '874666f623c5c70ce9b982b477c68e39') in 0.023917 seconds
Number of updated asset objects reloaded before import = 0
Number of asset objects unloaded after import = 1
========================================================================
Received Import Request.
  Time since last request: 136.207620 seconds.
  path: Assets/Art/Prefabs/pacman eat.prefab
  artifactKey: Guid(7c48dd8b7fce3a948838fd216b434f9d) Importer(815301076,1909f56bfc062723c751e8b465ee728b)
Start importing Assets/Art/Prefabs/pacman eat.prefab using Guid(7c48dd8b7fce3a948838fd216b434f9d) Importer(815301076,1909f56bfc062723c751e8b465ee728b) [PhysX] Initialized MultithreadedTaskDispatcher with 20 workers.
[PhysX] Initialized MultithreadedTaskDispatcher with 20 workers.
 -> (artifact id: '37b9bdecbac9c1c260638e2d6cc09d8a') in 0.044535 seconds
Number of updated asset objects reloaded before import = 0
Number of asset objects unloaded after import = 35
========================================================================
Received Import Request.
  Time since last request: 31.350812 seconds.
  path: Assets/Art/Materials/Cherry color.mat
  artifactKey: Guid(4497114390bc54449bb45ea5b7732976) Importer(815301076,1909f56bfc062723c751e8b465ee728b)
Start importing Assets/Art/Materials/Cherry color.mat using Guid(4497114390bc54449bb45ea5b7732976) Importer(815301076,1909f56bfc062723c751e8b465ee728b) [PhysX] Initialized MultithreadedTaskDispatcher with 20 workers.
[PhysX] Initialized MultithreadedTaskDispatcher with 20 workers.
 -> (artifact id: 'ac558d914939a955fb9462f4e0c712e0') in 0.021381 seconds
Number of updated asset objects reloaded before import = 0
Number of asset objects unloaded after import = 1
========================================================================
Received Import Request.
  Time since last request: 219.356825 seconds.
  path: Assets/Art/Prefabs/cherry 1 (1) Variant.prefab
  artifactKey: Guid(6fa0a8dc48b36be46a6e8a545cf57d12) Importer(815301076,1909f56bfc062723c751e8b465ee728b)
Start importing Assets/Art/Prefabs/cherry 1 (1) Variant.prefab using Guid(6fa0a8dc48b36be46a6e8a545cf57d12) Importer(815301076,1909f56bfc062723c751e8b465ee728b) [PhysX] Initialized MultithreadedTaskDispatcher with 20 workers.
[PhysX] Initialized MultithreadedTaskDispatcher with 20 workers.
 -> (artifact id: '174f6a6faa5b38bed0bd5a6d73d317f0') in 0.031479 seconds
Number of updated asset objects reloaded before import = 0
Number of asset objects unloaded after import = 22
========================================================================
Received Import Request.
  Time since last request: 5.209020 seconds.
  path: Assets/Art/Prefabs/cherry 1 (1) Variant.prefab
  artifactKey: Guid(6fa0a8dc48b36be46a6e8a545cf57d12) Importer(815301076,1909f56bfc062723c751e8b465ee728b)
Start importing Assets/Art/Prefabs/cherry 1 (1) Variant.prefab using Guid(6fa0a8dc48b36be46a6e8a545cf57d12) Importer(815301076,1909f56bfc062723c751e8b465ee728b) [PhysX] Initialized MultithreadedTaskDispatcher with 20 workers.
 -> (artifact id: '100f23382adc345e9fc29711deef75d7') in 0.001206 seconds
Number of updated asset objects reloaded before import = 0
Number of asset objects unloaded after import = 1
========================================================================
Received Import Request.
  Time since last request: 121.813966 seconds.
  path: Assets/Art/Prefabs/cherry.prefab
  artifactKey: Guid(8f62656578c231c49847a6047c2f11c8) Importer(815301076,1909f56bfc062723c751e8b465ee728b)
Start importing Assets/Art/Prefabs/cherry.prefab using Guid(8f62656578c231c49847a6047c2f11c8) Importer(815301076,1909f56bfc062723c751e8b465ee728b) [PhysX] Initialized MultithreadedTaskDispatcher with 20 workers.
[PhysX] Initialized MultithreadedTaskDispatcher with 20 workers.
 -> (artifact id: '9a6237f1feb88d31f340f48bf4bb1d5e') in 0.027760 seconds
Number of updated asset objects reloaded before import = 0
Number of asset objects unloaded after import = 16
========================================================================
Received Import Request.
  Time since last request: 64.451933 seconds.
  path: Assets/Art/Models
  artifactKey: Guid(b72ed575de6271843adbf8542a363852) Importer(815301076,1909f56bfc062723c751e8b465ee728b)
Start importing Assets/Art/Models using Guid(b72ed575de6271843adbf8542a363852) Importer(815301076,1909f56bfc062723c751e8b465ee728b) [PhysX] Initialized MultithreadedTaskDispatcher with 20 workers.
 -> (artifact id: 'b862e7fccd11fe35a0c4dd70a0a0cc4d') in 0.000465 seconds
Number of updated asset objects reloaded before import = 0
Number of asset objects unloaded after import = 0
========================================================================
Received Import Request.
  Time since last request: 73.589453 seconds.
  path: Assets/Art/Models/Materials
  artifactKey: Guid(60097ec10cf97a24cb02663efd6414a7) Importer(815301076,1909f56bfc062723c751e8b465ee728b)
Start importing Assets/Art/Models/Materials using Guid(60097ec10cf97a24cb02663efd6414a7) Importer(815301076,1909f56bfc062723c751e8b465ee728b) [PhysX] Initialized MultithreadedTaskDispatcher with 20 workers.
 -> (artifact id: 'ca41e8313263db098b16b63e7ed61a33') in 0.000561 seconds
Number of updated asset objects reloaded before import = 0
Number of asset objects unloaded after import = 0
========================================================================
Received Import Request.
  Time since last request: 0.069914 seconds.
  path: Assets/Art/Models/Materials/diffuse2048x2048.mat
  artifactKey: Guid(832c3f3fad9a3d243aac478deac4a99f) Importer(815301076,1909f56bfc062723c751e8b465ee728b)
Start importing Assets/Art/Models/Materials/diffuse2048x2048.mat using Guid(832c3f3fad9a3d243aac478deac4a99f) Importer(815301076,1909f56bfc062723c751e8b465ee728b) [PhysX] Initialized MultithreadedTaskDispatcher with 20 workers.
[PhysX] Initialized MultithreadedTaskDispatcher with 20 workers.
 -> (artifact id: 'd991eaaca40ed7c26decb2359ebc0ef2') in 0.031203 seconds
Number of updated asset objects reloaded before import = 0
Number of asset objects unloaded after import = 2
========================================================================
Received Import Request.
  Time since last request: 79.960905 seconds.
  path: Assets/Art/Materials/Pig.mat
  artifactKey: Guid(fd48be7e7a8ef3d47b63ce4168c83113) Importer(815301076,1909f56bfc062723c751e8b465ee728b)
Start importing Assets/Art/Materials/Pig.mat using Guid(fd48be7e7a8ef3d47b63ce4168c83113) Importer(815301076,1909f56bfc062723c751e8b465ee728b) [PhysX] Initialized MultithreadedTaskDispatcher with 20 workers.
[PhysX] Initialized MultithreadedTaskDispatcher with 20 workers.
 -> (artifact id: 'b295d01cd088ddab3ae1d10ddc633849') in 0.024032 seconds
Number of updated asset objects reloaded before import = 0
Number of asset objects unloaded after import = 1
========================================================================
Received Import Request.
  Time since last request: 52.746162 seconds.
  path: Assets/Art/Prefabs/coin.prefab
  artifactKey: Guid(306a8133ec4b6784e9fefa290bba550d) Importer(815301076,1909f56bfc062723c751e8b465ee728b)
Start importing Assets/Art/Prefabs/coin.prefab using Guid(306a8133ec4b6784e9fefa290bba550d) Importer(815301076,1909f56bfc062723c751e8b465ee728b) [PhysX] Initialized MultithreadedTaskDispatcher with 20 workers.
[PhysX] Initialized MultithreadedTaskDispatcher with 20 workers.
 -> (artifact id: '236b037ce8e95211b9cc92dce9a3bd17') in 0.036552 seconds
Number of updated asset objects reloaded before import = 0
Number of asset objects unloaded after import = 15
========================================================================
Received Import Request.
  Time since last request: 6.670159 seconds.
  path: Assets/Art/Prefabs/piggy_bank.prefab
  artifactKey: Guid(8edd3f0fbe3b72941910a8187a12e290) Importer(815301076,1909f56bfc062723c751e8b465ee728b)
Start importing Assets/Art/Prefabs/piggy_bank.prefab using Guid(8edd3f0fbe3b72941910a8187a12e290) Importer(815301076,1909f56bfc062723c751e8b465ee728b) [PhysX] Initialized MultithreadedTaskDispatcher with 20 workers.
[PhysX] Initialized MultithreadedTaskDispatcher with 20 workers.
 -> (artifact id: 'e534039457106a4cbd25a6879d29f16a') in 0.045844 seconds
Number of updated asset objects reloaded before import = 0
Number of asset objects unloaded after import = 33
========================================================================
Received Import Request.
  Time since last request: 118.739861 seconds.
  path: Assets/Art/Prefabs/coin 1.prefab
  artifactKey: Guid(8a309e014725ead4a9c88cbc9c765584) Importer(815301076,1909f56bfc062723c751e8b465ee728b)
Start importing Assets/Art/Prefabs/coin 1.prefab using Guid(8a309e014725ead4a9c88cbc9c765584) Importer(815301076,1909f56bfc062723c751e8b465ee728b) [PhysX] Initialized MultithreadedTaskDispatcher with 20 workers.
[PhysX] Initialized MultithreadedTaskDispatcher with 20 workers.
 -> (artifact id: 'b54035534b803553fd81ae24cb24fe2e') in 0.023036 seconds
Number of updated asset objects reloaded before import = 0
Number of asset objects unloaded after import = 17
========================================================================
Received Import Request.
  Time since last request: 143.289673 seconds.
  path: Assets/Art/Prefabs/coin 2.prefab
  artifactKey: Guid(306a8133ec4b6784e9fefa290bba550d) Importer(815301076,1909f56bfc062723c751e8b465ee728b)
Start importing Assets/Art/Prefabs/coin 2.prefab using Guid(306a8133ec4b6784e9fefa290bba550d) Importer(815301076,1909f56bfc062723c751e8b465ee728b) [PhysX] Initialized MultithreadedTaskDispatcher with 20 workers.
[PhysX] Initialized MultithreadedTaskDispatcher with 20 workers.
 -> (artifact id: 'fcca3662f4cd57480c91e4d19bcd2ab4') in 0.031286 seconds
Number of updated asset objects reloaded before import = 0
Number of asset objects unloaded after import = 15
========================================================================
Received Import Request.
  Time since last request: 6.250349 seconds.
  path: Assets/Art/Prefabs/coin.prefab
  artifactKey: Guid(8a309e014725ead4a9c88cbc9c765584) Importer(815301076,1909f56bfc062723c751e8b465ee728b)
Start importing Assets/Art/Prefabs/coin.prefab using Guid(8a309e014725ead4a9c88cbc9c765584) Importer(815301076,1909f56bfc062723c751e8b465ee728b) [PhysX] Initialized MultithreadedTaskDispatcher with 20 workers.
[PhysX] Initialized MultithreadedTaskDispatcher with 20 workers.
 -> (artifact id: '1156a640fcfa6857b495c7655a2b8be5') in 0.035083 seconds
Number of updated asset objects reloaded before import = 0
Number of asset objects unloaded after import = 17
========================================================================
Received Import Request.
  Time since last request: 22.637137 seconds.
  path: Assets/Art/Prefabs/Characters
  artifactKey: Guid(adae7b8c50881d14f98a5534e5099be7) Importer(815301076,1909f56bfc062723c751e8b465ee728b)
Start importing Assets/Art/Prefabs/Characters using Guid(adae7b8c50881d14f98a5534e5099be7) Importer(815301076,1909f56bfc062723c751e8b465ee728b) [PhysX] Initialized MultithreadedTaskDispatcher with 20 workers.
 -> (artifact id: 'a5e332314da6771e27dc17c7ad3f219c') in 0.000671 seconds
Number of updated asset objects reloaded before import = 0
Number of asset objects unloaded after import = 0
========================================================================
Received Import Request.
  Time since last request: 19.531481 seconds.
  path: Assets/Art/Prefabs/Labyrinth
  artifactKey: Guid(e841c88e0f9962349a44f0d2a4c7ac70) Importer(815301076,1909f56bfc062723c751e8b465ee728b)
Start importing Assets/Art/Prefabs/Labyrinth using Guid(e841c88e0f9962349a44f0d2a4c7ac70) Importer(815301076,1909f56bfc062723c751e8b465ee728b) [PhysX] Initialized MultithreadedTaskDispatcher with 20 workers.
 -> (artifact id: 'de0341406da7e594e04242eff5f8e062') in 0.000643 seconds
Number of updated asset objects reloaded before import = 0
Number of asset objects unloaded after import = 0
========================================================================
Received Import Request.
  Time since last request: 62.468601 seconds.
  path: Assets/Art/Materials/Characters
  artifactKey: Guid(1a33ebb41ba8806438a756a8e591e703) Importer(815301076,1909f56bfc062723c751e8b465ee728b)
Start importing Assets/Art/Materials/Characters using Guid(1a33ebb41ba8806438a756a8e591e703) Importer(815301076,1909f56bfc062723c751e8b465ee728b) [PhysX] Initialized MultithreadedTaskDispatcher with 20 workers.
 -> (artifact id: 'bfd0388be5d89f670c56b133c5976bed') in 0.000673 seconds
Number of updated asset objects reloaded before import = 0
Number of asset objects unloaded after import = 0
========================================================================
Received Import Request.
  Time since last request: 8.211442 seconds.
  path: Assets/Art/Materials/New Folder
  artifactKey: Guid(d87cd688bff8fc2448e9c234321d03c9) Importer(815301076,1909f56bfc062723c751e8b465ee728b)
Start importing Assets/Art/Materials/New Folder using Guid(d87cd688bff8fc2448e9c234321d03c9) Importer(815301076,1909f56bfc062723c751e8b465ee728b) [PhysX] Initialized MultithreadedTaskDispatcher with 20 workers.
 -> (artifact id: 'cbe3b710644250a875e835b52bcc41d9') in 0.001478 seconds
Number of updated asset objects reloaded before import = 0
Number of asset objects unloaded after import = 0
========================================================================
Received Import Request.
  Time since last request: 13.023632 seconds.
  path: Assets/Art/Materials/Labyrinth
  artifactKey: Guid(d87cd688bff8fc2448e9c234321d03c9) Importer(815301076,1909f56bfc062723c751e8b465ee728b)
Start importing Assets/Art/Materials/Labyrinth using Guid(d87cd688bff8fc2448e9c234321d03c9) Importer(815301076,1909f56bfc062723c751e8b465ee728b) [PhysX] Initialized MultithreadedTaskDispatcher with 20 workers.
 -> (artifact id: 'd8a766bd7e5599ce937a767473fd6415') in 0.000629 seconds
Number of updated asset objects reloaded before import = 0
Number of asset objects unloaded after import = 0
========================================================================
Received Import Request.
  Time since last request: 70.936306 seconds.
  path: Assets/Art/Materials/Labyrinth/New Material.mat
  artifactKey: Guid(8862ffb84db42584e90886ea7400ece6) Importer(815301076,1909f56bfc062723c751e8b465ee728b)
Start importing Assets/Art/Materials/Labyrinth/New Material.mat using Guid(8862ffb84db42584e90886ea7400ece6) Importer(815301076,1909f56bfc062723c751e8b465ee728b) [PhysX] Initialized MultithreadedTaskDispatcher with 20 workers.
[PhysX] Initialized MultithreadedTaskDispatcher with 20 workers.
 -> (artifact id: '4c72bf66a060c8ddc8142d6735619d28') in 0.024885 seconds
Number of updated asset objects reloaded before import = 0
Number of asset objects unloaded after import = 1
========================================================================
Received Import Request.
  Time since last request: 34.616733 seconds.
  path: Assets/Art/Prefabs/Labyrinth/Floor.prefab
  artifactKey: Guid(c9592b826ebc83c46a9a6012ec91179b) Importer(815301076,1909f56bfc062723c751e8b465ee728b)
Start importing Assets/Art/Prefabs/Labyrinth/Floor.prefab using Guid(c9592b826ebc83c46a9a6012ec91179b) Importer(815301076,1909f56bfc062723c751e8b465ee728b) [PhysX] Initialized MultithreadedTaskDispatcher with 20 workers.
[PhysX] Initialized MultithreadedTaskDispatcher with 20 workers.
 -> (artifact id: '8e8abd52e563accb3a21bdd7928c03b7') in 0.052527 seconds
Number of updated asset objects reloaded before import = 0
Number of asset objects unloaded after import = 7
========================================================================
Received Import Request.
  Time since last request: 82.238581 seconds.
  path: Assets/Art/Materials/Labyrinth/Floor.mat
  artifactKey: Guid(8862ffb84db42584e90886ea7400ece6) Importer(815301076,1909f56bfc062723c751e8b465ee728b)
Start importing Assets/Art/Materials/Labyrinth/Floor.mat using Guid(8862ffb84db42584e90886ea7400ece6) Importer(815301076,1909f56bfc062723c751e8b465ee728b) [PhysX] Initialized MultithreadedTaskDispatcher with 20 workers.
[PhysX] Initialized MultithreadedTaskDispatcher with 20 workers.
 -> (artifact id: '76562c647a428f3062d4e669f87e3f99') in 0.031692 seconds
Number of updated asset objects reloaded before import = 0
Number of asset objects unloaded after import = 1
========================================================================
Received Import Request.
  Time since last request: 44.032671 seconds.
  path: Assets/Art/Prefabs/Labyrinth/Floor.prefab
  artifactKey: Guid(c9592b826ebc83c46a9a6012ec91179b) Importer(815301076,1909f56bfc062723c751e8b465ee728b)
Start importing Assets/Art/Prefabs/Labyrinth/Floor.prefab using Guid(c9592b826ebc83c46a9a6012ec91179b) Importer(815301076,1909f56bfc062723c751e8b465ee728b) [PhysX] Initialized MultithreadedTaskDispatcher with 20 workers.
[PhysX] Initialized MultithreadedTaskDispatcher with 20 workers.
 -> (artifact id: 'd116246719c355c5b10f53c8aa33b317') in 0.007520 seconds
Number of updated asset objects reloaded before import = 0
Number of asset objects unloaded after import = 8
========================================================================
Received Import Request.
  Time since last request: 56.153833 seconds.
  path: Assets/Art/Prefabs/Labyrinth/Floor.prefab
  artifactKey: Guid(c9592b826ebc83c46a9a6012ec91179b) Importer(815301076,1909f56bfc062723c751e8b465ee728b)
Start importing Assets/Art/Prefabs/Labyrinth/Floor.prefab using Guid(c9592b826ebc83c46a9a6012ec91179b) Importer(815301076,1909f56bfc062723c751e8b465ee728b) [PhysX] Initialized MultithreadedTaskDispatcher with 20 workers.
[PhysX] Initialized MultithreadedTaskDispatcher with 20 workers.
 -> (artifact id: '4352d250b64f7c1c35bf4c7be9440333') in 0.016719 seconds
Number of updated asset objects reloaded before import = 0
Number of asset objects unloaded after import = 8
========================================================================
Received Import Request.
  Time since last request: 29.040689 seconds.
  path: Assets/Art/Materials/Labyrinth/Wall.mat
  artifactKey: Guid(d52126deec148eb4698b5ec93e480271) Importer(815301076,1909f56bfc062723c751e8b465ee728b)
Start importing Assets/Art/Materials/Labyrinth/Wall.mat using Guid(d52126deec148eb4698b5ec93e480271) Importer(815301076,1909f56bfc062723c751e8b465ee728b) [PhysX] Initialized MultithreadedTaskDispatcher with 20 workers.
[PhysX] Initialized MultithreadedTaskDispatcher with 20 workers.
 -> (artifact id: '5a3522ef197ec0a3d8766879e0cdf294') in 0.024322 seconds
Number of updated asset objects reloaded before import = 0
Number of asset objects unloaded after import = 1
========================================================================
Received Import Request.
  Time since last request: 22.163855 seconds.
  path: Assets/Art/Prefabs/Labyrinth/Wall.prefab
  artifactKey: Guid(e5ea30ed788cdde4f94bc91638576749) Importer(815301076,1909f56bfc062723c751e8b465ee728b)
Start importing Assets/Art/Prefabs/Labyrinth/Wall.prefab using Guid(e5ea30ed788cdde4f94bc91638576749) Importer(815301076,1909f56bfc062723c751e8b465ee728b) [PhysX] Initialized MultithreadedTaskDispatcher with 20 workers.
[PhysX] Initialized MultithreadedTaskDispatcher with 20 workers.
 -> (artifact id: '1533bcde6f160743758d229130fb32b6') in 0.022385 seconds
Number of updated asset objects reloaded before import = 0
Number of asset objects unloaded after import = 8
========================================================================
Received Import Request.
  Time since last request: 1427.064783 seconds.
  path: Assets/Art/Materials/Labyrinth/Ladder.mat
  artifactKey: Guid(5f9ec655fa517f2418f06462b14ecd4c) Importer(815301076,1909f56bfc062723c751e8b465ee728b)
Start importing Assets/Art/Materials/Labyrinth/Ladder.mat using Guid(5f9ec655fa517f2418f06462b14ecd4c) Importer(815301076,1909f56bfc062723c751e8b465ee728b) [PhysX] Initialized MultithreadedTaskDispatcher with 20 workers.
[PhysX] Initialized MultithreadedTaskDispatcher with 20 workers.
 -> (artifact id: 'c718b0bd2ec2623a31a5a8535158c9ff') in 0.027398 seconds
Number of updated asset objects reloaded before import = 0
Number of asset objects unloaded after import = 1
========================================================================
Received Import Request.
  Time since last request: 57.235785 seconds.
  path: Assets/Art/Prefabs/Ladder.prefab
  artifactKey: Guid(25646a30796d3c04788dc8cdfaab64ce) Importer(815301076,1909f56bfc062723c751e8b465ee728b)
Start importing Assets/Art/Prefabs/Ladder.prefab using Guid(25646a30796d3c04788dc8cdfaab64ce) Importer(815301076,1909f56bfc062723c751e8b465ee728b) [PhysX] Initialized MultithreadedTaskDispatcher with 20 workers.
[PhysX] Initialized MultithreadedTaskDispatcher with 20 workers.
 -> (artifact id: 'a03a694f48dc4eaec6f5b3872f0b0bbc') in 0.022304 seconds
Number of updated asset objects reloaded before import = 0
Number of asset objects unloaded after import = 28
========================================================================
Received Import Request.
  Time since last request: 29.931441 seconds.
  path: Assets/NewBehaviourScript.cs
  artifactKey: Guid(e88a5c8581f623c488f6783b19bf71f0) Importer(815301076,1909f56bfc062723c751e8b465ee728b)
Start importing Assets/NewBehaviourScript.cs using Guid(e88a5c8581f623c488f6783b19bf71f0) Importer(815301076,1909f56bfc062723c751e8b465ee728b) [PhysX] Initialized MultithreadedTaskDispatcher with 20 workers.
 -> (artifact id: '9baba5df15c61e44c9a3ff1a754b1960') in 0.005369 seconds
Number of updated asset objects reloaded before import = 0
Number of asset objects unloaded after import = 0
========================================================================
Received Prepare
Caller must complete domain reload
Begin MonoManager ReloadAssembly
- Loaded All Assemblies, in  0.668 seconds
Native extension for WindowsStandalone target not found
Mono: successfully reloaded assembly
- Finished resetting the current domain, in 21.133 seconds
Domain Reload Profiling: 21801ms
	BeginReloadAssembly (277ms)
		ExecutionOrderSort (0ms)
		DisableScriptedObjects (14ms)
		BackupInstance (0ms)
		ReleaseScriptingObjects (0ms)
		CreateAndSetChildDomain (128ms)
	RebuildCommonClasses (21ms)
	RebuildNativeTypeToScriptingClass (6ms)
	initialDomainReloadingComplete (20ms)
	LoadAllAssembliesAndSetupDomain (343ms)
		LoadAssemblies (408ms)
		RebuildTransferFunctionScriptingTraits (0ms)
		AnalyzeDomain (17ms)
			TypeCache.Refresh (9ms)
				TypeCache.ScanAssembly (0ms)
			ScanForSourceGeneratedMonoScriptInfo (0ms)
			ResolveRequiredComponents (7ms)
	FinalizeReload (21134ms)
		ReleaseScriptCaches (0ms)
		RebuildScriptCaches (0ms)
		SetupLoadedEditorAssemblies (285ms)
			LogAssemblyErrors (0ms)
			InitializePlatformSupportModulesInManaged (9ms)
			SetLoadedEditorAssemblies (4ms)
			RefreshPlugins (0ms)
			BeforeProcessingInitializeOnLoad (35ms)
			ProcessInitializeOnLoadAttributes (220ms)
			ProcessInitializeOnLoadMethodAttributes (15ms)
			AfterProcessingInitializeOnLoad (1ms)
			EditorAssembliesLoaded (0ms)
		ExecutionOrderSort2 (0ms)
		AwakeInstancesAfterBackupRestoration (5ms)
Refreshing native plugins compatible for Editor in 34.12 ms, found 3 plugins.
Preloading 0 native plugins for Editor in 0.00 ms.
Unloading 3091 Unused Serialized files (Serialized files now loaded: 0)
Unloading 13 unused Assets / (27.6 KB). Loaded Objects now: 3618.
Memory consumption went from 126.4 MB to 126.4 MB.
Total: 4.172700 ms (FindLiveObjects: 0.161600 ms CreateObjectMapping: 0.068300 ms MarkObjects: 3.913700 ms  DeleteObjects: 0.028300 ms)

Prepare: number of updated asset objects reloaded= 0
AssetImportParameters requested are different than current active one (requested -> active):
  custom:scripting/monoscript/fileName/IncomingChangesTab.cs: 6fa4849c09cf3ec125d3914af6074a21 -> 82bff1d960538992d4e618d909869d2e
  custom:scripting/monoscript/fileName/DiffSelection.cs: 34faf7c86f7e0c9a01162e930679d82f -> 1460aaba4240ef35322cb9c198487990
  custom:scripting/monoscript/fileName/CloudProjectId.cs: f33db9e9673144ad1e994ed4cff5ce2d -> 
  custom:scripting/monoscript/fileName/DateFilter.cs: 4084040ac52b6e24ba874651890c5c6e -> 85ed700e21fd471cc38c626cebe01d52
  custom:scripting/monoscript/fileName/PerformInitialCheckin.cs: be22d181e456c0a8a5713675f29ac72a -> 8ef9a9f407b8b94b2b5fad9d24e61f79
  custom:scripting/monoscript/fileName/ConflictResolutionState.cs: 51eaf597f9533c7ed197ad15e802d20f -> 74a230000ff2fd58c5a60ab4258207dc
  custom:scripting/monoscript/fileName/FindWorkspace.cs: 39bbd18bfe6bf4a99f5c185dcda4dd4a -> 6af6c9e9382fef881c020ab184e6f7f5
  custom:scripting/monoscript/fileName/IncomingChangesNotifier.cs: 0bfcdd9eeb0b298616154e2db5e6905b -> 10fad815611441fb3a805150421ed991
  custom:container-demuxer-ogg: 62fdf1f143b41e24485cea50d1cbac27 -> 
  custom:scripting/monoscript/fileName/CheckinConflictsDialog.cs: d3af1d70d3f60a9847d2942647274222 -> e13fa04a97fb675842c94586fc602871
  custom:scripting/monoscript/fileName/AuthToken.cs: d22b2893825e943bc1389be142abd57e -> 0fba7e8eb1ec8b699f274cdc956451b2
  custom:scripting/monoscript/fileName/ProgressControlsForDialogs.cs: 6bf8e69ac7dc2163fe988e5d8181ce88 -> 7e6bd1727985204e3b64e1946e589b1c
  custom:scripting/monoscript/fileName/AssetStatusCache.cs: beede06d8a6d93e7907fd192ad653f2b -> 260d5f85663ac58b2a7e9553c453bc3e
  custom:scripting/monoscript/fileName/DrawIncomingChangesOverview.cs: 6d1aadb525661622ddc7d545c55841f2 -> 
  custom:scripting/monoscript/fileName/BuildFormattedHelp.cs: f675844664504d88a0d8165e2b08a2bf -> 
  custom:scripting/monoscript/fileName/OrganizationPanel.cs: d7ac1288bef1b15a05bb26d201a4d87f -> 57a57e6a345dbd536e91c348b70943a9
  custom:scripting/monoscript/fileName/MigrationProgressRender.cs: 94a7accb6b5be388f3abff6285d8f1af -> 
  custom:scripting/monoscript/fileName/ChangeCategoryTreeViewItem.cs: 0f882939555cf173ece99b60f8f54ade -> fd14db176fff061715c8ec88ced1902f
  custom:scripting/monoscript/fileName/CurrentUserAdminCheckResponse.cs: cec2f173fe8732108711c497674c6f66 -> d57c2dcace740834acd59fdfbc5023b8
  custom:scripting/monoscript/fileName/UIElementsExtensions.cs: a191d7293be4538b0adb29dfe5b06a46 -> 52e0d612ab032e4d22e9558b90396b99
  custom:scripting/monoscript/fileName/CreateBranchDialog.cs: c429477092287209232592c8cde1a615 -> 9eb29fda08033b4f847247136c412db6
  custom:scripting/monoscript/fileName/DrawCreateWorkspaceView.cs: 6422239d8f649480614f0dd4f018b7f2 -> c6039ac84d85ab3926aa94de163a9f7d
  custom:scripting/monoscript/fileName/ProjectPath.cs: 5634ebdbea8ca94089eb9622d1b60497 -> 2007f972d3a73eeb86dfe05e849c7f69
  custom:scripting/monoscript/fileName/SSOCredentialsDialog.cs: 8967ceae1bc195ea8dd32b23c42dd852 -> e140ede12a96f68f30062138385171c3
  custom:scripting/monoscript/fileName/DownloadPlasticExeDialog.cs: 2dd40c53d0303d041a27a44a95c331cb -> 093cfe0607c2346a88cdfdfe1435614f
  custom:video-codec-MediaFoundation-h265: 746d11721c4dcdbdad8f713fa42b33f4 -> 
  custom:scripting/monoscript/fileName/PendingChangesTab_Operations.cs: c99065f3c85ec85c85ece2a1a30665af -> 15ae6787065f4af65778e981f418a60b
  custom:scripting/monoscript/fileName/LocksListViewItem.cs: cc9cd24c5be4f7363367cba72f12aad4 -> f4a19fabbec093eb3d6a7e1cd4f42611
  custom:scripting/monoscript/fileName/PendingChangesViewPendingChangeMenu.cs: 561ad0f702e1db14300a4a5f810051f9 -> 9a6ef2277212bf26d647c7f12f946287
  custom:scripting/monoscript/fileName/SignInPanel.cs: f7e82045994d4eefe3b021faa87b55c6 -> bac0318ce35e37bed3a2cc8137452435
  custom:scripting/monoscript/fileName/DrawInspectorOperations.cs: 61c4a6a6507d8f84ef5bdf5cba3f0aee -> 8c94fe642e98309082411f46db89106b
  custom:scripting/monoscript/fileName/DrawDirectoryResolutionPanel.cs: a77980eb09765fe85cd85d4a47964cf2 -> e4e3c9b4bc511687802b504b71016540
  custom:scripting/monoscript/fileName/CloseWindowIfOpened.cs: d820344e932a12600b5fe6fb7e9f1563 -> ce229ef3b7461ff17e2c1af0695a6657
  custom:scripting/monoscript/fileName/SaveAssets.cs: 11deea70336cb98c5d0b6c869323e6ef -> 898e86402580d75dc56c5f25b325a28e
  custom:scripting/monoscript/fileName/RepositoriesListView.cs: 9f95c83dc460fb03fb0916472f14b8a7 -> 95287f65338ca0073ad04002a16eaaf7
  custom:scripting/monoscript/fileName/AssetOperations.cs: 638daf61300bf6ad727538516d4fa3e2 -> 
  custom:scripting/monoscript/fileName/HandleMenuItem.cs: 740e54c5f6dca1acc88cad87af74b744 -> b4ad1ecc5243212c5967125ad5e41b1f
  custom:scripting/monoscript/fileName/ScreenResolution.cs: 5c975132cf4e36dcc261bd0acd604271 -> 7bb7bb5b955671820101b322f0a7bf3d
  custom:scripting/monoscript/fileName/ApplicationDataPath.cs: 8e4094e28762fb76a1baecfe90c6b65e -> 3e8c4ea8debfda8013fed860ac233d22
  custom:video-decoder-ogg-theora: a1e56fd34408186e4bbccfd4996cb3dc -> 
  custom:scripting/monoscript/fileName/RepaintInspector.cs: 65202bdc05e3e19fadffb7fd99f30154 -> f134606300316994850c28a68d0cb5a3
  custom:scripting/monoscript/fileName/LockStatusCache.cs: 5e3725e03dc21c716034553589a67eae -> e99b3f34c5cd3eb73ec19439af1f7f80
  custom:scripting/monoscript/fileName/DiffTreeView.cs: 68195907d129ef826aa6b6df7202696d -> 49f46fd2a65ea674a218eead75f27aac
  custom:scripting/monoscript/fileName/DependenciesDialog.cs: 82d30fc8d5e1a73ec0d1ee9acc00fbc2 -> c8902186ab2f4e6471b5dd147afb01b6
  custom:scripting/monoscript/fileName/ChangesetListViewItem.cs: 95a197949f1e777703db60eea8cc21b3 -> d742a4910e302777daa1ccb9c8e92cb9
  custom:scripting/monoscript/fileName/LocksViewMenu.cs: fda08381fa9abca53b6eaf3bf55f14f8 -> 186d8514e824865b191ba1829afe4b33
  custom:scripting/monoscript/fileName/IncomingChangesViewMenu.cs: 832662bce0cd8edd53cba36a0dd96da0 -> 13196979a03411533716f6775c9a624b
  custom:scripting/monoscript/fileName/QueryVisualElementsExtensions.cs: 75ea535788abf9c38ba9341c984a6241 -> a49740b6efbb934f55475cc70b864a4c
  custom:scripting/monoscript/fileName/WriteLogConfiguration.cs: 1a8401f47b522f631a3dc005105719f5 -> 1589212d1638ae91a029ea3ddf9999f2
  custom:scripting/monoscript/fileName/DrawTextBlockWithEndLink.cs: d447e809d154b60a192c102b7b82eecf -> 1cc3e67c46bd397f9508f124a3366994
  custom:scripting/monoscript/fileName/FileSystemOperation.cs: c31a686e69e66801c204a11be56c950a -> f0ccbe91654279794a85bf6f1c034716
  custom:scripting/monoscript/fileName/MigrateCollabProject.cs: af93695e471d9c8e4ad014c4165f2c3c -> 9f3487f03a783b35518405572f20ac9e
  custom:framework-win-MediaFoundation: 216162199b28c13a410421893ffa2e32 -> 
  custom:scripting/monoscript/fileName/ProgressControlsForViews.cs: 7d677c6df38ab15cf390062b5b0bb854 -> a8a18a90f46aa63848e1e45d8d7ff9af
  custom:scripting/monoscript/fileName/DrawAssetOverlay.cs: 8ccd7cea9aa918859be0b55818cb990b -> 04a46044def089f0abcdafdd281e3646
  custom:scripting/monoscript/fileName/ProjectWindow.cs: 953e9bbd852a9f12f91349161baa793e -> c62567a3d71fd74636bc783de5162474
  custom:scripting/monoscript/fileName/MergeLinksListView.cs: 826afb5fb5988163105086b4bf5027af -> c9488671ae9b14523680d0c19097baa0
  custom:scripting/monoscript/fileName/EditorProgressBar.cs: 7418be9b22aaea32732f8a5f49569d1c -> 08c2f2b90ef64df631d46389f0e22c8e
  custom:scripting/monoscript/fileName/MeasureMaxWidth.cs: cd9322680ae61d38397008451b7ed0ed -> 1569e3f1dad91a9b01cba66ab6aa30b0
  custom:scripting/monoscript/fileName/ChangesetsListHeaderState.cs: 69fc4f1a2bc3782d7043ec48961a3616 -> fe1392f9b135da83e13fe8a5e5f39fc2
  custom:scripting/monoscript/fileName/PendingChangesTreeHeaderState.cs: 7d278b5569d28437d07554a3bbb56e1b -> 5d7f70d142c9ac67864ec14950523d62
  custom:scripting/monoscript/fileName/ChangelistMenu.cs: ca33bac56b3a337faa90a1b1bba632d6 -> c1bf5aeb760cc5eae584ea3944d6531b
  custom:scripting/monoscript/fileName/MissingEncryptionPasswordPromptHandler.cs: 7f5831fc8a41e9cadd84fcfd0e885072 -> 5d7b9646eb14a39b6d3d5bab19d266ff
  custom:scripting/monoscript/fileName/NotificationBar.cs: e0f12e3f3292fff5a590c00b59f3a17a -> 0daf459fa0c4269b16bcc20cd072c021
  custom:scripting/monoscript/fileName/UnityThreadWaiter.cs: dbd556f2802baab90a20da38c288d36c -> 99333406d92d10003984b4d1920de2f9
  custom:scripting/monoscript/fileName/CredentialsDialog.cs: 179b5e49656a1623c2e79d838f0f5876 -> c785d5e40f8d66b7ef7ba04ee7c324e0
  custom:scripting/monoscript/fileName/GetRestorePathDialog.cs: e21eb9983f0b989125951478cd5e9b35 -> 353d1126ca2d2063d5bdbd06806ffc08
  custom:scripting/monoscript/fileName/UpdateReportListHeaderState.cs: 64a5bf775d221ad9a5ff8c78a1e0e1fa -> d6cbe54be2898ed2c96c2e79572c2e08
  custom:scripting/monoscript/fileName/LocksListView.cs: 8c6202774eebcf67be9c3b5a2926cc7c -> 7aa51ff93bcc98aa05dec8b46ec200c4
  custom:scripting/monoscript/fileName/DownloadAndInstallOperation.cs: b043b8d5921892e87f4566e00162cff6 -> 4f4065aeafda2af0ec272a3c228e27b2
  custom:scripting/monoscript/fileName/MigrationDialog.cs: 1a69d399f9c8aa816a053d285dd8bc5d -> 
  custom:scripting/monoscript/fileName/DiffTreeViewMenu.cs: 3e62bfc69ca7486976988e151b88922e -> 8039fc4ecf68b3e966e1f4822789e7fa
  custom:scripting/monoscript/fileName/UnityStyles.cs: 1e97cd7e9a8ef8ab43da545c6691e95c -> b57f61a58df1c49a1c9d37daf76d42cb
  custom:scripting/monoscript/fileName/HistoryTab.cs: 4d086984813cd90d6be245dd8e03a2ba -> d57f000c65fde42a2228c7a105a836e5
  custom:scripting/monoscript/fileName/HistorySelection.cs: 7c3afcf345a55e8b77ea41ca0f570218 -> 3d07a3d1241e204b5420d71f1137eba4
  custom:scripting/monoscript/fileName/CreateWorkspace.cs: 7b3086384e5ddcd73cd5064a3ce31cd2 -> 5256205b5cf0570b6f698c7abe518f5a
  custom:scripting/monoscript/fileName/ShowWindow.cs: c731454122754eec192bc3c53fac3d95 -> a6bb1d20733c178256b38974418d7450
  custom:scripting/monoscript/fileName/LocksListHeaderState.cs: b80c5f044f18764adef2e9dbea5f0fb1 -> c7fe4d3b5f954615048f8e79925d29e3
  custom:scripting/monoscript/fileName/CreateRepositoryDialog.cs: 1e1c5399cf3d0b071c7982c565a710ce -> 5cec3e66b09e0dbe1f805953c5c64af9
  custom:scripting/monoscript/fileName/ProgressControlsForMigration.cs: dafc8442bdd0dcb5e871e398f32473ec -> 
  custom:scripting/monoscript/fileName/RenameBranchDialog.cs: 4e8cba56a673b7adf6b1f70db522f07c -> a4999d46054383b4cef03a3dac804cd0
  custom:scripting/monoscript/fileName/EncryptionConfigurationDialog.cs: 6423045767c07e6360ff314ec741c601 -> 19e9c54aff6ffc68d60fe11f80578947
  custom:scripting/monoscript/fileName/CheckinProgress.cs: 298ac58365579798eb3b4defc181ccaf -> 75b93dbc5ef307111f0647f735640420
  custom:scripting/monoscript/fileName/PendingChangesSelection.cs: 766664749a54eea9ecce5dff917430ef -> 1721ad72d074757364587c71b49d9382
  custom:scripting/monoscript/fileName/LoadAsset.cs: 9042eb334fc462cf466672445be1d4c2 -> 5e4e082aa5b21c13b80eb237fe94d00b
  custom:scripting/monoscript/fileName/Images.cs: 0b0c14141950fed99e3ef33199b3b4c9 -> fbdd1e600315d249327f3effde045c9d
  custom:scripting/monoscript/fileName/DrawLocksListViewItem.cs: ce3a3d64ec2d84c3556ffd4141efc4f7 -> 6201c4d50383e970d554210505562d37
  custom:scripting/monoscript/fileName/DrawProgressForOperations.cs: ea9179848be98ee7719316b39339ef29 -> b544f18e6532ba53bbd1b691fa5cd571
  custom:scripting/monoscript/fileName/ViewSwitcher.cs: af4cfa015a44a1390a6513bac2b176c3 -> 1700c042de8c16a5c0f6851d66df802a
  custom:scripting/monoscript/fileName/RepositoryListViewItem.cs: 2f16ba7694ec7934685021093e722c4e -> 3cabcd81911a2500dcd9e2b6ffae3f00
  custom:scripting/monoscript/fileName/InspectorAssetSelection.cs: 71ba78e42827a9b22a9a6016733d756f -> 4b3c1ae4c44d88205aef26229acfe022
  custom:scripting/monoscript/fileName/UVCPackageVersion.cs: 0f4077cb83cde000a967972e97c7cc8c -> c4d95cb84d9d8dff4727eba6b0a64378
  custom:scripting/monoscript/fileName/IncomingChangesTreeHeaderState.cs: 67923e7c73743bbc0577bc7d884f3ba2 -> 9fcb97ef2da44c66332f5c6800c2e6ed
  custom:scripting/monoscript/fileName/WorkspaceOperationsMonitor.cs: 3aaab60832000a68ac1ea7432c36aabe -> 9241430734576b6454278a078113af4a
  custom:CustomObjectIndexerAttribute: 9a22284fe3817be447336de3de66b15e -> 
  custom:scripting/monoscript/fileName/MacOSConfigWorkaround.cs: 8634a542fc5c45ea8cd9a8244bf2c871 -> 9fe61e763da506601651f6c451cecb0a
  custom:scripting/monoscript/fileName/IncomingChangesSelection.cs: 281fe0b171b5382d8cd906c4490e5804 -> d86f9f4463e6f9d99bb815e1f018ccf1
  custom:scripting/monoscript/fileName/PlasticProjectSettingsProvider.cs: 31d8ae24271dbfa9cba89dcd2b9f91a0 -> 50aa12401e4c353b2dea4777ec9b23ad
  custom:scripting/monoscript/fileName/AssetMenuItems.cs: 64aa50dcc3bfcf35201c6730dc62acc3 -> 9ce81cedb8e568c6b7b646aa6263645b
  custom:scripting/monoscript/fileName/ToolConstants.cs: a088b027c7b0922429c756f12b0507ea -> 3b0d2490617bc7f94a0bdab65a399e1d
  custom:scripting/monoscript/fileName/GetSelectedPaths.cs: 02423a81496d6c63598b5cdc203f4354 -> be35dd49dddd53fc840b9febf21b4d0d
  custom:scripting/monoscript/fileName/TokenExchangeResponse.cs: 0dd9138dbeab6f132711a5b608de5c13 -> f20183d4cf939766d3c1e15cc3bec2e3
  custom:scripting/monoscript/fileName/ChangesetsTab_Operations.cs: eca44847b108faefa69f8c525242c965 -> 3290c4c0cd248666e01a08ee6d621249
  custom:scripting/monoscript/fileName/OverlayRect.cs: 61f473b5a4768fa31a00fafe3b1b5b69 -> 59d6887e4803f8a44ffaa0409470e410
  custom:scripting/monoscript/fileName/ConfigurePartialWorkspace.cs: 309d4276b0164b05348aedbd51cc0b2f -> 10fcc6b6d43dd5ed36c43c6f7b5906c4
  custom:scripting/monoscript/fileName/ValidRepositoryName.cs: 43c262be3f66a970816e3d3a3ee8872a -> 56bcf92a3678f6ad6215cae2e4914cfd
  custom:container-demuxer-webm: 4f35f7cbe854078d1ac9338744f61a02 -> 
  custom:scripting/monoscript/fileName/GetPlasticShortcut.cs: 2a84c035152261f00e7e66eb44cd0ffa -> 5c2b7bf07ddd2284efc64b09ef0f1f72
  custom:scripting/monoscript/fileName/GuiEnabled.cs: 1b1658fd7715b5cc664c10a130c6b629 -> 7bb13fcc8d8cbd392e00f7232841f086
  custom:scripting/monoscript/fileName/BuildPathDictionary.cs: 943911b84162d26cea47f964f9a0a399 -> 9fabc7cc73fcfc50b8a3307c6aa6ec4d
  custom:scripting/monoscript/fileName/FindEditorWindow.cs: 2bb64182aef631315344623cf583c78a -> 8c3c78bb7e82ac5008f8a2b8a0d68cff
  custom:scripting/monoscript/fileName/DrawProgressForViews.cs: c153245b67af73b7ee03f693a1127796 -> 068a172cb549ad77d9873d721698bd0d
  custom:scripting/monoscript/fileName/UpdateReportDialog.cs: 706e7e86547c339cdb3a4462e3f7a54d -> 087837d8f73228f1a817d0de82c77260
  custom:scripting/monoscript/fileName/HistoryListView.cs: 527da2d093462f1c4a278d6957e7d5ac -> 7b2d1d2c12ab43d9d244e35197127919
  custom:scripting/monoscript/fileName/ChangeTreeViewItem.cs: e3d78a2bee9cc81382a4cb8578dc4fb0 -> b0a38ce0a620643c776a3db4fd91bc4c
  custom:scripting/monoscript/fileName/BringWindowToFront.cs: 88b20f2a2881db6a013f54923d68cdee -> a30c7c1ba746c6d277a5aedd3057d15e
  custom:scripting/monoscript/fileName/LaunchCheckinConflictsDialog.cs: 4417eba1591eccb2221bfdce0106c1e0 -> e2c1e3f8f4e14a62e4363fe6259adbc2
  custom:scripting/monoscript/fileName/ParseArguments.cs: 03c1a4d7e357164ca313a0019713c3db -> ae915d9f5fe287ced40627c9ca8bfafd
  custom:scripting/monoscript/fileName/ExternalLink.cs: 7eb9650651b43fb98c07816e49275ba9 -> a8ff952d8c27d10f226ab92b7aa83b69
  custom:scripting/monoscript/fileName/WaitingSignInPanel.cs: 247680fcfc6a176b9fa28a3df600a754 -> 7585e1c7111b6b900784e6d1c9454258
  custom:scripting/monoscript/fileName/TestingHelpData.cs: 0d1f98ae9b6fa0253523889fad413adb -> 
  custom:scripting/monoscript/fileName/OperationProgressData.cs: 0db72349eeecbe9449a517b1d79cc760 -> 15f68712baaea535af36d9e0333c0a6e
  custom:scripting/monoscript/fileName/RepositoriesListHeaderState.cs: c0353a1af15ae4fd3d5a2a3cac816423 -> fb71b961ab7c924511a6b0e8680b60ee
  custom:scripting/monoscript/fileName/ClientDiffTreeViewItem.cs: 56be9d3aa410e770e75de2d8b93be89d -> 43bdd7aa5bf1aa039a5b572c119c38d0
  custom:scripting/monoscript/fileName/CreateWorkspaceView.cs: 0f1446bdab952811ae2968789e1a2804 -> 04b4ce6556541af6541e1f1c2ea97052
  custom:scripting/monoscript/fileName/CommandLineArguments.cs: 0d20ca25f94249586a7c1484c469d8a2 -> 48a62ad3f817c0269ea7fc4a53799594
  custom:scripting/monoscript/fileName/DownloadRepository.cs: 46fc68d9cc4da8e8ed765ff28b2dd438 -> 5bad8d3f76a3fcb41a94637e37c11ab0
  custom:scripting/monoscript/fileName/ParentWindow.cs: 2476d8a6ba9c3055f984ac9792cae61a -> d6aa079e592e01701c5baa3ab98898bc
  custom:scripting/monoscript/fileName/OperationParams.cs: 091a140b35535b91c773ddf98925322d -> 3312c7a4424a66ffbf2f88f056f329aa
  custom:scripting/monoscript/fileName/SignInWithEmailPanel.cs: a5823728eb62cf6dbd8c933c1cb26f53 -> 6e8957c0ed7609303e68389067e72d72
  custom:scripting/monoscript/fileName/LaunchInstaller.cs: f9b7c99441bc32980ce9b95be066824b -> b75efdf5909b501e06cacd9c66f75981
  custom:scripting/monoscript/fileName/AvatarImages.cs: ea6dca998cf0ec5122553a9e010ef687 -> 3aa8c25a350843151ec4070c820c411a
  custom:scripting/monoscript/fileName/DrawHelpPanel.cs: 58c832ce9ea1a11e2724de5dd46ca0cb -> 
  custom:scripting/monoscript/fileName/DrawUserIcon.cs: 2f65feb9bed897237f97fbf9c5479092 -> 7d5385bf780ae84e648a8b49f8fe0825
  custom:scripting/monoscript/fileName/AssetStatus.cs: b9ea657347f2c22e8e401cdb256c516c -> e017010009bdb28bcb0d7d8ef05e7dd9
  custom:scripting/monoscript/fileName/BranchesListView.cs: 334a3fb302f855f71fb71520fb442a71 -> 3f5ed9fe5a1bca512014ae1600ee1666
  custom:scripting/monoscript/fileName/DrawGuiModeSwitcher.cs: 363adc150c5f1c5059a678f179906090 -> d3be34a3134d3fe80ef6b14d0d519128
  custom:scripting/monoscript/fileName/UnityMenuItem.cs: 5f445176ad3735e69769d93250663be7 -> 73f3c859f1b5092ad362c09e23b3a922
  custom:scripting/monoscript/fileName/WebRestApiClient.cs: c0bdde7ff9e25b1ad06e078e6d9b2fe0 -> 746756fd499dddd02a4e7ccdbac48be3
  custom:scripting/monoscript/fileName/IncomingChangesTreeView.cs: 78411a54601a32b278de0dd7d80f8670 -> 96479648d4498738733254eb4e4c6fb5
  custom:scripting/monoscript/fileName/GenericProgress.cs: 11287c7d038c487f32d0c8edc476a32d -> 8492ec26f01fc248d3eb3c2f5b3b6c0f
  custom:scripting/monoscript/fileName/MergeCategoryTreeViewItem.cs: c1ecd9dc0cd73eb7eb129994dedc1a91 -> 6bd59fcbfeafe06987a54631991d755b
  custom:scripting/monoscript/fileName/CheckinDialog.cs: 1709b78fae1329cc05fd4f39334b25f5 -> 702fdb8d0a3b4bfcb9ba109e71325cad
  custom:scripting/monoscript/fileName/ProcessCommand.cs: b8ac3f676ec101f7ebb0d2fff79235f1 -> 2cc3b6e2a763c7f353b474b6904b45a6
  custom:scripting/monoscript/fileName/SortOrderComparer.cs: 8f6297df34271fdb1ce2d9607ec6261d -> 90647cc400823b41df847a6cbfc29026
  custom:scripting/monoscript/fileName/GUIActionRunner.cs: 69af7de0762ed6d085feb4cc4b5101b3 -> 4a0608de635b0d82868d57923d68eff7
  custom:scripting/monoscript/fileName/PlasticMenuItem.cs: 07a9318d8d82a152df4ec33acd1befdd -> 30c3a785b4c2607e2ae9aad693d5f604
  custom:scripting/monoscript/fileName/PendingChangesTreeView.cs: f3722f38014385705913f17dbe0f90c1 -> 17142d220a0a50a3f3d184c4718a0da7
  custom:scripting/monoscript/fileName/VCSPlugin.cs: e4ec197b273413c2276be270d94be16d -> 69c1b7249af35f35848ae707bd5e7113
  custom:scripting/monoscript/fileName/GetClientDiffInfos.cs: 4ae14b15e2cf5177a84735548a44cdc9 -> f8db8e637ded2d5e935a953a13b85ebe
  custom:scripting/monoscript/fileName/DrawActionButtonWithMenu.cs: d7f31944358aed2f3ed3982246fca039 -> 8d4f5edd02a1dd0f38c4f2baf5ee8a33
  custom:scripting/monoscript/fileName/ErrorListViewItem.cs: 732dcd63546c04257b33a0917d21b2ae -> 8d377b020cd4efc9739abf6e8e730437
  custom:container-muxer-webm: aa71ff27fc2769a1b78a27578f13a17b -> 
  custom:scripting/monoscript/fileName/EditorProgressControls.cs: b1f133fa38afd918d537a72574fc93a0 -> 2e606eb01a6e6a567f3de9a0379ed3ae
  custom:scripting/monoscript/fileName/BranchesListHeaderState.cs: d47f1164fa7093137db851c4c16ffba3 -> 82eab21603f4efc696334ee80641c2c9
  custom:scripting/monoscript/fileName/DrawSearchField.cs: b11b864a92c7d76f85d4ec87d6faf61c -> 3de70beba9f4447205d50241d95b066a
  custom:scripting/monoscript/fileName/PendingChangesTab.cs: c99065f3c85ec85c85ece2a1a30665af -> 15ae6787065f4af65778e981f418a60b
  custom:scripting/monoscript/fileName/HelpPanel.cs: 625fbcc6029d5fe5cf4aa833f68adb0c -> 
  custom:scripting/monoscript/fileName/BuildGetEventExtraInfoFunction.cs: 1308a6936e8051866a117b3b7c2c7b77 -> 74bfc8c01f931108a3c2b127aa04cc8d
  custom:video-decoder-webm-vp8: 9c59270c3fd7afecdb556c50c9e8de78 -> 
  custom:scripting/monoscript/fileName/WelcomeView.cs: 727cdb3e104b6a2a1b2a292c292f355e -> b6f5ad03828f3d0b6465c52959e1ee5e
  custom:scripting/monoscript/fileName/HelpFormat.cs: 92b36f6584b3d7ccdc99b0ae4e152c53 -> 
  custom:scripting/monoscript/fileName/PlasticApp.cs: c440a0fb380601a77ad475d6c15d4fa1 -> c57de230d90beac7b586f10b9c7c6cb5
  custom:scripting/monoscript/fileName/ChangesetsTab.cs: ef408d8aaf89e01b17643ed0c836680d -> 46dde8f7856048792ad2e75490bb8c5e
  custom:scripting/monoscript/fileName/DrawProgressForMigration.cs: 0390721ecd322e9ab47db03bd0f98a12 -> 
  custom:scripting/monoscript/fileName/DeleteBranchDialog.cs: efbbc070bfeda2b746e8b15a4380cb26 -> 8549b0fc52962c89115fd78724fee578
  custom:scripting/monoscript/fileName/IncomingChangesNotification.cs: 5804eea08e59310a581998ae8010a5e1 -> f039cd7fb6b53e16030c9431c0e3a656
  custom:scripting/monoscript/fileName/DrawTreeViewEmptyState.cs: 6287514b9d86e73fc5c808e9a9847355 -> d4c16fd6aad8161eda7d99fd74cbb08e
  custom:scripting/monoscript/fileName/ErrorsListView.cs: 202ccd428b59063895c865fc91609494 -> 897fb5fb66de4298630458ed4a966790
  custom:scripting/monoscript/fileName/UnityPendingChangesTree.cs: fd6f0a038401268983bd9328d10dec93 -> f391d9a00dc9e202cee4d4ebcf6d21c0
  custom:scripting/monoscript/fileName/EmptyCheckinMessageDialog.cs: 12efddebfc1859d39c5d8d43b34ef051 -> e95636a2119dec4d0c1f323f7ba65603
  custom:scripting/monoscript/fileName/PlasticDialog.cs: b0aae1bf1889af041741f324070b7b84 -> 63a17a2b696bc2a13c9046aa16f8cea4
  custom:SearchIndexIgnoredProperties: e643bd26f0fe6173181afceb89e7c659 -> 
  custom:scripting/monoscript/fileName/AutoRefresh.cs: 9d30d5d3f0e8985355be1ab597da1dbb -> 0a8afde180a876655ad16caa14493409
  custom:scripting/monoscript/fileName/PlasticPluginIsEnabledPreference.cs: 56473af084ae343e005353d1ebe26bab -> 7953272c37f4a828a3d1096e7479f346
  custom:scripting/monoscript/fileName/HelpData.cs: 9293e68e835820b452391937547d1531 -> 
  custom:scripting/monoscript/fileName/GetRelativePath.cs: 9b16eb2de9e98b392077181cc34243c1 -> ab04ae5e0cafb93ebf5c96148bb52df0
  custom:scripting/monoscript/fileName/UnityEvents.cs: bbca41e222c933c10ac2fdcedacdc4c9 -> 93e3e01e1fc330c62462aa41b286117b
  custom:AudioImporter_EditorPlatform: d09bf68614088b80899f8185d706f6e7 -> 
  custom:scripting/monoscript/fileName/DockEditorWindow.cs: 581124d5e19667105f2446d6dfbf7982 -> a9e5e467234133af999283610b6e84e6
  custom:scripting/monoscript/fileName/BranchesSelection.cs: 7eb1fcb556f0fad697e4ec9d989be099 -> 33b36e7b03910960966036894ec90c7c
  custom:scripting/monoscript/fileName/SaveAction.cs: b68fbb4319dbb368959c40781b39fdf8 -> 27c387bb58f3a69b0c9ff60d2209e18f
  custom:scripting/monoscript/fileName/AutoConfig.cs: 6c4e7f9dc55323aa1299debfe9723aa6 -> bf4bbd2f2e752464ef51dbf102faed17
  custom:scripting/monoscript/fileName/DiffPanel.cs: 02288a38bd14cc2b52a25b302a6f154e -> 210366dab3631628227b9406f87a9b7f
  custom:scripting/monoscript/fileName/PlasticAssetsProcessor.cs: ffbead0ce8c78df1634f8fc06dec8ecf -> ff731c8aacf4a537dc74c7cf9eaeaed0
  custom:scripting/monoscript/fileName/DrawActionToolbar.cs: 52293cb82089e0370f52e257f41c0869 -> e05748a99799f26304c1bbafd90f703b
  custom:scripting/monoscript/fileName/TreeViewItemIds.cs: 8f6297df34271fdb1ce2d9607ec6261d -> 90647cc400823b41df847a6cbfc29026
  custom:scripting/monoscript/fileName/EditorVersion.cs: 70953c9eccf7726f70c672a9a51619e9 -> 698aba075b19a52a056d67a7b809d179
  custom:scripting/monoscript/fileName/TeamEditionConfigurationWindow.cs: d06f049421c16e5927ec29f770917e09 -> e53b1ca5561894aaeff930afb696d001
  custom:scripting/monoscript/fileName/ProgressOperationHandler.cs: 5fbb4e0f656dcfaa4498bd2e492e4710 -> ec62666c0ca1649dd33cc6bc6834c6f7
  custom:scripting/monoscript/fileName/UnityPlasticTimer.cs: 961fdb6492c99b4a3eadbed28e78c4b0 -> 6c887e722e951c2964523825cad70c4c
  custom:scripting/monoscript/fileName/TreeHeaderColumns.cs: 9fc4a0396a421346b8aa3b7788860851 -> 316e5ea62e66b20fd6e687a6b9e5958e
  custom:scripting/monoscript/fileName/AssetFilesFilterPatternsMenuBuilder.cs: 8fe5de6e5dc3d42fb7e95de2aaedbf5a -> 0d99e7514c6a33cda8314deed8f34bc5
  custom:scripting/monoscript/fileName/PlasticNotification.cs: 71978c581e1127248a19c9d9e66cd355 -> 3629fdff9f054b2013702f5b131b2c47
  custom:scripting/monoscript/fileName/ConfirmContinueWithPendingChangesDialog.cs: c0e147ff008a0b77c9337132a3ea70af -> 77462b1904ad8f6fee2f8da4523d59fe
  custom:scripting/monoscript/fileName/ChangelistTreeViewItem.cs: a4a6f6169cdb3afe249e104e2b7b1a2c -> 87f69636be8bd1a264ec4eac1bffa701
  custom:scripting/monoscript/fileName/CollabPlugin.cs: bda741ff77a19affbf276298e29313ec -> ca276d65e7cd77c5c99d9f119ffdb215
  custom:scripting/monoscript/fileName/TabButton.cs: 3efe8f66ffd840fd7aeb0585b183d2fa -> 757146b89ed597b1d75c77241e5d5f63
  custom:scripting/monoscript/fileName/LaunchTool.cs: 3ac53c8af1f56365aad9e1ae5366d98d -> 60773d78646dc188d4b2caca77f20b17
  custom:scripting/monoscript/fileName/RunModal.cs: 33b931100ee477e6812324eabaa2e837 -> c83ee2ef642c5d8b8dfd32f033bfc438
  custom:scripting/monoscript/fileName/BranchListViewItem.cs: 8fdaa5aa842f5a70237affa304b9d506 -> 55028f4aef24d6227589aaa95582b2ff
  custom:scripting/monoscript/fileName/GetAvatar.cs: 07c98163f75f0b7c672bd453fc82bf61 -> 04ffae2a9e5a4c32a119f93144f558d2
  custom:scripting/monoscript/fileName/FindTool.cs: fc3b0710b24078288fe829d0bb041dd0 -> 2f9d82566cfb01fb68fc30111fb47624
  custom:scripting/monoscript/fileName/ChannelCertificateUiImpl.cs: 75d7831ab5da75cc0082e28863abb142 -> cefccf1e13b7bcf15e3c9f2dd4cd2fc8
  custom:scripting/monoscript/fileName/ApplyCircleMask.cs: 02eb67e485278e7c9b719fee5ff90f4a -> b955b378d261fdcbd6272fe8711d1e4f
  custom:scripting/monoscript/fileName/AssetMenuOperations.cs: 4d198753827ac1463e02b10d5d04cc7c -> 0f0ce50426259919e339aa7586c1e4ac
  custom:scripting/monoscript/fileName/VisualElementExtensions.cs: cd98f4a51563fccdfc39eed097290325 -> 0aad2728225c469038631668406aebb3
  custom:scripting/monoscript/fileName/LocksSelector.cs: 70b046a562568fd78d093736e68a3a58 -> 7b0f4fc5552c1d92ba7f4648526ceb21
  custom:scripting/monoscript/fileName/ListViewItemIds.cs: 8f6297df34271fdb1ce2d9607ec6261d -> 90647cc400823b41df847a6cbfc29026
  custom:scripting/monoscript/fileName/CreateWorkspaceViewState.cs: 1deb37b3c17c224d9a7dca9c990ea191 -> 0fe23b7cca9336b31a27790c714de652
  custom:scripting/monoscript/fileName/MergeLinkListViewItem.cs: ebc1e6f9e3a3005d8f4c51a794adfdaa -> 3fa407d29597803190dd374d88ed170d
  custom:scripting/monoscript/fileName/DrawCommentTextArea.cs: ad5449f632fd412ac0f7ba0d171fd453 -> c58c26552f95f108a8d9610eaf001fbc
  custom:scripting/monoscript/fileName/ErrorsListHeaderState.cs: cb38081a34dcc37c968a3fae60743b76 -> ccfb08b895a719829a3302b7c4d26a5d
  custom:scripting/monoscript/fileName/RefreshAsset.cs: f56d23c5126a2dd3db6f272d3d3b71dd -> 21c806d59a337a83fcab56230df298f8
  custom:scripting/monoscript/fileName/BoolSetting.cs: 9c3f40d0ec58f1b80f82d15e4bda7107 -> 6866476ee3db529747ee7a560b4298d4
  custom:scripting/monoscript/fileName/CreateChangelistDialog.cs: 774371d4233cc1d394d98dc80507a1f8 -> 386b03e27c951c5f1d63daf7aae486ca
  custom:scripting/monoscript/fileName/HistoryListViewMenu.cs: 15a489e494f04a7ea37a587c7601070e -> 29770348599c8d5473b78d72e5741b40
  custom:scripting/monoscript/fileName/FilterRulesConfirmationDialog.cs: 5186d89f21d03764f0cca01c2a0122d7 -> 9c91c6c91f20e6d013a753f32343b327
  custom:scripting/monoscript/fileName/ChangesetsSelection.cs: d154d1782ed752b83834c54a0bde3df9 -> 8b9d539af9f7e269bac4e3d79e9ffab8
  custom:scripting/monoscript/fileName/AssetPostprocessor.cs: 28be74a844bbed0286c3c45dee7283e7 -> 96208057b904410715a8df295ba4f8f4
  custom:scripting/monoscript/fileName/IsResolved.cs: 12b1cb46be3341613a9d03a0fb32ccfc -> f54a3e2c5134aa4306f9ad150b1911a9
  custom:scripting/monoscript/fileName/LocalStatusCache.cs: a558fcf5f34357bab4cfc7b75e2bb356 -> 30974ea30517fbfd1b93153f6c849a76
  custom:scripting/monoscript/fileName/RepositoryExplorerDialog.cs: 143e7416b576681e1f2ea71288e530e6 -> eea34924da79ad7254f3e141a891c78d
  custom:scripting/monoscript/fileName/HelpLinkData.cs: 298f428470bd6f0a46823cad390bf0d6 -> 
  custom:scripting/monoscript/fileName/WorkspaceWindow.cs: ff52e13cd29dacd66db0169e14f71a23 -> b042f06133312d3bfed176231d97d77c
  custom:scripting/monoscript/fileName/PlasticShutdown.cs: 927cfd31d19eaaaa16d67e3e3b26fdb2 -> a8df8eeeed98372d06e446171a192a6d
  custom:scripting/monoscript/fileName/FilesFilterPatternsMenuBuilder.cs: 28072cd275c96994687e6d4d0d6e1dff -> cf716a8d336c8113475a9ca67a799ec1
  custom:scripting/monoscript/fileName/HistoryListViewItem.cs: 2d3b1fc954b6bdbae298ec250ade0663 -> 96f2b67ec620b83e35d13f11877e1ac1
  custom:scripting/monoscript/fileName/RemoteStatusCache.cs: 00463e6b90cfe7da080d7c266f783980 -> 402d5663f3675e9324c129274b0c00f2
  custom:scripting/monoscript/fileName/EditorWindowFocus.cs: 1012e4e2e29e9b29bdcc03d8b92762a8 -> f258b0cf85078a7435d001e522d5e8e3
  custom:scripting/monoscript/fileName/EnumExtensions.cs: 24df84756ec75feecd53a80a0991ea16 -> 872fcb89b813d64606e680211dede528
  custom:scripting/monoscript/fileName/NewIncomingChanges.cs: 4475d5d6d9583dbe65c4824e6a1fe6aa -> fc48261878ef7e4b956e7172f5803aee
  custom:video-encoder-webm-vp8: eb34c28f22e8b96e1ab97ce403110664 -> 
  custom:scripting/monoscript/fileName/UnityIncomingChangesTree.cs: a6749c8b534ffb85ccf809bc8e274114 -> 42967773c43d3de5d23be4ddc6dfd9c4
  custom:scripting/monoscript/fileName/UnityDiffTree.cs: 447fc3a8922f56330f4bae8c9dc9a8be -> 1029ffd567bc0e646e6b119719dcb2ff
  custom:scripting/monoscript/fileName/TreeHeaderSettings.cs: 114eb9e27124403e8e111494b8eaf987 -> 662b1714c0fce36da72bbfe60201987a
  custom:scripting/monoscript/fileName/UnityConstants.cs: 5ce06a0e2d108fc8a16a0af098aa895b -> 8f7afb61f2b433d3c701afb225319bcb
  custom:scripting/monoscript/fileName/IsExeAvailable.cs: 3e4283303610c884e542b8f6d3e922d4 -> 4a3dbc5ded94087064afd97407f26631
  custom:scripting/monoscript/fileName/AutoLogin.cs: d257b2b319167ee8af9b75266dabb58c -> cac363a2d5471994de278e71f937b032
  custom:audio-decoder-ogg-vorbis: bf7c407c2cedff20999df2af8eb42d56 -> 
  custom:scripting/monoscript/fileName/UpdateReportLineListViewItem.cs: a101f0ba5292fc139445870b3f4af838 -> 9f63395e1ea590dbbab4d59cd0032ac4
  custom:scripting/monoscript/fileName/DrawSplitter.cs: ec7e8739eacabcca3e2946d9833eea0f -> d2f114a8e8e4167f7762d835a83b2f55
  custom:scripting/monoscript/fileName/LaunchDependenciesDialog.cs: e1c527862a66e73f0417ae177d7fdfb5 -> 2cabf22eb95430074b6c730a84e03493
  custom:scripting/monoscript/fileName/CredentialsResponse.cs: 96b135ae1c4ea541dc762170ea524fa9 -> 3dd2507693e56dac75ee7783f598cbb9
  custom:scripting/monoscript/fileName/LaunchDiffOperations.cs: 831bbe9f0510da02e07943dba200580f -> 20e85a96a5926a180bb53a2abca68aa4
  custom:scripting/monoscript/fileName/PlasticSplitterGUILayout.cs: 4cfaefa1a850aceff54713912c4a2bda -> 111849f67dfbfea65ad2a9298ad1654d
  custom:scripting/monoscript/fileName/CheckinDialogOperations.cs: 0b2a2cd4c41cf1865a29cf91b2a96a48 -> d032d69e8060311c06b88286e8f22ddd
  custom:scripting/monoscript/fileName/PendingChangesViewMenu.cs: 68fab310addfd7068cfd7920070496ff -> 9b0019b6df6bb14eb3a2dbafa53fb54b
  custom:scripting/monoscript/fileName/AssetsSelection.cs: 35cec24e81f0cb1de51daeb356abc4ff -> 0227d7ff4d5687932d10967a945a9b06
  custom:scripting/monoscript/fileName/EnumPopupSetting.cs: 8f6297df34271fdb1ce2d9607ec6261d -> 90647cc400823b41df847a6cbfc29026
  custom:scripting/monoscript/fileName/PlasticConnectionMonitor.cs: 0a14faa9ef1a178a87cdca925b1963c3 -> 920e8e381bfc94da8bb69d336dda57ca
  custom:scripting/monoscript/fileName/HistoryListHeaderState.cs: 6226ef13a567fa81584864f8698be331 -> a87e0364d14866c369ad50d669bdfa85
  custom:scripting/monoscript/fileName/CloudEditionWelcomeWindow.cs: c886fdb39f4b8787e6ea3701a8f88f4a -> b1721e471183956468462f6b64901640
  custom:scripting/monoscript/fileName/AssetsPath.cs: 367269acf8f676d2cdd30fdc387b3920 -> e0e986124adc46d913f0683c34b88c9f
  custom:scripting/monoscript/fileName/MetaPath.cs: 1f80313a7ce6ec6ece505285578f5745 -> 417a84eb354831f828a6752b26c8592d
  custom:scripting/monoscript/fileName/CredentialsUIImpl.cs: 90e9c2de8d7bdd8424e0d89c415108ae -> dbacf67c37819fd95562fe169e706732
  custom:scripting/monoscript/fileName/ChangesetsViewMenu.cs: b720f0168f4ce1b1e0d358a6d5ec9a42 -> 7d1a2de81910b5990e71a0bfff26fdca
  custom:scripting/monoscript/fileName/UnityPlasticGuiMessage.cs: 2a7f71f59c0d7dc731fd345a3713957c -> 24eef0792e3802809607a7f9d04b8f1d
  custom:scripting/monoscript/fileName/OrganizationCredentials.cs: ee462057b3bd23cc3dab953ac4d656e2 -> 0b123406cadd651e9adc01c85fab5124
  custom:scripting/monoscript/fileName/StatusBar.cs: 4d7c95bdcb7dc38d15f73e75e08a1cfd -> 392933116703b8e69a96dc0b873bf6f1
  custom:scripting/monoscript/fileName/IsCurrent.cs: 16ae2475c9982c21b0dccb3cdf4b1a92 -> cf1fd01890d0fd9f011c1a1a491e2cf0
  custom:scripting/monoscript/fileName/ChangesetFromCollabCommitResponse.cs: b986ab8b1acd322b0367812e2d541734 -> ba336e4117e1b7ee28e4c17197bc3d0e
  custom:scripting/monoscript/fileName/MoveToChangelistMenuBuilder.cs: 3a2ef8cb0baf69e5dadeafc731fe32a9 -> a90b3e388d3e1316fa104d4c9a03e2d1
  custom:scripting/monoscript/fileName/LoadingSpinner.cs: 69a46a0158b3944983921513a6337a68 -> 1c13cf7a9498073806920e71757dfeda
  custom:scripting/monoscript/fileName/LocksTab.cs: 134c512484ae73354c15c06a6dc69f9f -> 00ffb5a39c16fdc2d733c7e53471a3a9
  custom:scripting/monoscript/fileName/BranchesTab.cs: 764cb17e9337c58ad4f5304b60b2042e -> 57c33f76c527a5aba4d269245ffff188
  custom:scripting/monoscript/fileName/HelpLink.cs: f129aa05dc3840d5bd4f2e0d111189db -> 
  custom:scripting/monoscript/fileName/ToolConfig.cs: 18b1ea271ce5e7b6deea7b4e8e175269 -> fcffc3165b047f54ed6ccafa4c8760dd
  custom:scripting/monoscript/fileName/DropDownTextField.cs: e66e7314096900597993d2b353757d8d -> c8fc484ce140049ff31ebc2c6cbebf28
  custom:scripting/monoscript/fileName/AssetsProcessor.cs: 47679a6e15b70f4fef48eb1b2df31b19 -> 18737889e95cd4088e8dfd4153fa8f40
  custom:scripting/monoscript/fileName/DrawActionButton.cs: d847a7d82ac92cab2b3d0ae268cefb3d -> 81e6708d2b8fa199354e53f85db731a8
  custom:scripting/monoscript/fileName/TableViewOperations.cs: ddc7b903e0dbd6bd109f2bd709b95f0e -> bef3a31deb1fe794a90f767d16e4c868
  custom:scripting/monoscript/fileName/UpdateProgress.cs: 5b04f01bf199310f09ab9522f89c78f4 -> 281e1e05168d6a30be1d8d2f6200bef8
  custom:scripting/monoscript/fileName/OrganizationsInformation.cs: b3f0758c6655b2dad1161792812992fa -> 5f067ea8d90fc79055a3dcfd58ae6dca
  custom:scripting/monoscript/fileName/SubscriptionDetailsResponse.cs: e10e0299ef716630c63b8cf5f792cda0 -> e5121cec860a6d1097cc809217b3d8fe
  custom:scripting/monoscript/fileName/DrawProgressForDialogs.cs: 5f8d39e3ea7c4a42148c6b1a7b4ca061 -> a5f2abd8875e7a6afbc171fabfbae81f
  custom:scripting/monoscript/fileName/ToolbarButton.cs: 0b8663f5acfbbe9acf3c68758e2857fb -> 47dc767626bbd94d66707af31ddc5eb6
  custom:scripting/monoscript/fileName/ProjectViewAssetSelection.cs: 349dc288d32791de51156d4e59000b7b -> 2560eadaf6a13a74a46a4a207cd5a8b6
  custom:scripting/monoscript/fileName/DrawTreeViewItem.cs: cceebc4f1185658619e40964f29acb08 -> 0921a62a588ab864253743d1f07afb5a
  custom:scripting/monoscript/fileName/DrawSceneOperations.cs: 2426c0c2ee58cd28be59874f6425940c -> d87f46f9fb97181a2f51490ea2e1efc3
  custom:audio-encoder-webm-vorbis: bf7c407c2cedff20999df2af8eb42d56 -> 
  custom:scripting/monoscript/fileName/DrawActionHelpBox.cs: dcd6ec2e7fb1b44f22c4a79ff87b70cd -> c8f6be9dab1e6f8d71e0c63c29679186
  custom:scripting/monoscript/fileName/PendingChangesMultiColumnHeader.cs: 21802cc6929e0e180fb4f0be8e34d9d0 -> 722de7d6e07a79981d750438e6febb8f
  custom:scripting/monoscript/fileName/EditorDispatcher.cs: c739e073a8c38dbcf59192f45d1004c5 -> 3c402eae57d73cc54863f3f6a13096ae
  custom:scripting/monoscript/fileName/IIncomingChangesTab.cs: 363f9daba453e316e730238a80857251 -> 40644cd18074db84684b9e437bf8fa77
  custom:scripting/monoscript/fileName/GetChangesOverlayIcon.cs: f00e4b795697c6cf3092760f3b6fc49d -> d599d6efdee28305661bc0cf6683858a
  custom:scripting/monoscript/fileName/ChangesetsListView.cs: caae0aefb36c869f50691482a5cd0944 -> 87b74e0d80cf59010f55e2baaeb6679d
  custom:scripting/monoscript/fileName/UpdateReportListView.cs: 2d8fccdaad50bbd7454b52cf9cb4a0f9 -> 08d26df1ab6c3a7628addc5e54e50b08
  custom:scripting/monoscript/fileName/UnityConfigurationChecker.cs: 59a8f0715a7c89a752351bf42f94abbd -> 874cd65cce0384fef4b60e71fb08a429
  custom:scripting/monoscript/fileName/CheckWorkspaceTreeNodeStatus.cs: 5e11ff64963669981115eb58dc2b6e8b -> 1e1255b803bf7cbc935bb804bf0dbe7b
  custom:scripting/monoscript/fileName/PlasticPlugin.cs: a57c142b98ca3d4daad221737fd72924 -> c64561980f26020cc3206ae8b1047268
  custom:scripting/monoscript/fileName/SwitchModeConfirmationDialog.cs: 4d9c02587760213784bfe53d012122b4 -> 30cd71d0b3ee4b2689cde689908d301e
  custom:scripting/monoscript/fileName/PlasticWindow.cs: 76740c086f0109337962354fe520adb2 -> fc467478941f610919bc69526ba2c215
  custom:scripting/monoscript/fileName/BranchesViewMenu.cs: 8089f11c30784e2e57775dd6cdbae898 -> 7bfc83e917c9b0b5aa423bb947ce2a38
  custom:scripting/monoscript/fileName/CooldownWindowDelayer.cs: 7816cfcad485500dbac9993c4502ea69 -> 4c95e39c8dd4cfa1bca106097fdb6524
  custom:scripting/monoscript/fileName/GetInstallerTmpFileName.cs: fa7bda723ac795b48e38504727f44981 -> d09e0b5c7a9af5874530e17ef23025f0
  custom:scripting/monoscript/fileName/AssetModificationProcessor.cs: 84d720d70e5c24b7d0630ef5cea215ce -> a602c9e59e7db185e3a0d68d986e6fef
  custom:scripting/monoscript/fileName/IsCollabProjectMigratedResponse.cs: 4c3294c6a51e6f42161d191230692016 -> af2b76c693935deee55cfcaed2aa7568
========================================================================
Received Import Request.
  Time since last request: 53.617976 seconds.
  path: Assets/Scripts
  artifactKey: Guid(2edd1f37001bbb5428e6e29e433d9167) Importer(815301076,1909f56bfc062723c751e8b465ee728b)
Start importing Assets/Scripts using Guid(2edd1f37001bbb5428e6e29e433d9167) Importer(815301076,1909f56bfc062723c751e8b465ee728b) [PhysX] Initialized MultithreadedTaskDispatcher with 20 workers.
 -> (artifact id: 'e9c052b224928cf85f64a05ac9395457') in 0.001674 seconds
Number of updated asset objects reloaded before import = 0
Number of asset objects unloaded after import = 0
========================================================================
Received Import Request.
  Time since last request: 29.514775 seconds.
  path: Assets/Scripts/GameManager.cs
  artifactKey: Guid(d434a56a61e5ac84f9a8a07fc4fc184f) Importer(815301076,1909f56bfc062723c751e8b465ee728b)
Start importing Assets/Scripts/GameManager.cs using Guid(d434a56a61e5ac84f9a8a07fc4fc184f) Importer(815301076,1909f56bfc062723c751e8b465ee728b) [PhysX] Initialized MultithreadedTaskDispatcher with 20 workers.
 -> (artifact id: 'ff70663b1208ba34fd42898814159eab') in 0.000525 seconds
Number of updated asset objects reloaded before import = 0
Number of asset objects unloaded after import = 0
========================================================================
Received Prepare
Caller must complete domain reload
Begin MonoManager ReloadAssembly
- Loaded All Assemblies, in  0.384 seconds
Native extension for WindowsStandalone target not found
Mono: successfully reloaded assembly
- Finished resetting the current domain, in  0.617 seconds
Domain Reload Profiling: 1000ms
	BeginReloadAssembly (99ms)
		ExecutionOrderSort (0ms)
		DisableScriptedObjects (3ms)
		BackupInstance (0ms)
		ReleaseScriptingObjects (0ms)
		CreateAndSetChildDomain (19ms)
	RebuildCommonClasses (20ms)
	RebuildNativeTypeToScriptingClass (7ms)
	initialDomainReloadingComplete (16ms)
	LoadAllAssembliesAndSetupDomain (242ms)
		LoadAssemblies (239ms)
		RebuildTransferFunctionScriptingTraits (0ms)
		AnalyzeDomain (57ms)
			TypeCache.Refresh (32ms)
				TypeCache.ScanAssembly (0ms)
			ScanForSourceGeneratedMonoScriptInfo (21ms)
			ResolveRequiredComponents (3ms)
	FinalizeReload (617ms)
		ReleaseScriptCaches (0ms)
		RebuildScriptCaches (0ms)
		SetupLoadedEditorAssemblies (334ms)
			LogAssemblyErrors (0ms)
			InitializePlatformSupportModulesInManaged (3ms)
			SetLoadedEditorAssemblies (4ms)
			RefreshPlugins (0ms)
			BeforeProcessingInitializeOnLoad (45ms)
			ProcessInitializeOnLoadAttributes (265ms)
			ProcessInitializeOnLoadMethodAttributes (15ms)
			AfterProcessingInitializeOnLoad (1ms)
			EditorAssembliesLoaded (0ms)
		ExecutionOrderSort2 (0ms)
		AwakeInstancesAfterBackupRestoration (5ms)
Refreshing native plugins compatible for Editor in 1.67 ms, found 3 plugins.
Preloading 0 native plugins for Editor in 0.00 ms.
Unloading 3092 Unused Serialized files (Serialized files now loaded: 0)
Unloading 13 unused Assets / (27.6 KB). Loaded Objects now: 3622.
Memory consumption went from 126.4 MB to 126.4 MB.
Total: 1.805000 ms (FindLiveObjects: 0.130300 ms CreateObjectMapping: 0.046400 ms MarkObjects: 1.604600 ms  DeleteObjects: 0.023100 ms)

Prepare: number of updated asset objects reloaded= 0
AssetImportParameters requested are different than current active one (requested -> active):
  custom:scripting/monoscript/fileName/IncomingChangesTab.cs: 6fa4849c09cf3ec125d3914af6074a21 -> 82bff1d960538992d4e618d909869d2e
  custom:scripting/monoscript/fileName/DiffSelection.cs: 34faf7c86f7e0c9a01162e930679d82f -> 1460aaba4240ef35322cb9c198487990
  custom:scripting/monoscript/fileName/CloudProjectId.cs: f33db9e9673144ad1e994ed4cff5ce2d -> 
  custom:scripting/monoscript/fileName/DateFilter.cs: 4084040ac52b6e24ba874651890c5c6e -> 85ed700e21fd471cc38c626cebe01d52
  custom:scripting/monoscript/fileName/PerformInitialCheckin.cs: be22d181e456c0a8a5713675f29ac72a -> 8ef9a9f407b8b94b2b5fad9d24e61f79
  custom:scripting/monoscript/fileName/ConflictResolutionState.cs: 51eaf597f9533c7ed197ad15e802d20f -> 74a230000ff2fd58c5a60ab4258207dc
  custom:scripting/monoscript/fileName/FindWorkspace.cs: 39bbd18bfe6bf4a99f5c185dcda4dd4a -> 6af6c9e9382fef881c020ab184e6f7f5
  custom:scripting/monoscript/fileName/IncomingChangesNotifier.cs: 0bfcdd9eeb0b298616154e2db5e6905b -> 10fad815611441fb3a805150421ed991
  custom:container-demuxer-ogg: 62fdf1f143b41e24485cea50d1cbac27 -> 
  custom:scripting/monoscript/fileName/CheckinConflictsDialog.cs: d3af1d70d3f60a9847d2942647274222 -> e13fa04a97fb675842c94586fc602871
  custom:scripting/monoscript/fileName/AuthToken.cs: d22b2893825e943bc1389be142abd57e -> 0fba7e8eb1ec8b699f274cdc956451b2
  custom:scripting/monoscript/fileName/ProgressControlsForDialogs.cs: 6bf8e69ac7dc2163fe988e5d8181ce88 -> 7e6bd1727985204e3b64e1946e589b1c
  custom:scripting/monoscript/fileName/AssetStatusCache.cs: beede06d8a6d93e7907fd192ad653f2b -> 260d5f85663ac58b2a7e9553c453bc3e
  custom:scripting/monoscript/fileName/DrawIncomingChangesOverview.cs: 6d1aadb525661622ddc7d545c55841f2 -> 
  custom:scripting/monoscript/fileName/BuildFormattedHelp.cs: f675844664504d88a0d8165e2b08a2bf -> 
  custom:scripting/monoscript/fileName/OrganizationPanel.cs: d7ac1288bef1b15a05bb26d201a4d87f -> 57a57e6a345dbd536e91c348b70943a9
  custom:scripting/monoscript/fileName/MigrationProgressRender.cs: 94a7accb6b5be388f3abff6285d8f1af -> 
  custom:scripting/monoscript/fileName/ChangeCategoryTreeViewItem.cs: 0f882939555cf173ece99b60f8f54ade -> fd14db176fff061715c8ec88ced1902f
  custom:scripting/monoscript/fileName/CurrentUserAdminCheckResponse.cs: cec2f173fe8732108711c497674c6f66 -> d57c2dcace740834acd59fdfbc5023b8
  custom:scripting/monoscript/fileName/UIElementsExtensions.cs: a191d7293be4538b0adb29dfe5b06a46 -> 52e0d612ab032e4d22e9558b90396b99
  custom:scripting/monoscript/fileName/CreateBranchDialog.cs: c429477092287209232592c8cde1a615 -> 9eb29fda08033b4f847247136c412db6
  custom:scripting/monoscript/fileName/GameManager.cs: 9933fbcc6190e2a9171c2ec8808a053e -> 
  custom:scripting/monoscript/fileName/DrawCreateWorkspaceView.cs: 6422239d8f649480614f0dd4f018b7f2 -> c6039ac84d85ab3926aa94de163a9f7d
  custom:scripting/monoscript/fileName/ProjectPath.cs: 5634ebdbea8ca94089eb9622d1b60497 -> 2007f972d3a73eeb86dfe05e849c7f69
  custom:scripting/monoscript/fileName/SSOCredentialsDialog.cs: 8967ceae1bc195ea8dd32b23c42dd852 -> e140ede12a96f68f30062138385171c3
  custom:scripting/monoscript/fileName/DownloadPlasticExeDialog.cs: 2dd40c53d0303d041a27a44a95c331cb -> 093cfe0607c2346a88cdfdfe1435614f
  custom:video-codec-MediaFoundation-h265: 746d11721c4dcdbdad8f713fa42b33f4 -> 
  custom:scripting/monoscript/fileName/PendingChangesTab_Operations.cs: c99065f3c85ec85c85ece2a1a30665af -> 15ae6787065f4af65778e981f418a60b
  custom:scripting/monoscript/fileName/LocksListViewItem.cs: cc9cd24c5be4f7363367cba72f12aad4 -> f4a19fabbec093eb3d6a7e1cd4f42611
  custom:scripting/monoscript/fileName/PendingChangesViewPendingChangeMenu.cs: 561ad0f702e1db14300a4a5f810051f9 -> 9a6ef2277212bf26d647c7f12f946287
  custom:scripting/monoscript/fileName/SignInPanel.cs: f7e82045994d4eefe3b021faa87b55c6 -> bac0318ce35e37bed3a2cc8137452435
  custom:scripting/monoscript/fileName/DrawInspectorOperations.cs: 61c4a6a6507d8f84ef5bdf5cba3f0aee -> 8c94fe642e98309082411f46db89106b
  custom:scripting/monoscript/fileName/DrawDirectoryResolutionPanel.cs: a77980eb09765fe85cd85d4a47964cf2 -> e4e3c9b4bc511687802b504b71016540
  custom:scripting/monoscript/fileName/CloseWindowIfOpened.cs: d820344e932a12600b5fe6fb7e9f1563 -> ce229ef3b7461ff17e2c1af0695a6657
  custom:scripting/monoscript/fileName/SaveAssets.cs: 11deea70336cb98c5d0b6c869323e6ef -> 898e86402580d75dc56c5f25b325a28e
  custom:scripting/monoscript/fileName/RepositoriesListView.cs: 9f95c83dc460fb03fb0916472f14b8a7 -> 95287f65338ca0073ad04002a16eaaf7
  custom:scripting/monoscript/fileName/AssetOperations.cs: 638daf61300bf6ad727538516d4fa3e2 -> 
  custom:scripting/monoscript/fileName/HandleMenuItem.cs: 740e54c5f6dca1acc88cad87af74b744 -> b4ad1ecc5243212c5967125ad5e41b1f
  custom:scripting/monoscript/fileName/ScreenResolution.cs: 5c975132cf4e36dcc261bd0acd604271 -> 7bb7bb5b955671820101b322f0a7bf3d
  custom:scripting/monoscript/fileName/ApplicationDataPath.cs: 8e4094e28762fb76a1baecfe90c6b65e -> 3e8c4ea8debfda8013fed860ac233d22
  custom:video-decoder-ogg-theora: a1e56fd34408186e4bbccfd4996cb3dc -> 
  custom:scripting/monoscript/fileName/RepaintInspector.cs: 65202bdc05e3e19fadffb7fd99f30154 -> f134606300316994850c28a68d0cb5a3
  custom:scripting/monoscript/fileName/LockStatusCache.cs: 5e3725e03dc21c716034553589a67eae -> e99b3f34c5cd3eb73ec19439af1f7f80
  custom:scripting/monoscript/fileName/DiffTreeView.cs: 68195907d129ef826aa6b6df7202696d -> 49f46fd2a65ea674a218eead75f27aac
  custom:scripting/monoscript/fileName/DependenciesDialog.cs: 82d30fc8d5e1a73ec0d1ee9acc00fbc2 -> c8902186ab2f4e6471b5dd147afb01b6
  custom:scripting/monoscript/fileName/ChangesetListViewItem.cs: 95a197949f1e777703db60eea8cc21b3 -> d742a4910e302777daa1ccb9c8e92cb9
  custom:scripting/monoscript/fileName/LocksViewMenu.cs: fda08381fa9abca53b6eaf3bf55f14f8 -> 186d8514e824865b191ba1829afe4b33
  custom:scripting/monoscript/fileName/IncomingChangesViewMenu.cs: 832662bce0cd8edd53cba36a0dd96da0 -> 13196979a03411533716f6775c9a624b
  custom:scripting/monoscript/fileName/QueryVisualElementsExtensions.cs: 75ea535788abf9c38ba9341c984a6241 -> a49740b6efbb934f55475cc70b864a4c
  custom:scripting/monoscript/fileName/WriteLogConfiguration.cs: 1a8401f47b522f631a3dc005105719f5 -> 1589212d1638ae91a029ea3ddf9999f2
  custom:scripting/monoscript/fileName/DrawTextBlockWithEndLink.cs: d447e809d154b60a192c102b7b82eecf -> 1cc3e67c46bd397f9508f124a3366994
  custom:scripting/monoscript/fileName/FileSystemOperation.cs: c31a686e69e66801c204a11be56c950a -> f0ccbe91654279794a85bf6f1c034716
  custom:scripting/monoscript/fileName/MigrateCollabProject.cs: af93695e471d9c8e4ad014c4165f2c3c -> 9f3487f03a783b35518405572f20ac9e
  custom:framework-win-MediaFoundation: 216162199b28c13a410421893ffa2e32 -> 
  custom:scripting/monoscript/fileName/ProgressControlsForViews.cs: 7d677c6df38ab15cf390062b5b0bb854 -> a8a18a90f46aa63848e1e45d8d7ff9af
  custom:scripting/monoscript/fileName/DrawAssetOverlay.cs: 8ccd7cea9aa918859be0b55818cb990b -> 04a46044def089f0abcdafdd281e3646
  custom:scripting/monoscript/fileName/ProjectWindow.cs: 953e9bbd852a9f12f91349161baa793e -> c62567a3d71fd74636bc783de5162474
  custom:scripting/monoscript/fileName/MergeLinksListView.cs: 826afb5fb5988163105086b4bf5027af -> c9488671ae9b14523680d0c19097baa0
  custom:scripting/monoscript/fileName/EditorProgressBar.cs: 7418be9b22aaea32732f8a5f49569d1c -> 08c2f2b90ef64df631d46389f0e22c8e
  custom:scripting/monoscript/fileName/MeasureMaxWidth.cs: cd9322680ae61d38397008451b7ed0ed -> 1569e3f1dad91a9b01cba66ab6aa30b0
  custom:scripting/monoscript/fileName/ChangesetsListHeaderState.cs: 69fc4f1a2bc3782d7043ec48961a3616 -> fe1392f9b135da83e13fe8a5e5f39fc2
  custom:scripting/monoscript/fileName/PendingChangesTreeHeaderState.cs: 7d278b5569d28437d07554a3bbb56e1b -> 5d7f70d142c9ac67864ec14950523d62
  custom:scripting/monoscript/fileName/ChangelistMenu.cs: ca33bac56b3a337faa90a1b1bba632d6 -> c1bf5aeb760cc5eae584ea3944d6531b
  custom:scripting/monoscript/fileName/MissingEncryptionPasswordPromptHandler.cs: 7f5831fc8a41e9cadd84fcfd0e885072 -> 5d7b9646eb14a39b6d3d5bab19d266ff
  custom:scripting/monoscript/fileName/NotificationBar.cs: e0f12e3f3292fff5a590c00b59f3a17a -> 0daf459fa0c4269b16bcc20cd072c021
  custom:scripting/monoscript/fileName/UnityThreadWaiter.cs: dbd556f2802baab90a20da38c288d36c -> 99333406d92d10003984b4d1920de2f9
  custom:scripting/monoscript/fileName/CredentialsDialog.cs: 179b5e49656a1623c2e79d838f0f5876 -> c785d5e40f8d66b7ef7ba04ee7c324e0
  custom:scripting/monoscript/fileName/GetRestorePathDialog.cs: e21eb9983f0b989125951478cd5e9b35 -> 353d1126ca2d2063d5bdbd06806ffc08
  custom:scripting/monoscript/fileName/UpdateReportListHeaderState.cs: 64a5bf775d221ad9a5ff8c78a1e0e1fa -> d6cbe54be2898ed2c96c2e79572c2e08
  custom:scripting/monoscript/fileName/LocksListView.cs: 8c6202774eebcf67be9c3b5a2926cc7c -> 7aa51ff93bcc98aa05dec8b46ec200c4
  custom:scripting/monoscript/fileName/DownloadAndInstallOperation.cs: b043b8d5921892e87f4566e00162cff6 -> 4f4065aeafda2af0ec272a3c228e27b2
  custom:scripting/monoscript/fileName/MigrationDialog.cs: 1a69d399f9c8aa816a053d285dd8bc5d -> 
  custom:scripting/monoscript/fileName/DiffTreeViewMenu.cs: 3e62bfc69ca7486976988e151b88922e -> 8039fc4ecf68b3e966e1f4822789e7fa
  custom:scripting/monoscript/fileName/UnityStyles.cs: 1e97cd7e9a8ef8ab43da545c6691e95c -> b57f61a58df1c49a1c9d37daf76d42cb
  custom:scripting/monoscript/fileName/HistoryTab.cs: 4d086984813cd90d6be245dd8e03a2ba -> d57f000c65fde42a2228c7a105a836e5
  custom:scripting/monoscript/fileName/HistorySelection.cs: 7c3afcf345a55e8b77ea41ca0f570218 -> 3d07a3d1241e204b5420d71f1137eba4
  custom:scripting/monoscript/fileName/CreateWorkspace.cs: 7b3086384e5ddcd73cd5064a3ce31cd2 -> 5256205b5cf0570b6f698c7abe518f5a
  custom:scripting/monoscript/fileName/ShowWindow.cs: c731454122754eec192bc3c53fac3d95 -> a6bb1d20733c178256b38974418d7450
  custom:scripting/monoscript/fileName/LocksListHeaderState.cs: b80c5f044f18764adef2e9dbea5f0fb1 -> c7fe4d3b5f954615048f8e79925d29e3
  custom:scripting/monoscript/fileName/CreateRepositoryDialog.cs: 1e1c5399cf3d0b071c7982c565a710ce -> 5cec3e66b09e0dbe1f805953c5c64af9
  custom:scripting/monoscript/fileName/ProgressControlsForMigration.cs: dafc8442bdd0dcb5e871e398f32473ec -> 
  custom:scripting/monoscript/fileName/RenameBranchDialog.cs: 4e8cba56a673b7adf6b1f70db522f07c -> a4999d46054383b4cef03a3dac804cd0
  custom:scripting/monoscript/fileName/EncryptionConfigurationDialog.cs: 6423045767c07e6360ff314ec741c601 -> 19e9c54aff6ffc68d60fe11f80578947
  custom:scripting/monoscript/fileName/CheckinProgress.cs: 298ac58365579798eb3b4defc181ccaf -> 75b93dbc5ef307111f0647f735640420
  custom:scripting/monoscript/fileName/PendingChangesSelection.cs: 766664749a54eea9ecce5dff917430ef -> 1721ad72d074757364587c71b49d9382
  custom:scripting/monoscript/fileName/LoadAsset.cs: 9042eb334fc462cf466672445be1d4c2 -> 5e4e082aa5b21c13b80eb237fe94d00b
  custom:scripting/monoscript/fileName/Images.cs: 0b0c14141950fed99e3ef33199b3b4c9 -> fbdd1e600315d249327f3effde045c9d
  custom:scripting/monoscript/fileName/DrawLocksListViewItem.cs: ce3a3d64ec2d84c3556ffd4141efc4f7 -> 6201c4d50383e970d554210505562d37
  custom:scripting/monoscript/fileName/DrawProgressForOperations.cs: ea9179848be98ee7719316b39339ef29 -> b544f18e6532ba53bbd1b691fa5cd571
  custom:scripting/monoscript/fileName/ViewSwitcher.cs: af4cfa015a44a1390a6513bac2b176c3 -> 1700c042de8c16a5c0f6851d66df802a
  custom:scripting/monoscript/fileName/RepositoryListViewItem.cs: 2f16ba7694ec7934685021093e722c4e -> 3cabcd81911a2500dcd9e2b6ffae3f00
  custom:scripting/monoscript/fileName/InspectorAssetSelection.cs: 71ba78e42827a9b22a9a6016733d756f -> 4b3c1ae4c44d88205aef26229acfe022
  custom:scripting/monoscript/fileName/UVCPackageVersion.cs: 0f4077cb83cde000a967972e97c7cc8c -> c4d95cb84d9d8dff4727eba6b0a64378
  custom:scripting/monoscript/fileName/IncomingChangesTreeHeaderState.cs: 67923e7c73743bbc0577bc7d884f3ba2 -> 9fcb97ef2da44c66332f5c6800c2e6ed
  custom:scripting/monoscript/fileName/WorkspaceOperationsMonitor.cs: 3aaab60832000a68ac1ea7432c36aabe -> 9241430734576b6454278a078113af4a
  custom:CustomObjectIndexerAttribute: 9a22284fe3817be447336de3de66b15e -> 
  custom:scripting/monoscript/fileName/MacOSConfigWorkaround.cs: 8634a542fc5c45ea8cd9a8244bf2c871 -> 9fe61e763da506601651f6c451cecb0a
  custom:scripting/monoscript/fileName/IncomingChangesSelection.cs: 281fe0b171b5382d8cd906c4490e5804 -> d86f9f4463e6f9d99bb815e1f018ccf1
  custom:scripting/monoscript/fileName/PlasticProjectSettingsProvider.cs: 31d8ae24271dbfa9cba89dcd2b9f91a0 -> 50aa12401e4c353b2dea4777ec9b23ad
  custom:scripting/monoscript/fileName/AssetMenuItems.cs: 64aa50dcc3bfcf35201c6730dc62acc3 -> 9ce81cedb8e568c6b7b646aa6263645b
  custom:scripting/monoscript/fileName/ToolConstants.cs: a088b027c7b0922429c756f12b0507ea -> 3b0d2490617bc7f94a0bdab65a399e1d
  custom:scripting/monoscript/fileName/GetSelectedPaths.cs: 02423a81496d6c63598b5cdc203f4354 -> be35dd49dddd53fc840b9febf21b4d0d
  custom:scripting/monoscript/fileName/TokenExchangeResponse.cs: 0dd9138dbeab6f132711a5b608de5c13 -> f20183d4cf939766d3c1e15cc3bec2e3
  custom:scripting/monoscript/fileName/ChangesetsTab_Operations.cs: eca44847b108faefa69f8c525242c965 -> 3290c4c0cd248666e01a08ee6d621249
  custom:scripting/monoscript/fileName/OverlayRect.cs: 61f473b5a4768fa31a00fafe3b1b5b69 -> 59d6887e4803f8a44ffaa0409470e410
  custom:scripting/monoscript/fileName/ConfigurePartialWorkspace.cs: 309d4276b0164b05348aedbd51cc0b2f -> 10fcc6b6d43dd5ed36c43c6f7b5906c4
  custom:scripting/monoscript/fileName/ValidRepositoryName.cs: 43c262be3f66a970816e3d3a3ee8872a -> 56bcf92a3678f6ad6215cae2e4914cfd
  custom:container-demuxer-webm: 4f35f7cbe854078d1ac9338744f61a02 -> 
  custom:scripting/monoscript/fileName/GetPlasticShortcut.cs: 2a84c035152261f00e7e66eb44cd0ffa -> 5c2b7bf07ddd2284efc64b09ef0f1f72
  custom:scripting/monoscript/fileName/GuiEnabled.cs: 1b1658fd7715b5cc664c10a130c6b629 -> 7bb13fcc8d8cbd392e00f7232841f086
  custom:scripting/monoscript/fileName/BuildPathDictionary.cs: 943911b84162d26cea47f964f9a0a399 -> 9fabc7cc73fcfc50b8a3307c6aa6ec4d
  custom:scripting/monoscript/fileName/FindEditorWindow.cs: 2bb64182aef631315344623cf583c78a -> 8c3c78bb7e82ac5008f8a2b8a0d68cff
  custom:scripting/monoscript/fileName/DrawProgressForViews.cs: c153245b67af73b7ee03f693a1127796 -> 068a172cb549ad77d9873d721698bd0d
  custom:scripting/monoscript/fileName/UpdateReportDialog.cs: 706e7e86547c339cdb3a4462e3f7a54d -> 087837d8f73228f1a817d0de82c77260
  custom:scripting/monoscript/fileName/HistoryListView.cs: 527da2d093462f1c4a278d6957e7d5ac -> 7b2d1d2c12ab43d9d244e35197127919
  custom:scripting/monoscript/fileName/ChangeTreeViewItem.cs: e3d78a2bee9cc81382a4cb8578dc4fb0 -> b0a38ce0a620643c776a3db4fd91bc4c
  custom:scripting/monoscript/fileName/BringWindowToFront.cs: 88b20f2a2881db6a013f54923d68cdee -> a30c7c1ba746c6d277a5aedd3057d15e
  custom:scripting/monoscript/fileName/LaunchCheckinConflictsDialog.cs: 4417eba1591eccb2221bfdce0106c1e0 -> e2c1e3f8f4e14a62e4363fe6259adbc2
  custom:scripting/monoscript/fileName/ParseArguments.cs: 03c1a4d7e357164ca313a0019713c3db -> ae915d9f5fe287ced40627c9ca8bfafd
  custom:scripting/monoscript/fileName/ExternalLink.cs: 7eb9650651b43fb98c07816e49275ba9 -> a8ff952d8c27d10f226ab92b7aa83b69
  custom:scripting/monoscript/fileName/WaitingSignInPanel.cs: 247680fcfc6a176b9fa28a3df600a754 -> 7585e1c7111b6b900784e6d1c9454258
  custom:scripting/monoscript/fileName/TestingHelpData.cs: 0d1f98ae9b6fa0253523889fad413adb -> 
  custom:scripting/monoscript/fileName/OperationProgressData.cs: 0db72349eeecbe9449a517b1d79cc760 -> 15f68712baaea535af36d9e0333c0a6e
  custom:scripting/monoscript/fileName/RepositoriesListHeaderState.cs: c0353a1af15ae4fd3d5a2a3cac816423 -> fb71b961ab7c924511a6b0e8680b60ee
  custom:scripting/monoscript/fileName/ClientDiffTreeViewItem.cs: 56be9d3aa410e770e75de2d8b93be89d -> 43bdd7aa5bf1aa039a5b572c119c38d0
  custom:scripting/monoscript/fileName/CreateWorkspaceView.cs: 0f1446bdab952811ae2968789e1a2804 -> 04b4ce6556541af6541e1f1c2ea97052
  custom:scripting/monoscript/fileName/CommandLineArguments.cs: 0d20ca25f94249586a7c1484c469d8a2 -> 48a62ad3f817c0269ea7fc4a53799594
  custom:scripting/monoscript/fileName/DownloadRepository.cs: 46fc68d9cc4da8e8ed765ff28b2dd438 -> 5bad8d3f76a3fcb41a94637e37c11ab0
  custom:scripting/monoscript/fileName/ParentWindow.cs: 2476d8a6ba9c3055f984ac9792cae61a -> d6aa079e592e01701c5baa3ab98898bc
  custom:scripting/monoscript/fileName/OperationParams.cs: 091a140b35535b91c773ddf98925322d -> 3312c7a4424a66ffbf2f88f056f329aa
  custom:scripting/monoscript/fileName/SignInWithEmailPanel.cs: a5823728eb62cf6dbd8c933c1cb26f53 -> 6e8957c0ed7609303e68389067e72d72
  custom:scripting/monoscript/fileName/LaunchInstaller.cs: f9b7c99441bc32980ce9b95be066824b -> b75efdf5909b501e06cacd9c66f75981
  custom:scripting/monoscript/fileName/AvatarImages.cs: ea6dca998cf0ec5122553a9e010ef687 -> 3aa8c25a350843151ec4070c820c411a
  custom:scripting/monoscript/fileName/DrawHelpPanel.cs: 58c832ce9ea1a11e2724de5dd46ca0cb -> 
  custom:scripting/monoscript/fileName/DrawUserIcon.cs: 2f65feb9bed897237f97fbf9c5479092 -> 7d5385bf780ae84e648a8b49f8fe0825
  custom:scripting/monoscript/fileName/AssetStatus.cs: b9ea657347f2c22e8e401cdb256c516c -> e017010009bdb28bcb0d7d8ef05e7dd9
  custom:scripting/monoscript/fileName/BranchesListView.cs: 334a3fb302f855f71fb71520fb442a71 -> 3f5ed9fe5a1bca512014ae1600ee1666
  custom:scripting/monoscript/fileName/DrawGuiModeSwitcher.cs: 363adc150c5f1c5059a678f179906090 -> d3be34a3134d3fe80ef6b14d0d519128
  custom:scripting/monoscript/fileName/UnityMenuItem.cs: 5f445176ad3735e69769d93250663be7 -> 73f3c859f1b5092ad362c09e23b3a922
  custom:scripting/monoscript/fileName/WebRestApiClient.cs: c0bdde7ff9e25b1ad06e078e6d9b2fe0 -> 746756fd499dddd02a4e7ccdbac48be3
  custom:scripting/monoscript/fileName/IncomingChangesTreeView.cs: 78411a54601a32b278de0dd7d80f8670 -> 96479648d4498738733254eb4e4c6fb5
  custom:scripting/monoscript/fileName/GenericProgress.cs: 11287c7d038c487f32d0c8edc476a32d -> 8492ec26f01fc248d3eb3c2f5b3b6c0f
  custom:scripting/monoscript/fileName/MergeCategoryTreeViewItem.cs: c1ecd9dc0cd73eb7eb129994dedc1a91 -> 6bd59fcbfeafe06987a54631991d755b
  custom:scripting/monoscript/fileName/CheckinDialog.cs: 1709b78fae1329cc05fd4f39334b25f5 -> 702fdb8d0a3b4bfcb9ba109e71325cad
  custom:scripting/monoscript/fileName/ProcessCommand.cs: b8ac3f676ec101f7ebb0d2fff79235f1 -> 2cc3b6e2a763c7f353b474b6904b45a6
  custom:scripting/monoscript/fileName/SortOrderComparer.cs: 8f6297df34271fdb1ce2d9607ec6261d -> 90647cc400823b41df847a6cbfc29026
  custom:scripting/monoscript/fileName/GUIActionRunner.cs: 69af7de0762ed6d085feb4cc4b5101b3 -> 4a0608de635b0d82868d57923d68eff7
  custom:scripting/monoscript/fileName/PlasticMenuItem.cs: 07a9318d8d82a152df4ec33acd1befdd -> 30c3a785b4c2607e2ae9aad693d5f604
  custom:scripting/monoscript/fileName/PendingChangesTreeView.cs: f3722f38014385705913f17dbe0f90c1 -> 17142d220a0a50a3f3d184c4718a0da7
  custom:scripting/monoscript/fileName/VCSPlugin.cs: e4ec197b273413c2276be270d94be16d -> 69c1b7249af35f35848ae707bd5e7113
  custom:scripting/monoscript/fileName/GetClientDiffInfos.cs: 4ae14b15e2cf5177a84735548a44cdc9 -> f8db8e637ded2d5e935a953a13b85ebe
  custom:scripting/monoscript/fileName/DrawActionButtonWithMenu.cs: d7f31944358aed2f3ed3982246fca039 -> 8d4f5edd02a1dd0f38c4f2baf5ee8a33
  custom:scripting/monoscript/fileName/ErrorListViewItem.cs: 732dcd63546c04257b33a0917d21b2ae -> 8d377b020cd4efc9739abf6e8e730437
  custom:container-muxer-webm: aa71ff27fc2769a1b78a27578f13a17b -> 
  custom:scripting/monoscript/fileName/EditorProgressControls.cs: b1f133fa38afd918d537a72574fc93a0 -> 2e606eb01a6e6a567f3de9a0379ed3ae
  custom:scripting/monoscript/fileName/BranchesListHeaderState.cs: d47f1164fa7093137db851c4c16ffba3 -> 82eab21603f4efc696334ee80641c2c9
  custom:scripting/monoscript/fileName/DrawSearchField.cs: b11b864a92c7d76f85d4ec87d6faf61c -> 3de70beba9f4447205d50241d95b066a
  custom:scripting/monoscript/fileName/PendingChangesTab.cs: c99065f3c85ec85c85ece2a1a30665af -> 15ae6787065f4af65778e981f418a60b
  custom:scripting/monoscript/fileName/HelpPanel.cs: 625fbcc6029d5fe5cf4aa833f68adb0c -> 
  custom:scripting/monoscript/fileName/BuildGetEventExtraInfoFunction.cs: 1308a6936e8051866a117b3b7c2c7b77 -> 74bfc8c01f931108a3c2b127aa04cc8d
  custom:video-decoder-webm-vp8: 9c59270c3fd7afecdb556c50c9e8de78 -> 
  custom:scripting/monoscript/fileName/WelcomeView.cs: 727cdb3e104b6a2a1b2a292c292f355e -> b6f5ad03828f3d0b6465c52959e1ee5e
  custom:scripting/monoscript/fileName/HelpFormat.cs: 92b36f6584b3d7ccdc99b0ae4e152c53 -> 
  custom:scripting/monoscript/fileName/PlasticApp.cs: c440a0fb380601a77ad475d6c15d4fa1 -> c57de230d90beac7b586f10b9c7c6cb5
  custom:scripting/monoscript/fileName/ChangesetsTab.cs: ef408d8aaf89e01b17643ed0c836680d -> 46dde8f7856048792ad2e75490bb8c5e
  custom:scripting/monoscript/fileName/DrawProgressForMigration.cs: 0390721ecd322e9ab47db03bd0f98a12 -> 
  custom:scripting/monoscript/fileName/DeleteBranchDialog.cs: efbbc070bfeda2b746e8b15a4380cb26 -> 8549b0fc52962c89115fd78724fee578
  custom:scripting/monoscript/fileName/IncomingChangesNotification.cs: 5804eea08e59310a581998ae8010a5e1 -> f039cd7fb6b53e16030c9431c0e3a656
  custom:scripting/monoscript/fileName/DrawTreeViewEmptyState.cs: 6287514b9d86e73fc5c808e9a9847355 -> d4c16fd6aad8161eda7d99fd74cbb08e
  custom:scripting/monoscript/fileName/ErrorsListView.cs: 202ccd428b59063895c865fc91609494 -> 897fb5fb66de4298630458ed4a966790
  custom:scripting/monoscript/fileName/UnityPendingChangesTree.cs: fd6f0a038401268983bd9328d10dec93 -> f391d9a00dc9e202cee4d4ebcf6d21c0
  custom:scripting/monoscript/fileName/EmptyCheckinMessageDialog.cs: 12efddebfc1859d39c5d8d43b34ef051 -> e95636a2119dec4d0c1f323f7ba65603
  custom:scripting/monoscript/fileName/PlasticDialog.cs: b0aae1bf1889af041741f324070b7b84 -> 63a17a2b696bc2a13c9046aa16f8cea4
  custom:SearchIndexIgnoredProperties: e643bd26f0fe6173181afceb89e7c659 -> 
  custom:scripting/monoscript/fileName/AutoRefresh.cs: 9d30d5d3f0e8985355be1ab597da1dbb -> 0a8afde180a876655ad16caa14493409
  custom:scripting/monoscript/fileName/PlasticPluginIsEnabledPreference.cs: 56473af084ae343e005353d1ebe26bab -> 7953272c37f4a828a3d1096e7479f346
  custom:scripting/monoscript/fileName/HelpData.cs: 9293e68e835820b452391937547d1531 -> 
  custom:scripting/monoscript/fileName/GetRelativePath.cs: 9b16eb2de9e98b392077181cc34243c1 -> ab04ae5e0cafb93ebf5c96148bb52df0
  custom:scripting/monoscript/fileName/UnityEvents.cs: bbca41e222c933c10ac2fdcedacdc4c9 -> 93e3e01e1fc330c62462aa41b286117b
  custom:AudioImporter_EditorPlatform: d09bf68614088b80899f8185d706f6e7 -> 
  custom:scripting/monoscript/fileName/DockEditorWindow.cs: 581124d5e19667105f2446d6dfbf7982 -> a9e5e467234133af999283610b6e84e6
  custom:scripting/monoscript/fileName/BranchesSelection.cs: 7eb1fcb556f0fad697e4ec9d989be099 -> 33b36e7b03910960966036894ec90c7c
  custom:scripting/monoscript/fileName/SaveAction.cs: b68fbb4319dbb368959c40781b39fdf8 -> 27c387bb58f3a69b0c9ff60d2209e18f
  custom:scripting/monoscript/fileName/AutoConfig.cs: 6c4e7f9dc55323aa1299debfe9723aa6 -> bf4bbd2f2e752464ef51dbf102faed17
  custom:scripting/monoscript/fileName/DiffPanel.cs: 02288a38bd14cc2b52a25b302a6f154e -> 210366dab3631628227b9406f87a9b7f
  custom:scripting/monoscript/fileName/PlasticAssetsProcessor.cs: ffbead0ce8c78df1634f8fc06dec8ecf -> ff731c8aacf4a537dc74c7cf9eaeaed0
  custom:scripting/monoscript/fileName/DrawActionToolbar.cs: 52293cb82089e0370f52e257f41c0869 -> e05748a99799f26304c1bbafd90f703b
  custom:scripting/monoscript/fileName/TreeViewItemIds.cs: 8f6297df34271fdb1ce2d9607ec6261d -> 90647cc400823b41df847a6cbfc29026
  custom:scripting/monoscript/fileName/EditorVersion.cs: 70953c9eccf7726f70c672a9a51619e9 -> 698aba075b19a52a056d67a7b809d179
  custom:scripting/monoscript/fileName/TeamEditionConfigurationWindow.cs: d06f049421c16e5927ec29f770917e09 -> e53b1ca5561894aaeff930afb696d001
  custom:scripting/monoscript/fileName/ProgressOperationHandler.cs: 5fbb4e0f656dcfaa4498bd2e492e4710 -> ec62666c0ca1649dd33cc6bc6834c6f7
  custom:scripting/monoscript/fileName/UnityPlasticTimer.cs: 961fdb6492c99b4a3eadbed28e78c4b0 -> 6c887e722e951c2964523825cad70c4c
  custom:scripting/monoscript/fileName/TreeHeaderColumns.cs: 9fc4a0396a421346b8aa3b7788860851 -> 316e5ea62e66b20fd6e687a6b9e5958e
  custom:scripting/monoscript/fileName/AssetFilesFilterPatternsMenuBuilder.cs: 8fe5de6e5dc3d42fb7e95de2aaedbf5a -> 0d99e7514c6a33cda8314deed8f34bc5
  custom:scripting/monoscript/fileName/PlasticNotification.cs: 71978c581e1127248a19c9d9e66cd355 -> 3629fdff9f054b2013702f5b131b2c47
  custom:scripting/monoscript/fileName/ConfirmContinueWithPendingChangesDialog.cs: c0e147ff008a0b77c9337132a3ea70af -> 77462b1904ad8f6fee2f8da4523d59fe
  custom:scripting/monoscript/fileName/ChangelistTreeViewItem.cs: a4a6f6169cdb3afe249e104e2b7b1a2c -> 87f69636be8bd1a264ec4eac1bffa701
  custom:scripting/monoscript/fileName/CollabPlugin.cs: bda741ff77a19affbf276298e29313ec -> ca276d65e7cd77c5c99d9f119ffdb215
  custom:scripting/monoscript/fileName/TabButton.cs: 3efe8f66ffd840fd7aeb0585b183d2fa -> 757146b89ed597b1d75c77241e5d5f63
  custom:scripting/monoscript/fileName/LaunchTool.cs: 3ac53c8af1f56365aad9e1ae5366d98d -> 60773d78646dc188d4b2caca77f20b17
  custom:scripting/monoscript/fileName/RunModal.cs: 33b931100ee477e6812324eabaa2e837 -> c83ee2ef642c5d8b8dfd32f033bfc438
  custom:scripting/monoscript/fileName/BranchListViewItem.cs: 8fdaa5aa842f5a70237affa304b9d506 -> 55028f4aef24d6227589aaa95582b2ff
  custom:scripting/monoscript/fileName/GetAvatar.cs: 07c98163f75f0b7c672bd453fc82bf61 -> 04ffae2a9e5a4c32a119f93144f558d2
  custom:scripting/monoscript/fileName/FindTool.cs: fc3b0710b24078288fe829d0bb041dd0 -> 2f9d82566cfb01fb68fc30111fb47624
  custom:scripting/monoscript/fileName/ChannelCertificateUiImpl.cs: 75d7831ab5da75cc0082e28863abb142 -> cefccf1e13b7bcf15e3c9f2dd4cd2fc8
  custom:scripting/monoscript/fileName/ApplyCircleMask.cs: 02eb67e485278e7c9b719fee5ff90f4a -> b955b378d261fdcbd6272fe8711d1e4f
  custom:scripting/monoscript/fileName/AssetMenuOperations.cs: 4d198753827ac1463e02b10d5d04cc7c -> 0f0ce50426259919e339aa7586c1e4ac
  custom:scripting/monoscript/fileName/VisualElementExtensions.cs: cd98f4a51563fccdfc39eed097290325 -> 0aad2728225c469038631668406aebb3
  custom:scripting/monoscript/fileName/LocksSelector.cs: 70b046a562568fd78d093736e68a3a58 -> 7b0f4fc5552c1d92ba7f4648526ceb21
  custom:scripting/monoscript/fileName/ListViewItemIds.cs: 8f6297df34271fdb1ce2d9607ec6261d -> 90647cc400823b41df847a6cbfc29026
  custom:scripting/monoscript/fileName/CreateWorkspaceViewState.cs: 1deb37b3c17c224d9a7dca9c990ea191 -> 0fe23b7cca9336b31a27790c714de652
  custom:scripting/monoscript/fileName/MergeLinkListViewItem.cs: ebc1e6f9e3a3005d8f4c51a794adfdaa -> 3fa407d29597803190dd374d88ed170d
  custom:scripting/monoscript/fileName/DrawCommentTextArea.cs: ad5449f632fd412ac0f7ba0d171fd453 -> c58c26552f95f108a8d9610eaf001fbc
  custom:scripting/monoscript/fileName/ErrorsListHeaderState.cs: cb38081a34dcc37c968a3fae60743b76 -> ccfb08b895a719829a3302b7c4d26a5d
  custom:scripting/monoscript/fileName/RefreshAsset.cs: f56d23c5126a2dd3db6f272d3d3b71dd -> 21c806d59a337a83fcab56230df298f8
  custom:scripting/monoscript/fileName/BoolSetting.cs: 9c3f40d0ec58f1b80f82d15e4bda7107 -> 6866476ee3db529747ee7a560b4298d4
  custom:scripting/monoscript/fileName/CreateChangelistDialog.cs: 774371d4233cc1d394d98dc80507a1f8 -> 386b03e27c951c5f1d63daf7aae486ca
  custom:scripting/monoscript/fileName/HistoryListViewMenu.cs: 15a489e494f04a7ea37a587c7601070e -> 29770348599c8d5473b78d72e5741b40
  custom:scripting/monoscript/fileName/FilterRulesConfirmationDialog.cs: 5186d89f21d03764f0cca01c2a0122d7 -> 9c91c6c91f20e6d013a753f32343b327
  custom:scripting/monoscript/fileName/ChangesetsSelection.cs: d154d1782ed752b83834c54a0bde3df9 -> 8b9d539af9f7e269bac4e3d79e9ffab8
  custom:scripting/monoscript/fileName/AssetPostprocessor.cs: 28be74a844bbed0286c3c45dee7283e7 -> 96208057b904410715a8df295ba4f8f4
  custom:scripting/monoscript/fileName/IsResolved.cs: 12b1cb46be3341613a9d03a0fb32ccfc -> f54a3e2c5134aa4306f9ad150b1911a9
  custom:scripting/monoscript/fileName/LocalStatusCache.cs: a558fcf5f34357bab4cfc7b75e2bb356 -> 30974ea30517fbfd1b93153f6c849a76
  custom:scripting/monoscript/fileName/RepositoryExplorerDialog.cs: 143e7416b576681e1f2ea71288e530e6 -> eea34924da79ad7254f3e141a891c78d
  custom:scripting/monoscript/fileName/HelpLinkData.cs: 298f428470bd6f0a46823cad390bf0d6 -> 
  custom:scripting/monoscript/fileName/WorkspaceWindow.cs: ff52e13cd29dacd66db0169e14f71a23 -> b042f06133312d3bfed176231d97d77c
  custom:scripting/monoscript/fileName/PlasticShutdown.cs: 927cfd31d19eaaaa16d67e3e3b26fdb2 -> a8df8eeeed98372d06e446171a192a6d
  custom:scripting/monoscript/fileName/FilesFilterPatternsMenuBuilder.cs: 28072cd275c96994687e6d4d0d6e1dff -> cf716a8d336c8113475a9ca67a799ec1
  custom:scripting/monoscript/fileName/HistoryListViewItem.cs: 2d3b1fc954b6bdbae298ec250ade0663 -> 96f2b67ec620b83e35d13f11877e1ac1
  custom:scripting/monoscript/fileName/RemoteStatusCache.cs: 00463e6b90cfe7da080d7c266f783980 -> 402d5663f3675e9324c129274b0c00f2
  custom:scripting/monoscript/fileName/EditorWindowFocus.cs: 1012e4e2e29e9b29bdcc03d8b92762a8 -> f258b0cf85078a7435d001e522d5e8e3
  custom:scripting/monoscript/fileName/EnumExtensions.cs: 24df84756ec75feecd53a80a0991ea16 -> 872fcb89b813d64606e680211dede528
  custom:scripting/monoscript/fileName/NewIncomingChanges.cs: 4475d5d6d9583dbe65c4824e6a1fe6aa -> fc48261878ef7e4b956e7172f5803aee
  custom:video-encoder-webm-vp8: eb34c28f22e8b96e1ab97ce403110664 -> 
  custom:scripting/monoscript/fileName/UnityIncomingChangesTree.cs: a6749c8b534ffb85ccf809bc8e274114 -> 42967773c43d3de5d23be4ddc6dfd9c4
  custom:scripting/monoscript/fileName/UnityDiffTree.cs: 447fc3a8922f56330f4bae8c9dc9a8be -> 1029ffd567bc0e646e6b119719dcb2ff
  custom:scripting/monoscript/fileName/TreeHeaderSettings.cs: 114eb9e27124403e8e111494b8eaf987 -> 662b1714c0fce36da72bbfe60201987a
  custom:scripting/monoscript/fileName/UnityConstants.cs: 5ce06a0e2d108fc8a16a0af098aa895b -> 8f7afb61f2b433d3c701afb225319bcb
  custom:scripting/monoscript/fileName/IsExeAvailable.cs: 3e4283303610c884e542b8f6d3e922d4 -> 4a3dbc5ded94087064afd97407f26631
  custom:scripting/monoscript/fileName/AutoLogin.cs: d257b2b319167ee8af9b75266dabb58c -> cac363a2d5471994de278e71f937b032
  custom:audio-decoder-ogg-vorbis: bf7c407c2cedff20999df2af8eb42d56 -> 
  custom:scripting/monoscript/fileName/UpdateReportLineListViewItem.cs: a101f0ba5292fc139445870b3f4af838 -> 9f63395e1ea590dbbab4d59cd0032ac4
  custom:scripting/monoscript/fileName/DrawSplitter.cs: ec7e8739eacabcca3e2946d9833eea0f -> d2f114a8e8e4167f7762d835a83b2f55
  custom:scripting/monoscript/fileName/LaunchDependenciesDialog.cs: e1c527862a66e73f0417ae177d7fdfb5 -> 2cabf22eb95430074b6c730a84e03493
  custom:scripting/monoscript/fileName/CredentialsResponse.cs: 96b135ae1c4ea541dc762170ea524fa9 -> 3dd2507693e56dac75ee7783f598cbb9
  custom:scripting/monoscript/fileName/LaunchDiffOperations.cs: 831bbe9f0510da02e07943dba200580f -> 20e85a96a5926a180bb53a2abca68aa4
  custom:scripting/monoscript/fileName/PlasticSplitterGUILayout.cs: 4cfaefa1a850aceff54713912c4a2bda -> 111849f67dfbfea65ad2a9298ad1654d
  custom:scripting/monoscript/fileName/CheckinDialogOperations.cs: 0b2a2cd4c41cf1865a29cf91b2a96a48 -> d032d69e8060311c06b88286e8f22ddd
  custom:scripting/monoscript/fileName/PendingChangesViewMenu.cs: 68fab310addfd7068cfd7920070496ff -> 9b0019b6df6bb14eb3a2dbafa53fb54b
  custom:scripting/monoscript/fileName/AssetsSelection.cs: 35cec24e81f0cb1de51daeb356abc4ff -> 0227d7ff4d5687932d10967a945a9b06
  custom:scripting/monoscript/fileName/EnumPopupSetting.cs: 8f6297df34271fdb1ce2d9607ec6261d -> 90647cc400823b41df847a6cbfc29026
  custom:scripting/monoscript/fileName/PlasticConnectionMonitor.cs: 0a14faa9ef1a178a87cdca925b1963c3 -> 920e8e381bfc94da8bb69d336dda57ca
  custom:scripting/monoscript/fileName/HistoryListHeaderState.cs: 6226ef13a567fa81584864f8698be331 -> a87e0364d14866c369ad50d669bdfa85
  custom:scripting/monoscript/fileName/CloudEditionWelcomeWindow.cs: c886fdb39f4b8787e6ea3701a8f88f4a -> b1721e471183956468462f6b64901640
  custom:scripting/monoscript/fileName/AssetsPath.cs: 367269acf8f676d2cdd30fdc387b3920 -> e0e986124adc46d913f0683c34b88c9f
  custom:scripting/monoscript/fileName/MetaPath.cs: 1f80313a7ce6ec6ece505285578f5745 -> 417a84eb354831f828a6752b26c8592d
  custom:scripting/monoscript/fileName/CredentialsUIImpl.cs: 90e9c2de8d7bdd8424e0d89c415108ae -> dbacf67c37819fd95562fe169e706732
  custom:scripting/monoscript/fileName/ChangesetsViewMenu.cs: b720f0168f4ce1b1e0d358a6d5ec9a42 -> 7d1a2de81910b5990e71a0bfff26fdca
  custom:scripting/monoscript/fileName/UnityPlasticGuiMessage.cs: 2a7f71f59c0d7dc731fd345a3713957c -> 24eef0792e3802809607a7f9d04b8f1d
  custom:scripting/monoscript/fileName/OrganizationCredentials.cs: ee462057b3bd23cc3dab953ac4d656e2 -> 0b123406cadd651e9adc01c85fab5124
  custom:scripting/monoscript/fileName/StatusBar.cs: 4d7c95bdcb7dc38d15f73e75e08a1cfd -> 392933116703b8e69a96dc0b873bf6f1
  custom:scripting/monoscript/fileName/IsCurrent.cs: 16ae2475c9982c21b0dccb3cdf4b1a92 -> cf1fd01890d0fd9f011c1a1a491e2cf0
  custom:scripting/monoscript/fileName/ChangesetFromCollabCommitResponse.cs: b986ab8b1acd322b0367812e2d541734 -> ba336e4117e1b7ee28e4c17197bc3d0e
  custom:scripting/monoscript/fileName/MoveToChangelistMenuBuilder.cs: 3a2ef8cb0baf69e5dadeafc731fe32a9 -> a90b3e388d3e1316fa104d4c9a03e2d1
  custom:scripting/monoscript/fileName/LoadingSpinner.cs: 69a46a0158b3944983921513a6337a68 -> 1c13cf7a9498073806920e71757dfeda
  custom:scripting/monoscript/fileName/LocksTab.cs: 134c512484ae73354c15c06a6dc69f9f -> 00ffb5a39c16fdc2d733c7e53471a3a9
  custom:scripting/monoscript/fileName/BranchesTab.cs: 764cb17e9337c58ad4f5304b60b2042e -> 57c33f76c527a5aba4d269245ffff188
  custom:scripting/monoscript/fileName/HelpLink.cs: f129aa05dc3840d5bd4f2e0d111189db -> 
  custom:scripting/monoscript/fileName/ToolConfig.cs: 18b1ea271ce5e7b6deea7b4e8e175269 -> fcffc3165b047f54ed6ccafa4c8760dd
  custom:scripting/monoscript/fileName/DropDownTextField.cs: e66e7314096900597993d2b353757d8d -> c8fc484ce140049ff31ebc2c6cbebf28
  custom:scripting/monoscript/fileName/AssetsProcessor.cs: 47679a6e15b70f4fef48eb1b2df31b19 -> 18737889e95cd4088e8dfd4153fa8f40
  custom:scripting/monoscript/fileName/DrawActionButton.cs: d847a7d82ac92cab2b3d0ae268cefb3d -> 81e6708d2b8fa199354e53f85db731a8
  custom:scripting/monoscript/fileName/TableViewOperations.cs: ddc7b903e0dbd6bd109f2bd709b95f0e -> bef3a31deb1fe794a90f767d16e4c868
  custom:scripting/monoscript/fileName/UpdateProgress.cs: 5b04f01bf199310f09ab9522f89c78f4 -> 281e1e05168d6a30be1d8d2f6200bef8
  custom:scripting/monoscript/fileName/OrganizationsInformation.cs: b3f0758c6655b2dad1161792812992fa -> 5f067ea8d90fc79055a3dcfd58ae6dca
  custom:scripting/monoscript/fileName/SubscriptionDetailsResponse.cs: e10e0299ef716630c63b8cf5f792cda0 -> e5121cec860a6d1097cc809217b3d8fe
  custom:scripting/monoscript/fileName/DrawProgressForDialogs.cs: 5f8d39e3ea7c4a42148c6b1a7b4ca061 -> a5f2abd8875e7a6afbc171fabfbae81f
  custom:scripting/monoscript/fileName/ToolbarButton.cs: 0b8663f5acfbbe9acf3c68758e2857fb -> 47dc767626bbd94d66707af31ddc5eb6
  custom:scripting/monoscript/fileName/ProjectViewAssetSelection.cs: 349dc288d32791de51156d4e59000b7b -> 2560eadaf6a13a74a46a4a207cd5a8b6
  custom:scripting/monoscript/fileName/DrawTreeViewItem.cs: cceebc4f1185658619e40964f29acb08 -> 0921a62a588ab864253743d1f07afb5a
  custom:scripting/monoscript/fileName/DrawSceneOperations.cs: 2426c0c2ee58cd28be59874f6425940c -> d87f46f9fb97181a2f51490ea2e1efc3
  custom:audio-encoder-webm-vorbis: bf7c407c2cedff20999df2af8eb42d56 -> 
  custom:scripting/monoscript/fileName/DrawActionHelpBox.cs: dcd6ec2e7fb1b44f22c4a79ff87b70cd -> c8f6be9dab1e6f8d71e0c63c29679186
  custom:scripting/monoscript/fileName/PendingChangesMultiColumnHeader.cs: 21802cc6929e0e180fb4f0be8e34d9d0 -> 722de7d6e07a79981d750438e6febb8f
  custom:scripting/monoscript/fileName/EditorDispatcher.cs: c739e073a8c38dbcf59192f45d1004c5 -> 3c402eae57d73cc54863f3f6a13096ae
  custom:scripting/monoscript/fileName/IIncomingChangesTab.cs: 363f9daba453e316e730238a80857251 -> 40644cd18074db84684b9e437bf8fa77
  custom:scripting/monoscript/fileName/GetChangesOverlayIcon.cs: f00e4b795697c6cf3092760f3b6fc49d -> d599d6efdee28305661bc0cf6683858a
  custom:scripting/monoscript/fileName/ChangesetsListView.cs: caae0aefb36c869f50691482a5cd0944 -> 87b74e0d80cf59010f55e2baaeb6679d
  custom:scripting/monoscript/fileName/UpdateReportListView.cs: 2d8fccdaad50bbd7454b52cf9cb4a0f9 -> 08d26df1ab6c3a7628addc5e54e50b08
  custom:scripting/monoscript/fileName/UnityConfigurationChecker.cs: 59a8f0715a7c89a752351bf42f94abbd -> 874cd65cce0384fef4b60e71fb08a429
  custom:scripting/precompiled-assembly-types:Assembly-CSharp: 4ee706c12805feacb083aae47980387a -> 
  custom:scripting/monoscript/fileName/CheckWorkspaceTreeNodeStatus.cs: 5e11ff64963669981115eb58dc2b6e8b -> 1e1255b803bf7cbc935bb804bf0dbe7b
  custom:scripting/monoscript/fileName/PlasticPlugin.cs: a57c142b98ca3d4daad221737fd72924 -> c64561980f26020cc3206ae8b1047268
  custom:scripting/monoscript/fileName/SwitchModeConfirmationDialog.cs: 4d9c02587760213784bfe53d012122b4 -> 30cd71d0b3ee4b2689cde689908d301e
  custom:scripting/monoscript/fileName/PlasticWindow.cs: 76740c086f0109337962354fe520adb2 -> fc467478941f610919bc69526ba2c215
  custom:scripting/monoscript/fileName/BranchesViewMenu.cs: 8089f11c30784e2e57775dd6cdbae898 -> 7bfc83e917c9b0b5aa423bb947ce2a38
  custom:scripting/monoscript/fileName/CooldownWindowDelayer.cs: 7816cfcad485500dbac9993c4502ea69 -> 4c95e39c8dd4cfa1bca106097fdb6524
  custom:scripting/monoscript/fileName/GetInstallerTmpFileName.cs: fa7bda723ac795b48e38504727f44981 -> d09e0b5c7a9af5874530e17ef23025f0
  custom:scripting/monoscript/fileName/AssetModificationProcessor.cs: 84d720d70e5c24b7d0630ef5cea215ce -> a602c9e59e7db185e3a0d68d986e6fef
  custom:scripting/monoscript/fileName/IsCollabProjectMigratedResponse.cs: 4c3294c6a51e6f42161d191230692016 -> af2b76c693935deee55cfcaed2aa7568
========================================================================
Received Import Request.
  Time since last request: 128.540165 seconds.
  path: Assets/Scripts/GameManager.cs
  artifactKey: Guid(d434a56a61e5ac84f9a8a07fc4fc184f) Importer(815301076,1909f56bfc062723c751e8b465ee728b)
Start importing Assets/Scripts/GameManager.cs using Guid(d434a56a61e5ac84f9a8a07fc4fc184f) Importer(815301076,1909f56bfc062723c751e8b465ee728b) [PhysX] Initialized MultithreadedTaskDispatcher with 20 workers.
 -> (artifact id: '1dd3bf738e1ddb7b136cb38139efe99c') in 0.001606 seconds
Number of updated asset objects reloaded before import = 0
Number of asset objects unloaded after import = 0
========================================================================
Received Import Request.
  Time since last request: 194.654470 seconds.
  path: Assets/Scripts/Enemy.cs
  artifactKey: Guid(7befb299972b9644c8dc62406bdfce5a) Importer(815301076,1909f56bfc062723c751e8b465ee728b)
Start importing Assets/Scripts/Enemy.cs using Guid(7befb299972b9644c8dc62406bdfce5a) Importer(815301076,1909f56bfc062723c751e8b465ee728b) [PhysX] Initialized MultithreadedTaskDispatcher with 20 workers.
 -> (artifact id: 'f7b5800725b93b2cb2e8010d0d0b6e87') in 0.000610 seconds
Number of updated asset objects reloaded before import = 0
Number of asset objects unloaded after import = 0
========================================================================
Received Prepare
Caller must complete domain reload
Begin MonoManager ReloadAssembly
- Loaded All Assemblies, in  0.354 seconds
Native extension for WindowsStandalone target not found
Mono: successfully reloaded assembly
- Finished resetting the current domain, in  0.670 seconds
Domain Reload Profiling: 1023ms
	BeginReloadAssembly (166ms)
		ExecutionOrderSort (0ms)
		DisableScriptedObjects (3ms)
		BackupInstance (0ms)
		ReleaseScriptingObjects (0ms)
		CreateAndSetChildDomain (22ms)
	RebuildCommonClasses (20ms)
	RebuildNativeTypeToScriptingClass (6ms)
	initialDomainReloadingComplete (16ms)
	LoadAllAssembliesAndSetupDomain (145ms)
		LoadAssemblies (248ms)
		RebuildTransferFunctionScriptingTraits (0ms)
		AnalyzeDomain (15ms)
			TypeCache.Refresh (6ms)
				TypeCache.ScanAssembly (0ms)
			ScanForSourceGeneratedMonoScriptInfo (4ms)
			ResolveRequiredComponents (4ms)
	FinalizeReload (670ms)
		ReleaseScriptCaches (0ms)
		RebuildScriptCaches (0ms)
		SetupLoadedEditorAssemblies (279ms)
			LogAssemblyErrors (0ms)
			InitializePlatformSupportModulesInManaged (4ms)
			SetLoadedEditorAssemblies (4ms)
			RefreshPlugins (0ms)
			BeforeProcessingInitializeOnLoad (48ms)
			ProcessInitializeOnLoadAttributes (206ms)
			ProcessInitializeOnLoadMethodAttributes (15ms)
			AfterProcessingInitializeOnLoad (1ms)
			EditorAssembliesLoaded (0ms)
		ExecutionOrderSort2 (0ms)
		AwakeInstancesAfterBackupRestoration (7ms)
Refreshing native plugins compatible for Editor in 1.68 ms, found 3 plugins.
Preloading 0 native plugins for Editor in 0.00 ms.
Unloading 3093 Unused Serialized files (Serialized files now loaded: 0)
Unloading 13 unused Assets / (27.6 KB). Loaded Objects now: 3626.
Memory consumption went from 126.4 MB to 126.4 MB.
Total: 2.193500 ms (FindLiveObjects: 0.134500 ms CreateObjectMapping: 0.045000 ms MarkObjects: 1.988700 ms  DeleteObjects: 0.024700 ms)

Prepare: number of updated asset objects reloaded= 0
AssetImportParameters requested are different than current active one (requested -> active):
  custom:scripting/monoscript/fileName/IncomingChangesTab.cs: 6fa4849c09cf3ec125d3914af6074a21 -> 82bff1d960538992d4e618d909869d2e
  custom:scripting/monoscript/fileName/DiffSelection.cs: 34faf7c86f7e0c9a01162e930679d82f -> 1460aaba4240ef35322cb9c198487990
  custom:scripting/monoscript/fileName/CloudProjectId.cs: f33db9e9673144ad1e994ed4cff5ce2d -> 
  custom:scripting/monoscript/fileName/DateFilter.cs: 4084040ac52b6e24ba874651890c5c6e -> 85ed700e21fd471cc38c626cebe01d52
  custom:scripting/monoscript/fileName/PerformInitialCheckin.cs: be22d181e456c0a8a5713675f29ac72a -> 8ef9a9f407b8b94b2b5fad9d24e61f79
  custom:scripting/monoscript/fileName/ConflictResolutionState.cs: 51eaf597f9533c7ed197ad15e802d20f -> 74a230000ff2fd58c5a60ab4258207dc
  custom:scripting/monoscript/fileName/FindWorkspace.cs: 39bbd18bfe6bf4a99f5c185dcda4dd4a -> 6af6c9e9382fef881c020ab184e6f7f5
  custom:scripting/monoscript/fileName/IncomingChangesNotifier.cs: 0bfcdd9eeb0b298616154e2db5e6905b -> 10fad815611441fb3a805150421ed991
  custom:container-demuxer-ogg: 62fdf1f143b41e24485cea50d1cbac27 -> 
  custom:scripting/monoscript/fileName/CheckinConflictsDialog.cs: d3af1d70d3f60a9847d2942647274222 -> e13fa04a97fb675842c94586fc602871
  custom:scripting/monoscript/fileName/AuthToken.cs: d22b2893825e943bc1389be142abd57e -> 0fba7e8eb1ec8b699f274cdc956451b2
  custom:scripting/monoscript/fileName/ProgressControlsForDialogs.cs: 6bf8e69ac7dc2163fe988e5d8181ce88 -> 7e6bd1727985204e3b64e1946e589b1c
  custom:scripting/monoscript/fileName/AssetStatusCache.cs: beede06d8a6d93e7907fd192ad653f2b -> 260d5f85663ac58b2a7e9553c453bc3e
  custom:scripting/monoscript/fileName/DrawIncomingChangesOverview.cs: 6d1aadb525661622ddc7d545c55841f2 -> 
  custom:scripting/monoscript/fileName/BuildFormattedHelp.cs: f675844664504d88a0d8165e2b08a2bf -> 
  custom:scripting/monoscript/fileName/OrganizationPanel.cs: d7ac1288bef1b15a05bb26d201a4d87f -> 57a57e6a345dbd536e91c348b70943a9
  custom:scripting/monoscript/fileName/MigrationProgressRender.cs: 94a7accb6b5be388f3abff6285d8f1af -> 
  custom:scripting/monoscript/fileName/ChangeCategoryTreeViewItem.cs: 0f882939555cf173ece99b60f8f54ade -> fd14db176fff061715c8ec88ced1902f
  custom:scripting/monoscript/fileName/CurrentUserAdminCheckResponse.cs: cec2f173fe8732108711c497674c6f66 -> d57c2dcace740834acd59fdfbc5023b8
  custom:scripting/monoscript/fileName/UIElementsExtensions.cs: a191d7293be4538b0adb29dfe5b06a46 -> 52e0d612ab032e4d22e9558b90396b99
  custom:scripting/monoscript/fileName/CreateBranchDialog.cs: c429477092287209232592c8cde1a615 -> 9eb29fda08033b4f847247136c412db6
  custom:scripting/monoscript/fileName/GameManager.cs: 9933fbcc6190e2a9171c2ec8808a053e -> 
  custom:scripting/monoscript/fileName/DrawCreateWorkspaceView.cs: 6422239d8f649480614f0dd4f018b7f2 -> c6039ac84d85ab3926aa94de163a9f7d
  custom:scripting/monoscript/fileName/ProjectPath.cs: 5634ebdbea8ca94089eb9622d1b60497 -> 2007f972d3a73eeb86dfe05e849c7f69
  custom:scripting/monoscript/fileName/SSOCredentialsDialog.cs: 8967ceae1bc195ea8dd32b23c42dd852 -> e140ede12a96f68f30062138385171c3
  custom:scripting/monoscript/fileName/DownloadPlasticExeDialog.cs: 2dd40c53d0303d041a27a44a95c331cb -> 093cfe0607c2346a88cdfdfe1435614f
  custom:video-codec-MediaFoundation-h265: 746d11721c4dcdbdad8f713fa42b33f4 -> 
  custom:scripting/monoscript/fileName/PendingChangesTab_Operations.cs: c99065f3c85ec85c85ece2a1a30665af -> 15ae6787065f4af65778e981f418a60b
  custom:scripting/monoscript/fileName/LocksListViewItem.cs: cc9cd24c5be4f7363367cba72f12aad4 -> f4a19fabbec093eb3d6a7e1cd4f42611
  custom:scripting/monoscript/fileName/PendingChangesViewPendingChangeMenu.cs: 561ad0f702e1db14300a4a5f810051f9 -> 9a6ef2277212bf26d647c7f12f946287
  custom:scripting/monoscript/fileName/SignInPanel.cs: f7e82045994d4eefe3b021faa87b55c6 -> bac0318ce35e37bed3a2cc8137452435
  custom:scripting/monoscript/fileName/DrawInspectorOperations.cs: 61c4a6a6507d8f84ef5bdf5cba3f0aee -> 8c94fe642e98309082411f46db89106b
  custom:scripting/monoscript/fileName/DrawDirectoryResolutionPanel.cs: a77980eb09765fe85cd85d4a47964cf2 -> e4e3c9b4bc511687802b504b71016540
  custom:scripting/monoscript/fileName/CloseWindowIfOpened.cs: d820344e932a12600b5fe6fb7e9f1563 -> ce229ef3b7461ff17e2c1af0695a6657
  custom:scripting/monoscript/fileName/SaveAssets.cs: 11deea70336cb98c5d0b6c869323e6ef -> 898e86402580d75dc56c5f25b325a28e
  custom:scripting/monoscript/fileName/RepositoriesListView.cs: 9f95c83dc460fb03fb0916472f14b8a7 -> 95287f65338ca0073ad04002a16eaaf7
  custom:scripting/monoscript/fileName/AssetOperations.cs: 638daf61300bf6ad727538516d4fa3e2 -> 
  custom:scripting/monoscript/fileName/HandleMenuItem.cs: 740e54c5f6dca1acc88cad87af74b744 -> b4ad1ecc5243212c5967125ad5e41b1f
  custom:scripting/monoscript/fileName/ScreenResolution.cs: 5c975132cf4e36dcc261bd0acd604271 -> 7bb7bb5b955671820101b322f0a7bf3d
  custom:scripting/monoscript/fileName/ApplicationDataPath.cs: 8e4094e28762fb76a1baecfe90c6b65e -> 3e8c4ea8debfda8013fed860ac233d22
  custom:video-decoder-ogg-theora: a1e56fd34408186e4bbccfd4996cb3dc -> 
  custom:scripting/monoscript/fileName/RepaintInspector.cs: 65202bdc05e3e19fadffb7fd99f30154 -> f134606300316994850c28a68d0cb5a3
  custom:scripting/monoscript/fileName/LockStatusCache.cs: 5e3725e03dc21c716034553589a67eae -> e99b3f34c5cd3eb73ec19439af1f7f80
  custom:scripting/monoscript/fileName/DiffTreeView.cs: 68195907d129ef826aa6b6df7202696d -> 49f46fd2a65ea674a218eead75f27aac
  custom:scripting/monoscript/fileName/DependenciesDialog.cs: 82d30fc8d5e1a73ec0d1ee9acc00fbc2 -> c8902186ab2f4e6471b5dd147afb01b6
  custom:scripting/monoscript/fileName/ChangesetListViewItem.cs: 95a197949f1e777703db60eea8cc21b3 -> d742a4910e302777daa1ccb9c8e92cb9
  custom:scripting/monoscript/fileName/LocksViewMenu.cs: fda08381fa9abca53b6eaf3bf55f14f8 -> 186d8514e824865b191ba1829afe4b33
  custom:scripting/monoscript/fileName/IncomingChangesViewMenu.cs: 832662bce0cd8edd53cba36a0dd96da0 -> 13196979a03411533716f6775c9a624b
  custom:scripting/monoscript/fileName/QueryVisualElementsExtensions.cs: 75ea535788abf9c38ba9341c984a6241 -> a49740b6efbb934f55475cc70b864a4c
  custom:scripting/monoscript/fileName/WriteLogConfiguration.cs: 1a8401f47b522f631a3dc005105719f5 -> 1589212d1638ae91a029ea3ddf9999f2
  custom:scripting/monoscript/fileName/DrawTextBlockWithEndLink.cs: d447e809d154b60a192c102b7b82eecf -> 1cc3e67c46bd397f9508f124a3366994
  custom:scripting/monoscript/fileName/FileSystemOperation.cs: c31a686e69e66801c204a11be56c950a -> f0ccbe91654279794a85bf6f1c034716
  custom:scripting/monoscript/fileName/MigrateCollabProject.cs: af93695e471d9c8e4ad014c4165f2c3c -> 9f3487f03a783b35518405572f20ac9e
  custom:framework-win-MediaFoundation: 216162199b28c13a410421893ffa2e32 -> 
  custom:scripting/monoscript/fileName/ProgressControlsForViews.cs: 7d677c6df38ab15cf390062b5b0bb854 -> a8a18a90f46aa63848e1e45d8d7ff9af
  custom:scripting/monoscript/fileName/DrawAssetOverlay.cs: 8ccd7cea9aa918859be0b55818cb990b -> 04a46044def089f0abcdafdd281e3646
  custom:scripting/monoscript/fileName/ProjectWindow.cs: 953e9bbd852a9f12f91349161baa793e -> c62567a3d71fd74636bc783de5162474
  custom:scripting/monoscript/fileName/MergeLinksListView.cs: 826afb5fb5988163105086b4bf5027af -> c9488671ae9b14523680d0c19097baa0
  custom:scripting/monoscript/fileName/EditorProgressBar.cs: 7418be9b22aaea32732f8a5f49569d1c -> 08c2f2b90ef64df631d46389f0e22c8e
  custom:scripting/monoscript/fileName/MeasureMaxWidth.cs: cd9322680ae61d38397008451b7ed0ed -> 1569e3f1dad91a9b01cba66ab6aa30b0
  custom:scripting/monoscript/fileName/ChangesetsListHeaderState.cs: 69fc4f1a2bc3782d7043ec48961a3616 -> fe1392f9b135da83e13fe8a5e5f39fc2
  custom:scripting/monoscript/fileName/PendingChangesTreeHeaderState.cs: 7d278b5569d28437d07554a3bbb56e1b -> 5d7f70d142c9ac67864ec14950523d62
  custom:scripting/monoscript/fileName/ChangelistMenu.cs: ca33bac56b3a337faa90a1b1bba632d6 -> c1bf5aeb760cc5eae584ea3944d6531b
  custom:scripting/monoscript/fileName/MissingEncryptionPasswordPromptHandler.cs: 7f5831fc8a41e9cadd84fcfd0e885072 -> 5d7b9646eb14a39b6d3d5bab19d266ff
  custom:scripting/monoscript/fileName/NotificationBar.cs: e0f12e3f3292fff5a590c00b59f3a17a -> 0daf459fa0c4269b16bcc20cd072c021
  custom:scripting/monoscript/fileName/UnityThreadWaiter.cs: dbd556f2802baab90a20da38c288d36c -> 99333406d92d10003984b4d1920de2f9
  custom:scripting/monoscript/fileName/CredentialsDialog.cs: 179b5e49656a1623c2e79d838f0f5876 -> c785d5e40f8d66b7ef7ba04ee7c324e0
  custom:scripting/monoscript/fileName/GetRestorePathDialog.cs: e21eb9983f0b989125951478cd5e9b35 -> 353d1126ca2d2063d5bdbd06806ffc08
  custom:scripting/monoscript/fileName/UpdateReportListHeaderState.cs: 64a5bf775d221ad9a5ff8c78a1e0e1fa -> d6cbe54be2898ed2c96c2e79572c2e08
  custom:scripting/monoscript/fileName/LocksListView.cs: 8c6202774eebcf67be9c3b5a2926cc7c -> 7aa51ff93bcc98aa05dec8b46ec200c4
  custom:scripting/monoscript/fileName/DownloadAndInstallOperation.cs: b043b8d5921892e87f4566e00162cff6 -> 4f4065aeafda2af0ec272a3c228e27b2
  custom:scripting/monoscript/fileName/MigrationDialog.cs: 1a69d399f9c8aa816a053d285dd8bc5d -> 
  custom:scripting/monoscript/fileName/DiffTreeViewMenu.cs: 3e62bfc69ca7486976988e151b88922e -> 8039fc4ecf68b3e966e1f4822789e7fa
  custom:scripting/monoscript/fileName/UnityStyles.cs: 1e97cd7e9a8ef8ab43da545c6691e95c -> b57f61a58df1c49a1c9d37daf76d42cb
  custom:scripting/monoscript/fileName/HistoryTab.cs: 4d086984813cd90d6be245dd8e03a2ba -> d57f000c65fde42a2228c7a105a836e5
  custom:scripting/monoscript/fileName/HistorySelection.cs: 7c3afcf345a55e8b77ea41ca0f570218 -> 3d07a3d1241e204b5420d71f1137eba4
  custom:scripting/monoscript/fileName/CreateWorkspace.cs: 7b3086384e5ddcd73cd5064a3ce31cd2 -> 5256205b5cf0570b6f698c7abe518f5a
  custom:scripting/monoscript/fileName/ShowWindow.cs: c731454122754eec192bc3c53fac3d95 -> a6bb1d20733c178256b38974418d7450
  custom:scripting/monoscript/fileName/LocksListHeaderState.cs: b80c5f044f18764adef2e9dbea5f0fb1 -> c7fe4d3b5f954615048f8e79925d29e3
  custom:scripting/monoscript/fileName/CreateRepositoryDialog.cs: 1e1c5399cf3d0b071c7982c565a710ce -> 5cec3e66b09e0dbe1f805953c5c64af9
  custom:scripting/monoscript/fileName/ProgressControlsForMigration.cs: dafc8442bdd0dcb5e871e398f32473ec -> 
  custom:scripting/monoscript/fileName/RenameBranchDialog.cs: 4e8cba56a673b7adf6b1f70db522f07c -> a4999d46054383b4cef03a3dac804cd0
  custom:scripting/monoscript/fileName/EncryptionConfigurationDialog.cs: 6423045767c07e6360ff314ec741c601 -> 19e9c54aff6ffc68d60fe11f80578947
  custom:scripting/monoscript/fileName/CheckinProgress.cs: 298ac58365579798eb3b4defc181ccaf -> 75b93dbc5ef307111f0647f735640420
  custom:scripting/monoscript/fileName/PendingChangesSelection.cs: 766664749a54eea9ecce5dff917430ef -> 1721ad72d074757364587c71b49d9382
  custom:scripting/monoscript/fileName/LoadAsset.cs: 9042eb334fc462cf466672445be1d4c2 -> 5e4e082aa5b21c13b80eb237fe94d00b
  custom:scripting/monoscript/fileName/Images.cs: 0b0c14141950fed99e3ef33199b3b4c9 -> fbdd1e600315d249327f3effde045c9d
  custom:scripting/monoscript/fileName/DrawLocksListViewItem.cs: ce3a3d64ec2d84c3556ffd4141efc4f7 -> 6201c4d50383e970d554210505562d37
  custom:scripting/monoscript/fileName/DrawProgressForOperations.cs: ea9179848be98ee7719316b39339ef29 -> b544f18e6532ba53bbd1b691fa5cd571
  custom:scripting/monoscript/fileName/ViewSwitcher.cs: af4cfa015a44a1390a6513bac2b176c3 -> 1700c042de8c16a5c0f6851d66df802a
  custom:scripting/monoscript/fileName/RepositoryListViewItem.cs: 2f16ba7694ec7934685021093e722c4e -> 3cabcd81911a2500dcd9e2b6ffae3f00
  custom:scripting/monoscript/fileName/InspectorAssetSelection.cs: 71ba78e42827a9b22a9a6016733d756f -> 4b3c1ae4c44d88205aef26229acfe022
  custom:scripting/monoscript/fileName/UVCPackageVersion.cs: 0f4077cb83cde000a967972e97c7cc8c -> c4d95cb84d9d8dff4727eba6b0a64378
  custom:scripting/monoscript/fileName/IncomingChangesTreeHeaderState.cs: 67923e7c73743bbc0577bc7d884f3ba2 -> 9fcb97ef2da44c66332f5c6800c2e6ed
  custom:scripting/monoscript/fileName/WorkspaceOperationsMonitor.cs: 3aaab60832000a68ac1ea7432c36aabe -> 9241430734576b6454278a078113af4a
  custom:CustomObjectIndexerAttribute: 9a22284fe3817be447336de3de66b15e -> 
  custom:scripting/monoscript/fileName/MacOSConfigWorkaround.cs: 8634a542fc5c45ea8cd9a8244bf2c871 -> 9fe61e763da506601651f6c451cecb0a
  custom:scripting/monoscript/fileName/IncomingChangesSelection.cs: 281fe0b171b5382d8cd906c4490e5804 -> d86f9f4463e6f9d99bb815e1f018ccf1
  custom:scripting/monoscript/fileName/PlasticProjectSettingsProvider.cs: 31d8ae24271dbfa9cba89dcd2b9f91a0 -> 50aa12401e4c353b2dea4777ec9b23ad
  custom:scripting/monoscript/fileName/AssetMenuItems.cs: 64aa50dcc3bfcf35201c6730dc62acc3 -> 9ce81cedb8e568c6b7b646aa6263645b
  custom:scripting/monoscript/fileName/ToolConstants.cs: a088b027c7b0922429c756f12b0507ea -> 3b0d2490617bc7f94a0bdab65a399e1d
  custom:scripting/monoscript/fileName/GetSelectedPaths.cs: 02423a81496d6c63598b5cdc203f4354 -> be35dd49dddd53fc840b9febf21b4d0d
  custom:scripting/monoscript/fileName/TokenExchangeResponse.cs: 0dd9138dbeab6f132711a5b608de5c13 -> f20183d4cf939766d3c1e15cc3bec2e3
  custom:scripting/monoscript/fileName/ChangesetsTab_Operations.cs: eca44847b108faefa69f8c525242c965 -> 3290c4c0cd248666e01a08ee6d621249
  custom:scripting/monoscript/fileName/OverlayRect.cs: 61f473b5a4768fa31a00fafe3b1b5b69 -> 59d6887e4803f8a44ffaa0409470e410
  custom:scripting/monoscript/fileName/ConfigurePartialWorkspace.cs: 309d4276b0164b05348aedbd51cc0b2f -> 10fcc6b6d43dd5ed36c43c6f7b5906c4
  custom:scripting/monoscript/fileName/ValidRepositoryName.cs: 43c262be3f66a970816e3d3a3ee8872a -> 56bcf92a3678f6ad6215cae2e4914cfd
  custom:container-demuxer-webm: 4f35f7cbe854078d1ac9338744f61a02 -> 
  custom:scripting/monoscript/fileName/GetPlasticShortcut.cs: 2a84c035152261f00e7e66eb44cd0ffa -> 5c2b7bf07ddd2284efc64b09ef0f1f72
  custom:scripting/monoscript/fileName/GuiEnabled.cs: 1b1658fd7715b5cc664c10a130c6b629 -> 7bb13fcc8d8cbd392e00f7232841f086
  custom:scripting/monoscript/fileName/BuildPathDictionary.cs: 943911b84162d26cea47f964f9a0a399 -> 9fabc7cc73fcfc50b8a3307c6aa6ec4d
  custom:scripting/monoscript/fileName/FindEditorWindow.cs: 2bb64182aef631315344623cf583c78a -> 8c3c78bb7e82ac5008f8a2b8a0d68cff
  custom:scripting/monoscript/fileName/DrawProgressForViews.cs: c153245b67af73b7ee03f693a1127796 -> 068a172cb549ad77d9873d721698bd0d
  custom:scripting/monoscript/fileName/UpdateReportDialog.cs: 706e7e86547c339cdb3a4462e3f7a54d -> 087837d8f73228f1a817d0de82c77260
  custom:scripting/monoscript/fileName/HistoryListView.cs: 527da2d093462f1c4a278d6957e7d5ac -> 7b2d1d2c12ab43d9d244e35197127919
  custom:scripting/monoscript/fileName/ChangeTreeViewItem.cs: e3d78a2bee9cc81382a4cb8578dc4fb0 -> b0a38ce0a620643c776a3db4fd91bc4c
  custom:scripting/monoscript/fileName/BringWindowToFront.cs: 88b20f2a2881db6a013f54923d68cdee -> a30c7c1ba746c6d277a5aedd3057d15e
  custom:scripting/monoscript/fileName/LaunchCheckinConflictsDialog.cs: 4417eba1591eccb2221bfdce0106c1e0 -> e2c1e3f8f4e14a62e4363fe6259adbc2
  custom:scripting/monoscript/fileName/ParseArguments.cs: 03c1a4d7e357164ca313a0019713c3db -> ae915d9f5fe287ced40627c9ca8bfafd
  custom:scripting/monoscript/fileName/ExternalLink.cs: 7eb9650651b43fb98c07816e49275ba9 -> a8ff952d8c27d10f226ab92b7aa83b69
  custom:scripting/monoscript/fileName/WaitingSignInPanel.cs: 247680fcfc6a176b9fa28a3df600a754 -> 7585e1c7111b6b900784e6d1c9454258
  custom:scripting/monoscript/fileName/TestingHelpData.cs: 0d1f98ae9b6fa0253523889fad413adb -> 
  custom:scripting/monoscript/fileName/OperationProgressData.cs: 0db72349eeecbe9449a517b1d79cc760 -> 15f68712baaea535af36d9e0333c0a6e
  custom:scripting/monoscript/fileName/RepositoriesListHeaderState.cs: c0353a1af15ae4fd3d5a2a3cac816423 -> fb71b961ab7c924511a6b0e8680b60ee
  custom:scripting/monoscript/fileName/ClientDiffTreeViewItem.cs: 56be9d3aa410e770e75de2d8b93be89d -> 43bdd7aa5bf1aa039a5b572c119c38d0
  custom:scripting/monoscript/fileName/CreateWorkspaceView.cs: 0f1446bdab952811ae2968789e1a2804 -> 04b4ce6556541af6541e1f1c2ea97052
  custom:scripting/monoscript/fileName/CommandLineArguments.cs: 0d20ca25f94249586a7c1484c469d8a2 -> 48a62ad3f817c0269ea7fc4a53799594
  custom:scripting/monoscript/fileName/DownloadRepository.cs: 46fc68d9cc4da8e8ed765ff28b2dd438 -> 5bad8d3f76a3fcb41a94637e37c11ab0
  custom:scripting/monoscript/fileName/ParentWindow.cs: 2476d8a6ba9c3055f984ac9792cae61a -> d6aa079e592e01701c5baa3ab98898bc
  custom:scripting/monoscript/fileName/OperationParams.cs: 091a140b35535b91c773ddf98925322d -> 3312c7a4424a66ffbf2f88f056f329aa
  custom:scripting/monoscript/fileName/SignInWithEmailPanel.cs: a5823728eb62cf6dbd8c933c1cb26f53 -> 6e8957c0ed7609303e68389067e72d72
  custom:scripting/monoscript/fileName/LaunchInstaller.cs: f9b7c99441bc32980ce9b95be066824b -> b75efdf5909b501e06cacd9c66f75981
  custom:scripting/monoscript/fileName/AvatarImages.cs: ea6dca998cf0ec5122553a9e010ef687 -> 3aa8c25a350843151ec4070c820c411a
  custom:scripting/monoscript/fileName/DrawHelpPanel.cs: 58c832ce9ea1a11e2724de5dd46ca0cb -> 
  custom:scripting/monoscript/fileName/DrawUserIcon.cs: 2f65feb9bed897237f97fbf9c5479092 -> 7d5385bf780ae84e648a8b49f8fe0825
  custom:scripting/monoscript/fileName/AssetStatus.cs: b9ea657347f2c22e8e401cdb256c516c -> e017010009bdb28bcb0d7d8ef05e7dd9
  custom:scripting/monoscript/fileName/BranchesListView.cs: 334a3fb302f855f71fb71520fb442a71 -> 3f5ed9fe5a1bca512014ae1600ee1666
  custom:scripting/monoscript/fileName/DrawGuiModeSwitcher.cs: 363adc150c5f1c5059a678f179906090 -> d3be34a3134d3fe80ef6b14d0d519128
  custom:scripting/monoscript/fileName/UnityMenuItem.cs: 5f445176ad3735e69769d93250663be7 -> 73f3c859f1b5092ad362c09e23b3a922
  custom:scripting/monoscript/fileName/WebRestApiClient.cs: c0bdde7ff9e25b1ad06e078e6d9b2fe0 -> 746756fd499dddd02a4e7ccdbac48be3
  custom:scripting/monoscript/fileName/IncomingChangesTreeView.cs: 78411a54601a32b278de0dd7d80f8670 -> 96479648d4498738733254eb4e4c6fb5
  custom:scripting/monoscript/fileName/GenericProgress.cs: 11287c7d038c487f32d0c8edc476a32d -> 8492ec26f01fc248d3eb3c2f5b3b6c0f
  custom:scripting/monoscript/fileName/MergeCategoryTreeViewItem.cs: c1ecd9dc0cd73eb7eb129994dedc1a91 -> 6bd59fcbfeafe06987a54631991d755b
  custom:scripting/monoscript/fileName/CheckinDialog.cs: 1709b78fae1329cc05fd4f39334b25f5 -> 702fdb8d0a3b4bfcb9ba109e71325cad
  custom:scripting/monoscript/fileName/ProcessCommand.cs: b8ac3f676ec101f7ebb0d2fff79235f1 -> 2cc3b6e2a763c7f353b474b6904b45a6
  custom:scripting/monoscript/fileName/SortOrderComparer.cs: 8f6297df34271fdb1ce2d9607ec6261d -> 90647cc400823b41df847a6cbfc29026
  custom:scripting/monoscript/fileName/GUIActionRunner.cs: 69af7de0762ed6d085feb4cc4b5101b3 -> 4a0608de635b0d82868d57923d68eff7
  custom:scripting/monoscript/fileName/PlasticMenuItem.cs: 07a9318d8d82a152df4ec33acd1befdd -> 30c3a785b4c2607e2ae9aad693d5f604
  custom:scripting/monoscript/fileName/PendingChangesTreeView.cs: f3722f38014385705913f17dbe0f90c1 -> 17142d220a0a50a3f3d184c4718a0da7
  custom:scripting/monoscript/fileName/VCSPlugin.cs: e4ec197b273413c2276be270d94be16d -> 69c1b7249af35f35848ae707bd5e7113
  custom:scripting/monoscript/fileName/GetClientDiffInfos.cs: 4ae14b15e2cf5177a84735548a44cdc9 -> f8db8e637ded2d5e935a953a13b85ebe
  custom:scripting/monoscript/fileName/DrawActionButtonWithMenu.cs: d7f31944358aed2f3ed3982246fca039 -> 8d4f5edd02a1dd0f38c4f2baf5ee8a33
  custom:scripting/monoscript/fileName/ErrorListViewItem.cs: 732dcd63546c04257b33a0917d21b2ae -> 8d377b020cd4efc9739abf6e8e730437
  custom:container-muxer-webm: aa71ff27fc2769a1b78a27578f13a17b -> 
  custom:scripting/monoscript/fileName/EditorProgressControls.cs: b1f133fa38afd918d537a72574fc93a0 -> 2e606eb01a6e6a567f3de9a0379ed3ae
  custom:scripting/monoscript/fileName/BranchesListHeaderState.cs: d47f1164fa7093137db851c4c16ffba3 -> 82eab21603f4efc696334ee80641c2c9
  custom:scripting/monoscript/fileName/DrawSearchField.cs: b11b864a92c7d76f85d4ec87d6faf61c -> 3de70beba9f4447205d50241d95b066a
  custom:scripting/monoscript/fileName/PendingChangesTab.cs: c99065f3c85ec85c85ece2a1a30665af -> 15ae6787065f4af65778e981f418a60b
  custom:scripting/monoscript/fileName/HelpPanel.cs: 625fbcc6029d5fe5cf4aa833f68adb0c -> 
  custom:scripting/monoscript/fileName/BuildGetEventExtraInfoFunction.cs: 1308a6936e8051866a117b3b7c2c7b77 -> 74bfc8c01f931108a3c2b127aa04cc8d
  custom:video-decoder-webm-vp8: 9c59270c3fd7afecdb556c50c9e8de78 -> 
  custom:scripting/monoscript/fileName/WelcomeView.cs: 727cdb3e104b6a2a1b2a292c292f355e -> b6f5ad03828f3d0b6465c52959e1ee5e
  custom:scripting/monoscript/fileName/HelpFormat.cs: 92b36f6584b3d7ccdc99b0ae4e152c53 -> 
  custom:scripting/monoscript/fileName/PlasticApp.cs: c440a0fb380601a77ad475d6c15d4fa1 -> c57de230d90beac7b586f10b9c7c6cb5
  custom:scripting/monoscript/fileName/ChangesetsTab.cs: ef408d8aaf89e01b17643ed0c836680d -> 46dde8f7856048792ad2e75490bb8c5e
  custom:scripting/monoscript/fileName/DrawProgressForMigration.cs: 0390721ecd322e9ab47db03bd0f98a12 -> 
  custom:scripting/monoscript/fileName/DeleteBranchDialog.cs: efbbc070bfeda2b746e8b15a4380cb26 -> 8549b0fc52962c89115fd78724fee578
  custom:scripting/monoscript/fileName/IncomingChangesNotification.cs: 5804eea08e59310a581998ae8010a5e1 -> f039cd7fb6b53e16030c9431c0e3a656
  custom:scripting/monoscript/fileName/DrawTreeViewEmptyState.cs: 6287514b9d86e73fc5c808e9a9847355 -> d4c16fd6aad8161eda7d99fd74cbb08e
  custom:scripting/monoscript/fileName/ErrorsListView.cs: 202ccd428b59063895c865fc91609494 -> 897fb5fb66de4298630458ed4a966790
  custom:scripting/monoscript/fileName/UnityPendingChangesTree.cs: fd6f0a038401268983bd9328d10dec93 -> f391d9a00dc9e202cee4d4ebcf6d21c0
  custom:scripting/monoscript/fileName/EmptyCheckinMessageDialog.cs: 12efddebfc1859d39c5d8d43b34ef051 -> e95636a2119dec4d0c1f323f7ba65603
  custom:scripting/monoscript/fileName/PlasticDialog.cs: b0aae1bf1889af041741f324070b7b84 -> 63a17a2b696bc2a13c9046aa16f8cea4
  custom:SearchIndexIgnoredProperties: e643bd26f0fe6173181afceb89e7c659 -> 
  custom:scripting/monoscript/fileName/AutoRefresh.cs: 9d30d5d3f0e8985355be1ab597da1dbb -> 0a8afde180a876655ad16caa14493409
  custom:scripting/monoscript/fileName/PlasticPluginIsEnabledPreference.cs: 56473af084ae343e005353d1ebe26bab -> 7953272c37f4a828a3d1096e7479f346
  custom:scripting/monoscript/fileName/HelpData.cs: 9293e68e835820b452391937547d1531 -> 
  custom:scripting/monoscript/fileName/GetRelativePath.cs: 9b16eb2de9e98b392077181cc34243c1 -> ab04ae5e0cafb93ebf5c96148bb52df0
  custom:scripting/monoscript/fileName/UnityEvents.cs: bbca41e222c933c10ac2fdcedacdc4c9 -> 93e3e01e1fc330c62462aa41b286117b
  custom:AudioImporter_EditorPlatform: d09bf68614088b80899f8185d706f6e7 -> 
  custom:scripting/monoscript/fileName/DockEditorWindow.cs: 581124d5e19667105f2446d6dfbf7982 -> a9e5e467234133af999283610b6e84e6
  custom:scripting/monoscript/fileName/BranchesSelection.cs: 7eb1fcb556f0fad697e4ec9d989be099 -> 33b36e7b03910960966036894ec90c7c
  custom:scripting/monoscript/fileName/SaveAction.cs: b68fbb4319dbb368959c40781b39fdf8 -> 27c387bb58f3a69b0c9ff60d2209e18f
  custom:scripting/monoscript/fileName/AutoConfig.cs: 6c4e7f9dc55323aa1299debfe9723aa6 -> bf4bbd2f2e752464ef51dbf102faed17
  custom:scripting/monoscript/fileName/DiffPanel.cs: 02288a38bd14cc2b52a25b302a6f154e -> 210366dab3631628227b9406f87a9b7f
  custom:scripting/monoscript/fileName/PlasticAssetsProcessor.cs: ffbead0ce8c78df1634f8fc06dec8ecf -> ff731c8aacf4a537dc74c7cf9eaeaed0
  custom:scripting/monoscript/fileName/DrawActionToolbar.cs: 52293cb82089e0370f52e257f41c0869 -> e05748a99799f26304c1bbafd90f703b
  custom:scripting/monoscript/fileName/TreeViewItemIds.cs: 8f6297df34271fdb1ce2d9607ec6261d -> 90647cc400823b41df847a6cbfc29026
  custom:scripting/monoscript/fileName/EditorVersion.cs: 70953c9eccf7726f70c672a9a51619e9 -> 698aba075b19a52a056d67a7b809d179
  custom:scripting/monoscript/fileName/TeamEditionConfigurationWindow.cs: d06f049421c16e5927ec29f770917e09 -> e53b1ca5561894aaeff930afb696d001
  custom:scripting/monoscript/fileName/ProgressOperationHandler.cs: 5fbb4e0f656dcfaa4498bd2e492e4710 -> ec62666c0ca1649dd33cc6bc6834c6f7
  custom:scripting/monoscript/fileName/UnityPlasticTimer.cs: 961fdb6492c99b4a3eadbed28e78c4b0 -> 6c887e722e951c2964523825cad70c4c
  custom:scripting/monoscript/fileName/TreeHeaderColumns.cs: 9fc4a0396a421346b8aa3b7788860851 -> 316e5ea62e66b20fd6e687a6b9e5958e
  custom:scripting/monoscript/fileName/AssetFilesFilterPatternsMenuBuilder.cs: 8fe5de6e5dc3d42fb7e95de2aaedbf5a -> 0d99e7514c6a33cda8314deed8f34bc5
  custom:scripting/monoscript/fileName/PlasticNotification.cs: 71978c581e1127248a19c9d9e66cd355 -> 3629fdff9f054b2013702f5b131b2c47
  custom:scripting/monoscript/fileName/ConfirmContinueWithPendingChangesDialog.cs: c0e147ff008a0b77c9337132a3ea70af -> 77462b1904ad8f6fee2f8da4523d59fe
  custom:scripting/monoscript/fileName/ChangelistTreeViewItem.cs: a4a6f6169cdb3afe249e104e2b7b1a2c -> 87f69636be8bd1a264ec4eac1bffa701
  custom:scripting/monoscript/fileName/CollabPlugin.cs: bda741ff77a19affbf276298e29313ec -> ca276d65e7cd77c5c99d9f119ffdb215
  custom:scripting/monoscript/fileName/TabButton.cs: 3efe8f66ffd840fd7aeb0585b183d2fa -> 757146b89ed597b1d75c77241e5d5f63
  custom:scripting/monoscript/fileName/LaunchTool.cs: 3ac53c8af1f56365aad9e1ae5366d98d -> 60773d78646dc188d4b2caca77f20b17
  custom:scripting/monoscript/fileName/RunModal.cs: 33b931100ee477e6812324eabaa2e837 -> c83ee2ef642c5d8b8dfd32f033bfc438
  custom:scripting/monoscript/fileName/BranchListViewItem.cs: 8fdaa5aa842f5a70237affa304b9d506 -> 55028f4aef24d6227589aaa95582b2ff
  custom:scripting/monoscript/fileName/GetAvatar.cs: 07c98163f75f0b7c672bd453fc82bf61 -> 04ffae2a9e5a4c32a119f93144f558d2
  custom:scripting/monoscript/fileName/FindTool.cs: fc3b0710b24078288fe829d0bb041dd0 -> 2f9d82566cfb01fb68fc30111fb47624
  custom:scripting/monoscript/fileName/ChannelCertificateUiImpl.cs: 75d7831ab5da75cc0082e28863abb142 -> cefccf1e13b7bcf15e3c9f2dd4cd2fc8
  custom:scripting/monoscript/fileName/ApplyCircleMask.cs: 02eb67e485278e7c9b719fee5ff90f4a -> b955b378d261fdcbd6272fe8711d1e4f
  custom:scripting/monoscript/fileName/AssetMenuOperations.cs: 4d198753827ac1463e02b10d5d04cc7c -> 0f0ce50426259919e339aa7586c1e4ac
  custom:scripting/monoscript/fileName/VisualElementExtensions.cs: cd98f4a51563fccdfc39eed097290325 -> 0aad2728225c469038631668406aebb3
  custom:scripting/monoscript/fileName/LocksSelector.cs: 70b046a562568fd78d093736e68a3a58 -> 7b0f4fc5552c1d92ba7f4648526ceb21
  custom:scripting/monoscript/fileName/ListViewItemIds.cs: 8f6297df34271fdb1ce2d9607ec6261d -> 90647cc400823b41df847a6cbfc29026
  custom:scripting/monoscript/fileName/CreateWorkspaceViewState.cs: 1deb37b3c17c224d9a7dca9c990ea191 -> 0fe23b7cca9336b31a27790c714de652
  custom:scripting/monoscript/fileName/MergeLinkListViewItem.cs: ebc1e6f9e3a3005d8f4c51a794adfdaa -> 3fa407d29597803190dd374d88ed170d
  custom:scripting/monoscript/fileName/DrawCommentTextArea.cs: ad5449f632fd412ac0f7ba0d171fd453 -> c58c26552f95f108a8d9610eaf001fbc
  custom:scripting/monoscript/fileName/ErrorsListHeaderState.cs: cb38081a34dcc37c968a3fae60743b76 -> ccfb08b895a719829a3302b7c4d26a5d
  custom:scripting/monoscript/fileName/RefreshAsset.cs: f56d23c5126a2dd3db6f272d3d3b71dd -> 21c806d59a337a83fcab56230df298f8
  custom:scripting/monoscript/fileName/BoolSetting.cs: 9c3f40d0ec58f1b80f82d15e4bda7107 -> 6866476ee3db529747ee7a560b4298d4
  custom:scripting/monoscript/fileName/CreateChangelistDialog.cs: 774371d4233cc1d394d98dc80507a1f8 -> 386b03e27c951c5f1d63daf7aae486ca
  custom:scripting/monoscript/fileName/HistoryListViewMenu.cs: 15a489e494f04a7ea37a587c7601070e -> 29770348599c8d5473b78d72e5741b40
  custom:scripting/monoscript/fileName/FilterRulesConfirmationDialog.cs: 5186d89f21d03764f0cca01c2a0122d7 -> 9c91c6c91f20e6d013a753f32343b327
  custom:scripting/monoscript/fileName/ChangesetsSelection.cs: d154d1782ed752b83834c54a0bde3df9 -> 8b9d539af9f7e269bac4e3d79e9ffab8
  custom:scripting/monoscript/fileName/AssetPostprocessor.cs: 28be74a844bbed0286c3c45dee7283e7 -> 96208057b904410715a8df295ba4f8f4
  custom:scripting/monoscript/fileName/Enemy.cs: 13cc614454c9ae28caa24456faa3d7cf -> 
  custom:scripting/monoscript/fileName/IsResolved.cs: 12b1cb46be3341613a9d03a0fb32ccfc -> f54a3e2c5134aa4306f9ad150b1911a9
  custom:scripting/monoscript/fileName/LocalStatusCache.cs: a558fcf5f34357bab4cfc7b75e2bb356 -> 30974ea30517fbfd1b93153f6c849a76
  custom:scripting/monoscript/fileName/RepositoryExplorerDialog.cs: 143e7416b576681e1f2ea71288e530e6 -> eea34924da79ad7254f3e141a891c78d
  custom:scripting/monoscript/fileName/HelpLinkData.cs: 298f428470bd6f0a46823cad390bf0d6 -> 
  custom:scripting/monoscript/fileName/WorkspaceWindow.cs: ff52e13cd29dacd66db0169e14f71a23 -> b042f06133312d3bfed176231d97d77c
  custom:scripting/monoscript/fileName/PlasticShutdown.cs: 927cfd31d19eaaaa16d67e3e3b26fdb2 -> a8df8eeeed98372d06e446171a192a6d
  custom:scripting/monoscript/fileName/FilesFilterPatternsMenuBuilder.cs: 28072cd275c96994687e6d4d0d6e1dff -> cf716a8d336c8113475a9ca67a799ec1
  custom:scripting/monoscript/fileName/HistoryListViewItem.cs: 2d3b1fc954b6bdbae298ec250ade0663 -> 96f2b67ec620b83e35d13f11877e1ac1
  custom:scripting/monoscript/fileName/RemoteStatusCache.cs: 00463e6b90cfe7da080d7c266f783980 -> 402d5663f3675e9324c129274b0c00f2
  custom:scripting/monoscript/fileName/EditorWindowFocus.cs: 1012e4e2e29e9b29bdcc03d8b92762a8 -> f258b0cf85078a7435d001e522d5e8e3
  custom:scripting/monoscript/fileName/EnumExtensions.cs: 24df84756ec75feecd53a80a0991ea16 -> 872fcb89b813d64606e680211dede528
  custom:scripting/monoscript/fileName/NewIncomingChanges.cs: 4475d5d6d9583dbe65c4824e6a1fe6aa -> fc48261878ef7e4b956e7172f5803aee
  custom:video-encoder-webm-vp8: eb34c28f22e8b96e1ab97ce403110664 -> 
  custom:scripting/monoscript/fileName/UnityIncomingChangesTree.cs: a6749c8b534ffb85ccf809bc8e274114 -> 42967773c43d3de5d23be4ddc6dfd9c4
  custom:scripting/monoscript/fileName/UnityDiffTree.cs: 447fc3a8922f56330f4bae8c9dc9a8be -> 1029ffd567bc0e646e6b119719dcb2ff
  custom:scripting/monoscript/fileName/TreeHeaderSettings.cs: 114eb9e27124403e8e111494b8eaf987 -> 662b1714c0fce36da72bbfe60201987a
  custom:scripting/monoscript/fileName/UnityConstants.cs: 5ce06a0e2d108fc8a16a0af098aa895b -> 8f7afb61f2b433d3c701afb225319bcb
  custom:scripting/monoscript/fileName/IsExeAvailable.cs: 3e4283303610c884e542b8f6d3e922d4 -> 4a3dbc5ded94087064afd97407f26631
  custom:scripting/monoscript/fileName/AutoLogin.cs: d257b2b319167ee8af9b75266dabb58c -> cac363a2d5471994de278e71f937b032
  custom:audio-decoder-ogg-vorbis: bf7c407c2cedff20999df2af8eb42d56 -> 
  custom:scripting/monoscript/fileName/UpdateReportLineListViewItem.cs: a101f0ba5292fc139445870b3f4af838 -> 9f63395e1ea590dbbab4d59cd0032ac4
  custom:scripting/monoscript/fileName/DrawSplitter.cs: ec7e8739eacabcca3e2946d9833eea0f -> d2f114a8e8e4167f7762d835a83b2f55
  custom:scripting/monoscript/fileName/LaunchDependenciesDialog.cs: e1c527862a66e73f0417ae177d7fdfb5 -> 2cabf22eb95430074b6c730a84e03493
  custom:scripting/monoscript/fileName/CredentialsResponse.cs: 96b135ae1c4ea541dc762170ea524fa9 -> 3dd2507693e56dac75ee7783f598cbb9
  custom:scripting/monoscript/fileName/LaunchDiffOperations.cs: 831bbe9f0510da02e07943dba200580f -> 20e85a96a5926a180bb53a2abca68aa4
  custom:scripting/monoscript/fileName/PlasticSplitterGUILayout.cs: 4cfaefa1a850aceff54713912c4a2bda -> 111849f67dfbfea65ad2a9298ad1654d
  custom:scripting/monoscript/fileName/CheckinDialogOperations.cs: 0b2a2cd4c41cf1865a29cf91b2a96a48 -> d032d69e8060311c06b88286e8f22ddd
  custom:scripting/monoscript/fileName/PendingChangesViewMenu.cs: 68fab310addfd7068cfd7920070496ff -> 9b0019b6df6bb14eb3a2dbafa53fb54b
  custom:scripting/monoscript/fileName/AssetsSelection.cs: 35cec24e81f0cb1de51daeb356abc4ff -> 0227d7ff4d5687932d10967a945a9b06
  custom:scripting/monoscript/fileName/EnumPopupSetting.cs: 8f6297df34271fdb1ce2d9607ec6261d -> 90647cc400823b41df847a6cbfc29026
  custom:scripting/monoscript/fileName/PlasticConnectionMonitor.cs: 0a14faa9ef1a178a87cdca925b1963c3 -> 920e8e381bfc94da8bb69d336dda57ca
  custom:scripting/monoscript/fileName/HistoryListHeaderState.cs: 6226ef13a567fa81584864f8698be331 -> a87e0364d14866c369ad50d669bdfa85
  custom:scripting/monoscript/fileName/CloudEditionWelcomeWindow.cs: c886fdb39f4b8787e6ea3701a8f88f4a -> b1721e471183956468462f6b64901640
  custom:scripting/monoscript/fileName/AssetsPath.cs: 367269acf8f676d2cdd30fdc387b3920 -> e0e986124adc46d913f0683c34b88c9f
  custom:scripting/monoscript/fileName/MetaPath.cs: 1f80313a7ce6ec6ece505285578f5745 -> 417a84eb354831f828a6752b26c8592d
  custom:scripting/monoscript/fileName/CredentialsUIImpl.cs: 90e9c2de8d7bdd8424e0d89c415108ae -> dbacf67c37819fd95562fe169e706732
  custom:scripting/monoscript/fileName/ChangesetsViewMenu.cs: b720f0168f4ce1b1e0d358a6d5ec9a42 -> 7d1a2de81910b5990e71a0bfff26fdca
  custom:scripting/monoscript/fileName/UnityPlasticGuiMessage.cs: 2a7f71f59c0d7dc731fd345a3713957c -> 24eef0792e3802809607a7f9d04b8f1d
  custom:scripting/monoscript/fileName/OrganizationCredentials.cs: ee462057b3bd23cc3dab953ac4d656e2 -> 0b123406cadd651e9adc01c85fab5124
  custom:scripting/monoscript/fileName/StatusBar.cs: 4d7c95bdcb7dc38d15f73e75e08a1cfd -> 392933116703b8e69a96dc0b873bf6f1
  custom:scripting/monoscript/fileName/IsCurrent.cs: 16ae2475c9982c21b0dccb3cdf4b1a92 -> cf1fd01890d0fd9f011c1a1a491e2cf0
  custom:scripting/monoscript/fileName/ChangesetFromCollabCommitResponse.cs: b986ab8b1acd322b0367812e2d541734 -> ba336e4117e1b7ee28e4c17197bc3d0e
  custom:scripting/monoscript/fileName/MoveToChangelistMenuBuilder.cs: 3a2ef8cb0baf69e5dadeafc731fe32a9 -> a90b3e388d3e1316fa104d4c9a03e2d1
  custom:scripting/monoscript/fileName/LoadingSpinner.cs: 69a46a0158b3944983921513a6337a68 -> 1c13cf7a9498073806920e71757dfeda
  custom:scripting/monoscript/fileName/LocksTab.cs: 134c512484ae73354c15c06a6dc69f9f -> 00ffb5a39c16fdc2d733c7e53471a3a9
  custom:scripting/monoscript/fileName/BranchesTab.cs: 764cb17e9337c58ad4f5304b60b2042e -> 57c33f76c527a5aba4d269245ffff188
  custom:scripting/monoscript/fileName/HelpLink.cs: f129aa05dc3840d5bd4f2e0d111189db -> 
  custom:scripting/monoscript/fileName/ToolConfig.cs: 18b1ea271ce5e7b6deea7b4e8e175269 -> fcffc3165b047f54ed6ccafa4c8760dd
  custom:scripting/monoscript/fileName/DropDownTextField.cs: e66e7314096900597993d2b353757d8d -> c8fc484ce140049ff31ebc2c6cbebf28
  custom:scripting/monoscript/fileName/AssetsProcessor.cs: 47679a6e15b70f4fef48eb1b2df31b19 -> 18737889e95cd4088e8dfd4153fa8f40
  custom:scripting/monoscript/fileName/DrawActionButton.cs: d847a7d82ac92cab2b3d0ae268cefb3d -> 81e6708d2b8fa199354e53f85db731a8
  custom:scripting/monoscript/fileName/TableViewOperations.cs: ddc7b903e0dbd6bd109f2bd709b95f0e -> bef3a31deb1fe794a90f767d16e4c868
  custom:scripting/monoscript/fileName/UpdateProgress.cs: 5b04f01bf199310f09ab9522f89c78f4 -> 281e1e05168d6a30be1d8d2f6200bef8
  custom:scripting/monoscript/fileName/OrganizationsInformation.cs: b3f0758c6655b2dad1161792812992fa -> 5f067ea8d90fc79055a3dcfd58ae6dca
  custom:scripting/monoscript/fileName/SubscriptionDetailsResponse.cs: e10e0299ef716630c63b8cf5f792cda0 -> e5121cec860a6d1097cc809217b3d8fe
  custom:scripting/monoscript/fileName/DrawProgressForDialogs.cs: 5f8d39e3ea7c4a42148c6b1a7b4ca061 -> a5f2abd8875e7a6afbc171fabfbae81f
  custom:scripting/monoscript/fileName/ToolbarButton.cs: 0b8663f5acfbbe9acf3c68758e2857fb -> 47dc767626bbd94d66707af31ddc5eb6
  custom:scripting/monoscript/fileName/ProjectViewAssetSelection.cs: 349dc288d32791de51156d4e59000b7b -> 2560eadaf6a13a74a46a4a207cd5a8b6
  custom:scripting/monoscript/fileName/DrawTreeViewItem.cs: cceebc4f1185658619e40964f29acb08 -> 0921a62a588ab864253743d1f07afb5a
  custom:scripting/monoscript/fileName/DrawSceneOperations.cs: 2426c0c2ee58cd28be59874f6425940c -> d87f46f9fb97181a2f51490ea2e1efc3
  custom:audio-encoder-webm-vorbis: bf7c407c2cedff20999df2af8eb42d56 -> 
  custom:scripting/monoscript/fileName/DrawActionHelpBox.cs: dcd6ec2e7fb1b44f22c4a79ff87b70cd -> c8f6be9dab1e6f8d71e0c63c29679186
  custom:scripting/monoscript/fileName/PendingChangesMultiColumnHeader.cs: 21802cc6929e0e180fb4f0be8e34d9d0 -> 722de7d6e07a79981d750438e6febb8f
  custom:scripting/monoscript/fileName/EditorDispatcher.cs: c739e073a8c38dbcf59192f45d1004c5 -> 3c402eae57d73cc54863f3f6a13096ae
  custom:scripting/monoscript/fileName/IIncomingChangesTab.cs: 363f9daba453e316e730238a80857251 -> 40644cd18074db84684b9e437bf8fa77
  custom:scripting/monoscript/fileName/GetChangesOverlayIcon.cs: f00e4b795697c6cf3092760f3b6fc49d -> d599d6efdee28305661bc0cf6683858a
  custom:scripting/monoscript/fileName/ChangesetsListView.cs: caae0aefb36c869f50691482a5cd0944 -> 87b74e0d80cf59010f55e2baaeb6679d
  custom:scripting/monoscript/fileName/UpdateReportListView.cs: 2d8fccdaad50bbd7454b52cf9cb4a0f9 -> 08d26df1ab6c3a7628addc5e54e50b08
  custom:scripting/monoscript/fileName/UnityConfigurationChecker.cs: 59a8f0715a7c89a752351bf42f94abbd -> 874cd65cce0384fef4b60e71fb08a429
  custom:scripting/precompiled-assembly-types:Assembly-CSharp: 69a1ba9911c52548649e65bd99706ec9 -> 
  custom:scripting/monoscript/fileName/CheckWorkspaceTreeNodeStatus.cs: 5e11ff64963669981115eb58dc2b6e8b -> 1e1255b803bf7cbc935bb804bf0dbe7b
  custom:scripting/monoscript/fileName/PlasticPlugin.cs: a57c142b98ca3d4daad221737fd72924 -> c64561980f26020cc3206ae8b1047268
  custom:scripting/monoscript/fileName/SwitchModeConfirmationDialog.cs: 4d9c02587760213784bfe53d012122b4 -> 30cd71d0b3ee4b2689cde689908d301e
  custom:scripting/monoscript/fileName/PlasticWindow.cs: 76740c086f0109337962354fe520adb2 -> fc467478941f610919bc69526ba2c215
  custom:scripting/monoscript/fileName/BranchesViewMenu.cs: 8089f11c30784e2e57775dd6cdbae898 -> 7bfc83e917c9b0b5aa423bb947ce2a38
  custom:scripting/monoscript/fileName/CooldownWindowDelayer.cs: 7816cfcad485500dbac9993c4502ea69 -> 4c95e39c8dd4cfa1bca106097fdb6524
  custom:scripting/monoscript/fileName/GetInstallerTmpFileName.cs: fa7bda723ac795b48e38504727f44981 -> d09e0b5c7a9af5874530e17ef23025f0
  custom:scripting/monoscript/fileName/AssetModificationProcessor.cs: 84d720d70e5c24b7d0630ef5cea215ce -> a602c9e59e7db185e3a0d68d986e6fef
  custom:scripting/monoscript/fileName/IsCollabProjectMigratedResponse.cs: 4c3294c6a51e6f42161d191230692016 -> af2b76c693935deee55cfcaed2aa7568
========================================================================
Received Import Request.
  Time since last request: 19.321660 seconds.
  path: Assets/Scripts/Player.cs
  artifactKey: Guid(9318267c843cac74fa90538eaefdeff1) Importer(815301076,1909f56bfc062723c751e8b465ee728b)
Start importing Assets/Scripts/Player.cs using Guid(9318267c843cac74fa90538eaefdeff1) Importer(815301076,1909f56bfc062723c751e8b465ee728b) [PhysX] Initialized MultithreadedTaskDispatcher with 20 workers.
 -> (artifact id: 'adde8b35df8c70b4f11fd73b5ccac79c') in 0.001434 seconds
Number of updated asset objects reloaded before import = 0
Number of asset objects unloaded after import = 0
========================================================================
Received Prepare
Caller must complete domain reload
Begin MonoManager ReloadAssembly
- Loaded All Assemblies, in  0.273 seconds
Native extension for WindowsStandalone target not found
Mono: successfully reloaded assembly
- Finished resetting the current domain, in  0.626 seconds
Domain Reload Profiling: 898ms
	BeginReloadAssembly (95ms)
		ExecutionOrderSort (0ms)
		DisableScriptedObjects (3ms)
		BackupInstance (0ms)
		ReleaseScriptingObjects (0ms)
		CreateAndSetChildDomain (19ms)
	RebuildCommonClasses (20ms)
	RebuildNativeTypeToScriptingClass (6ms)
	initialDomainReloadingComplete (16ms)
	LoadAllAssembliesAndSetupDomain (135ms)
		LoadAssemblies (170ms)
		RebuildTransferFunctionScriptingTraits (0ms)
		AnalyzeDomain (17ms)
			TypeCache.Refresh (8ms)
				TypeCache.ScanAssembly (0ms)
			ScanForSourceGeneratedMonoScriptInfo (5ms)
			ResolveRequiredComponents (3ms)
	FinalizeReload (626ms)
		ReleaseScriptCaches (0ms)
		RebuildScriptCaches (0ms)
		SetupLoadedEditorAssemblies (335ms)
			LogAssemblyErrors (0ms)
			InitializePlatformSupportModulesInManaged (3ms)
			SetLoadedEditorAssemblies (3ms)
			RefreshPlugins (0ms)
			BeforeProcessingInitializeOnLoad (43ms)
			ProcessInitializeOnLoadAttributes (266ms)
			ProcessInitializeOnLoadMethodAttributes (18ms)
			AfterProcessingInitializeOnLoad (1ms)
			EditorAssembliesLoaded (0ms)
		ExecutionOrderSort2 (0ms)
		AwakeInstancesAfterBackupRestoration (7ms)
Refreshing native plugins compatible for Editor in 2.40 ms, found 3 plugins.
Preloading 0 native plugins for Editor in 0.00 ms.
Unloading 3094 Unused Serialized files (Serialized files now loaded: 0)
Unloading 13 unused Assets / (27.7 KB). Loaded Objects now: 3630.
Memory consumption went from 126.5 MB to 126.4 MB.
Total: 2.552900 ms (FindLiveObjects: 0.227300 ms CreateObjectMapping: 0.092600 ms MarkObjects: 2.195400 ms  DeleteObjects: 0.036700 ms)

Prepare: number of updated asset objects reloaded= 0
AssetImportParameters requested are different than current active one (requested -> active):
  custom:scripting/monoscript/fileName/IncomingChangesTab.cs: 6fa4849c09cf3ec125d3914af6074a21 -> 82bff1d960538992d4e618d909869d2e
  custom:scripting/monoscript/fileName/DiffSelection.cs: 34faf7c86f7e0c9a01162e930679d82f -> 1460aaba4240ef35322cb9c198487990
  custom:scripting/monoscript/fileName/CloudProjectId.cs: f33db9e9673144ad1e994ed4cff5ce2d -> 
  custom:scripting/monoscript/fileName/DateFilter.cs: 4084040ac52b6e24ba874651890c5c6e -> 85ed700e21fd471cc38c626cebe01d52
  custom:scripting/monoscript/fileName/PerformInitialCheckin.cs: be22d181e456c0a8a5713675f29ac72a -> 8ef9a9f407b8b94b2b5fad9d24e61f79
  custom:scripting/monoscript/fileName/ConflictResolutionState.cs: 51eaf597f9533c7ed197ad15e802d20f -> 74a230000ff2fd58c5a60ab4258207dc
  custom:scripting/monoscript/fileName/FindWorkspace.cs: 39bbd18bfe6bf4a99f5c185dcda4dd4a -> 6af6c9e9382fef881c020ab184e6f7f5
  custom:scripting/monoscript/fileName/IncomingChangesNotifier.cs: 0bfcdd9eeb0b298616154e2db5e6905b -> 10fad815611441fb3a805150421ed991
  custom:container-demuxer-ogg: 62fdf1f143b41e24485cea50d1cbac27 -> 
  custom:scripting/monoscript/fileName/CheckinConflictsDialog.cs: d3af1d70d3f60a9847d2942647274222 -> e13fa04a97fb675842c94586fc602871
  custom:scripting/monoscript/fileName/AuthToken.cs: d22b2893825e943bc1389be142abd57e -> 0fba7e8eb1ec8b699f274cdc956451b2
  custom:scripting/monoscript/fileName/ProgressControlsForDialogs.cs: 6bf8e69ac7dc2163fe988e5d8181ce88 -> 7e6bd1727985204e3b64e1946e589b1c
  custom:scripting/monoscript/fileName/AssetStatusCache.cs: beede06d8a6d93e7907fd192ad653f2b -> 260d5f85663ac58b2a7e9553c453bc3e
  custom:scripting/monoscript/fileName/DrawIncomingChangesOverview.cs: 6d1aadb525661622ddc7d545c55841f2 -> 
  custom:scripting/monoscript/fileName/BuildFormattedHelp.cs: f675844664504d88a0d8165e2b08a2bf -> 
  custom:scripting/monoscript/fileName/OrganizationPanel.cs: d7ac1288bef1b15a05bb26d201a4d87f -> 57a57e6a345dbd536e91c348b70943a9
  custom:scripting/monoscript/fileName/MigrationProgressRender.cs: 94a7accb6b5be388f3abff6285d8f1af -> 
  custom:scripting/monoscript/fileName/ChangeCategoryTreeViewItem.cs: 0f882939555cf173ece99b60f8f54ade -> fd14db176fff061715c8ec88ced1902f
  custom:scripting/monoscript/fileName/CurrentUserAdminCheckResponse.cs: cec2f173fe8732108711c497674c6f66 -> d57c2dcace740834acd59fdfbc5023b8
  custom:scripting/monoscript/fileName/UIElementsExtensions.cs: a191d7293be4538b0adb29dfe5b06a46 -> 52e0d612ab032e4d22e9558b90396b99
  custom:scripting/monoscript/fileName/CreateBranchDialog.cs: c429477092287209232592c8cde1a615 -> 9eb29fda08033b4f847247136c412db6
  custom:scripting/monoscript/fileName/GameManager.cs: 9933fbcc6190e2a9171c2ec8808a053e -> 
  custom:scripting/monoscript/fileName/DrawCreateWorkspaceView.cs: 6422239d8f649480614f0dd4f018b7f2 -> c6039ac84d85ab3926aa94de163a9f7d
  custom:scripting/monoscript/fileName/ProjectPath.cs: 5634ebdbea8ca94089eb9622d1b60497 -> 2007f972d3a73eeb86dfe05e849c7f69
  custom:scripting/monoscript/fileName/SSOCredentialsDialog.cs: 8967ceae1bc195ea8dd32b23c42dd852 -> e140ede12a96f68f30062138385171c3
  custom:scripting/monoscript/fileName/DownloadPlasticExeDialog.cs: 2dd40c53d0303d041a27a44a95c331cb -> 093cfe0607c2346a88cdfdfe1435614f
  custom:video-codec-MediaFoundation-h265: 746d11721c4dcdbdad8f713fa42b33f4 -> 
  custom:scripting/monoscript/fileName/PendingChangesTab_Operations.cs: c99065f3c85ec85c85ece2a1a30665af -> 15ae6787065f4af65778e981f418a60b
  custom:scripting/monoscript/fileName/LocksListViewItem.cs: cc9cd24c5be4f7363367cba72f12aad4 -> f4a19fabbec093eb3d6a7e1cd4f42611
  custom:scripting/monoscript/fileName/PendingChangesViewPendingChangeMenu.cs: 561ad0f702e1db14300a4a5f810051f9 -> 9a6ef2277212bf26d647c7f12f946287
  custom:scripting/monoscript/fileName/SignInPanel.cs: f7e82045994d4eefe3b021faa87b55c6 -> bac0318ce35e37bed3a2cc8137452435
  custom:scripting/monoscript/fileName/DrawInspectorOperations.cs: 61c4a6a6507d8f84ef5bdf5cba3f0aee -> 8c94fe642e98309082411f46db89106b
  custom:scripting/monoscript/fileName/DrawDirectoryResolutionPanel.cs: a77980eb09765fe85cd85d4a47964cf2 -> e4e3c9b4bc511687802b504b71016540
  custom:scripting/monoscript/fileName/CloseWindowIfOpened.cs: d820344e932a12600b5fe6fb7e9f1563 -> ce229ef3b7461ff17e2c1af0695a6657
  custom:scripting/monoscript/fileName/SaveAssets.cs: 11deea70336cb98c5d0b6c869323e6ef -> 898e86402580d75dc56c5f25b325a28e
  custom:scripting/monoscript/fileName/RepositoriesListView.cs: 9f95c83dc460fb03fb0916472f14b8a7 -> 95287f65338ca0073ad04002a16eaaf7
  custom:scripting/monoscript/fileName/AssetOperations.cs: 638daf61300bf6ad727538516d4fa3e2 -> 
  custom:scripting/monoscript/fileName/HandleMenuItem.cs: 740e54c5f6dca1acc88cad87af74b744 -> b4ad1ecc5243212c5967125ad5e41b1f
  custom:scripting/monoscript/fileName/ScreenResolution.cs: 5c975132cf4e36dcc261bd0acd604271 -> 7bb7bb5b955671820101b322f0a7bf3d
  custom:scripting/monoscript/fileName/ApplicationDataPath.cs: 8e4094e28762fb76a1baecfe90c6b65e -> 3e8c4ea8debfda8013fed860ac233d22
  custom:video-decoder-ogg-theora: a1e56fd34408186e4bbccfd4996cb3dc -> 
  custom:scripting/monoscript/fileName/RepaintInspector.cs: 65202bdc05e3e19fadffb7fd99f30154 -> f134606300316994850c28a68d0cb5a3
  custom:scripting/monoscript/fileName/LockStatusCache.cs: 5e3725e03dc21c716034553589a67eae -> e99b3f34c5cd3eb73ec19439af1f7f80
  custom:scripting/monoscript/fileName/DiffTreeView.cs: 68195907d129ef826aa6b6df7202696d -> 49f46fd2a65ea674a218eead75f27aac
  custom:scripting/monoscript/fileName/DependenciesDialog.cs: 82d30fc8d5e1a73ec0d1ee9acc00fbc2 -> c8902186ab2f4e6471b5dd147afb01b6
  custom:scripting/monoscript/fileName/ChangesetListViewItem.cs: 95a197949f1e777703db60eea8cc21b3 -> d742a4910e302777daa1ccb9c8e92cb9
  custom:scripting/monoscript/fileName/LocksViewMenu.cs: fda08381fa9abca53b6eaf3bf55f14f8 -> 186d8514e824865b191ba1829afe4b33
  custom:scripting/monoscript/fileName/IncomingChangesViewMenu.cs: 832662bce0cd8edd53cba36a0dd96da0 -> 13196979a03411533716f6775c9a624b
  custom:scripting/monoscript/fileName/QueryVisualElementsExtensions.cs: 75ea535788abf9c38ba9341c984a6241 -> a49740b6efbb934f55475cc70b864a4c
  custom:scripting/monoscript/fileName/WriteLogConfiguration.cs: 1a8401f47b522f631a3dc005105719f5 -> 1589212d1638ae91a029ea3ddf9999f2
  custom:scripting/monoscript/fileName/DrawTextBlockWithEndLink.cs: d447e809d154b60a192c102b7b82eecf -> 1cc3e67c46bd397f9508f124a3366994
  custom:scripting/monoscript/fileName/FileSystemOperation.cs: c31a686e69e66801c204a11be56c950a -> f0ccbe91654279794a85bf6f1c034716
  custom:scripting/monoscript/fileName/MigrateCollabProject.cs: af93695e471d9c8e4ad014c4165f2c3c -> 9f3487f03a783b35518405572f20ac9e
  custom:framework-win-MediaFoundation: 216162199b28c13a410421893ffa2e32 -> 
  custom:scripting/monoscript/fileName/ProgressControlsForViews.cs: 7d677c6df38ab15cf390062b5b0bb854 -> a8a18a90f46aa63848e1e45d8d7ff9af
  custom:scripting/monoscript/fileName/DrawAssetOverlay.cs: 8ccd7cea9aa918859be0b55818cb990b -> 04a46044def089f0abcdafdd281e3646
  custom:scripting/monoscript/fileName/ProjectWindow.cs: 953e9bbd852a9f12f91349161baa793e -> c62567a3d71fd74636bc783de5162474
  custom:scripting/monoscript/fileName/MergeLinksListView.cs: 826afb5fb5988163105086b4bf5027af -> c9488671ae9b14523680d0c19097baa0
  custom:scripting/monoscript/fileName/EditorProgressBar.cs: 7418be9b22aaea32732f8a5f49569d1c -> 08c2f2b90ef64df631d46389f0e22c8e
  custom:scripting/monoscript/fileName/MeasureMaxWidth.cs: cd9322680ae61d38397008451b7ed0ed -> 1569e3f1dad91a9b01cba66ab6aa30b0
  custom:scripting/monoscript/fileName/ChangesetsListHeaderState.cs: 69fc4f1a2bc3782d7043ec48961a3616 -> fe1392f9b135da83e13fe8a5e5f39fc2
  custom:scripting/monoscript/fileName/PendingChangesTreeHeaderState.cs: 7d278b5569d28437d07554a3bbb56e1b -> 5d7f70d142c9ac67864ec14950523d62
  custom:scripting/monoscript/fileName/ChangelistMenu.cs: ca33bac56b3a337faa90a1b1bba632d6 -> c1bf5aeb760cc5eae584ea3944d6531b
  custom:scripting/monoscript/fileName/MissingEncryptionPasswordPromptHandler.cs: 7f5831fc8a41e9cadd84fcfd0e885072 -> 5d7b9646eb14a39b6d3d5bab19d266ff
  custom:scripting/monoscript/fileName/NotificationBar.cs: e0f12e3f3292fff5a590c00b59f3a17a -> 0daf459fa0c4269b16bcc20cd072c021
  custom:scripting/monoscript/fileName/UnityThreadWaiter.cs: dbd556f2802baab90a20da38c288d36c -> 99333406d92d10003984b4d1920de2f9
  custom:scripting/monoscript/fileName/CredentialsDialog.cs: 179b5e49656a1623c2e79d838f0f5876 -> c785d5e40f8d66b7ef7ba04ee7c324e0
  custom:scripting/monoscript/fileName/GetRestorePathDialog.cs: e21eb9983f0b989125951478cd5e9b35 -> 353d1126ca2d2063d5bdbd06806ffc08
  custom:scripting/monoscript/fileName/UpdateReportListHeaderState.cs: 64a5bf775d221ad9a5ff8c78a1e0e1fa -> d6cbe54be2898ed2c96c2e79572c2e08
  custom:scripting/monoscript/fileName/LocksListView.cs: 8c6202774eebcf67be9c3b5a2926cc7c -> 7aa51ff93bcc98aa05dec8b46ec200c4
  custom:scripting/monoscript/fileName/DownloadAndInstallOperation.cs: b043b8d5921892e87f4566e00162cff6 -> 4f4065aeafda2af0ec272a3c228e27b2
  custom:scripting/monoscript/fileName/MigrationDialog.cs: 1a69d399f9c8aa816a053d285dd8bc5d -> 
  custom:scripting/monoscript/fileName/DiffTreeViewMenu.cs: 3e62bfc69ca7486976988e151b88922e -> 8039fc4ecf68b3e966e1f4822789e7fa
  custom:scripting/monoscript/fileName/UnityStyles.cs: 1e97cd7e9a8ef8ab43da545c6691e95c -> b57f61a58df1c49a1c9d37daf76d42cb
  custom:scripting/monoscript/fileName/HistoryTab.cs: 4d086984813cd90d6be245dd8e03a2ba -> d57f000c65fde42a2228c7a105a836e5
  custom:scripting/monoscript/fileName/HistorySelection.cs: 7c3afcf345a55e8b77ea41ca0f570218 -> 3d07a3d1241e204b5420d71f1137eba4
  custom:scripting/monoscript/fileName/CreateWorkspace.cs: 7b3086384e5ddcd73cd5064a3ce31cd2 -> 5256205b5cf0570b6f698c7abe518f5a
  custom:scripting/monoscript/fileName/ShowWindow.cs: c731454122754eec192bc3c53fac3d95 -> a6bb1d20733c178256b38974418d7450
  custom:scripting/monoscript/fileName/LocksListHeaderState.cs: b80c5f044f18764adef2e9dbea5f0fb1 -> c7fe4d3b5f954615048f8e79925d29e3
  custom:scripting/monoscript/fileName/CreateRepositoryDialog.cs: 1e1c5399cf3d0b071c7982c565a710ce -> 5cec3e66b09e0dbe1f805953c5c64af9
  custom:scripting/monoscript/fileName/ProgressControlsForMigration.cs: dafc8442bdd0dcb5e871e398f32473ec -> 
  custom:scripting/monoscript/fileName/RenameBranchDialog.cs: 4e8cba56a673b7adf6b1f70db522f07c -> a4999d46054383b4cef03a3dac804cd0
  custom:scripting/monoscript/fileName/EncryptionConfigurationDialog.cs: 6423045767c07e6360ff314ec741c601 -> 19e9c54aff6ffc68d60fe11f80578947
  custom:scripting/monoscript/fileName/CheckinProgress.cs: 298ac58365579798eb3b4defc181ccaf -> 75b93dbc5ef307111f0647f735640420
  custom:scripting/monoscript/fileName/PendingChangesSelection.cs: 766664749a54eea9ecce5dff917430ef -> 1721ad72d074757364587c71b49d9382
  custom:scripting/monoscript/fileName/LoadAsset.cs: 9042eb334fc462cf466672445be1d4c2 -> 5e4e082aa5b21c13b80eb237fe94d00b
  custom:scripting/monoscript/fileName/Images.cs: 0b0c14141950fed99e3ef33199b3b4c9 -> fbdd1e600315d249327f3effde045c9d
  custom:scripting/monoscript/fileName/DrawLocksListViewItem.cs: ce3a3d64ec2d84c3556ffd4141efc4f7 -> 6201c4d50383e970d554210505562d37
  custom:scripting/monoscript/fileName/DrawProgressForOperations.cs: ea9179848be98ee7719316b39339ef29 -> b544f18e6532ba53bbd1b691fa5cd571
  custom:scripting/monoscript/fileName/ViewSwitcher.cs: af4cfa015a44a1390a6513bac2b176c3 -> 1700c042de8c16a5c0f6851d66df802a
  custom:scripting/monoscript/fileName/RepositoryListViewItem.cs: 2f16ba7694ec7934685021093e722c4e -> 3cabcd81911a2500dcd9e2b6ffae3f00
  custom:scripting/monoscript/fileName/InspectorAssetSelection.cs: 71ba78e42827a9b22a9a6016733d756f -> 4b3c1ae4c44d88205aef26229acfe022
  custom:scripting/monoscript/fileName/UVCPackageVersion.cs: 0f4077cb83cde000a967972e97c7cc8c -> c4d95cb84d9d8dff4727eba6b0a64378
  custom:scripting/monoscript/fileName/IncomingChangesTreeHeaderState.cs: 67923e7c73743bbc0577bc7d884f3ba2 -> 9fcb97ef2da44c66332f5c6800c2e6ed
  custom:scripting/monoscript/fileName/WorkspaceOperationsMonitor.cs: 3aaab60832000a68ac1ea7432c36aabe -> 9241430734576b6454278a078113af4a
  custom:CustomObjectIndexerAttribute: 9a22284fe3817be447336de3de66b15e -> 
  custom:scripting/monoscript/fileName/MacOSConfigWorkaround.cs: 8634a542fc5c45ea8cd9a8244bf2c871 -> 9fe61e763da506601651f6c451cecb0a
  custom:scripting/monoscript/fileName/IncomingChangesSelection.cs: 281fe0b171b5382d8cd906c4490e5804 -> d86f9f4463e6f9d99bb815e1f018ccf1
  custom:scripting/monoscript/fileName/PlasticProjectSettingsProvider.cs: 31d8ae24271dbfa9cba89dcd2b9f91a0 -> 50aa12401e4c353b2dea4777ec9b23ad
  custom:scripting/monoscript/fileName/AssetMenuItems.cs: 64aa50dcc3bfcf35201c6730dc62acc3 -> 9ce81cedb8e568c6b7b646aa6263645b
  custom:scripting/monoscript/fileName/ToolConstants.cs: a088b027c7b0922429c756f12b0507ea -> 3b0d2490617bc7f94a0bdab65a399e1d
  custom:scripting/monoscript/fileName/GetSelectedPaths.cs: 02423a81496d6c63598b5cdc203f4354 -> be35dd49dddd53fc840b9febf21b4d0d
  custom:scripting/monoscript/fileName/TokenExchangeResponse.cs: 0dd9138dbeab6f132711a5b608de5c13 -> f20183d4cf939766d3c1e15cc3bec2e3
  custom:scripting/monoscript/fileName/ChangesetsTab_Operations.cs: eca44847b108faefa69f8c525242c965 -> 3290c4c0cd248666e01a08ee6d621249
  custom:scripting/monoscript/fileName/OverlayRect.cs: 61f473b5a4768fa31a00fafe3b1b5b69 -> 59d6887e4803f8a44ffaa0409470e410
  custom:scripting/monoscript/fileName/ConfigurePartialWorkspace.cs: 309d4276b0164b05348aedbd51cc0b2f -> 10fcc6b6d43dd5ed36c43c6f7b5906c4
  custom:scripting/monoscript/fileName/ValidRepositoryName.cs: 43c262be3f66a970816e3d3a3ee8872a -> 56bcf92a3678f6ad6215cae2e4914cfd
  custom:container-demuxer-webm: 4f35f7cbe854078d1ac9338744f61a02 -> 
  custom:scripting/monoscript/fileName/GetPlasticShortcut.cs: 2a84c035152261f00e7e66eb44cd0ffa -> 5c2b7bf07ddd2284efc64b09ef0f1f72
  custom:scripting/monoscript/fileName/GuiEnabled.cs: 1b1658fd7715b5cc664c10a130c6b629 -> 7bb13fcc8d8cbd392e00f7232841f086
  custom:scripting/monoscript/fileName/BuildPathDictionary.cs: 943911b84162d26cea47f964f9a0a399 -> 9fabc7cc73fcfc50b8a3307c6aa6ec4d
  custom:scripting/monoscript/fileName/FindEditorWindow.cs: 2bb64182aef631315344623cf583c78a -> 8c3c78bb7e82ac5008f8a2b8a0d68cff
  custom:scripting/monoscript/fileName/DrawProgressForViews.cs: c153245b67af73b7ee03f693a1127796 -> 068a172cb549ad77d9873d721698bd0d
  custom:scripting/monoscript/fileName/UpdateReportDialog.cs: 706e7e86547c339cdb3a4462e3f7a54d -> 087837d8f73228f1a817d0de82c77260
  custom:scripting/monoscript/fileName/HistoryListView.cs: 527da2d093462f1c4a278d6957e7d5ac -> 7b2d1d2c12ab43d9d244e35197127919
  custom:scripting/monoscript/fileName/ChangeTreeViewItem.cs: e3d78a2bee9cc81382a4cb8578dc4fb0 -> b0a38ce0a620643c776a3db4fd91bc4c
  custom:scripting/monoscript/fileName/BringWindowToFront.cs: 88b20f2a2881db6a013f54923d68cdee -> a30c7c1ba746c6d277a5aedd3057d15e
  custom:scripting/monoscript/fileName/LaunchCheckinConflictsDialog.cs: 4417eba1591eccb2221bfdce0106c1e0 -> e2c1e3f8f4e14a62e4363fe6259adbc2
  custom:scripting/monoscript/fileName/ParseArguments.cs: 03c1a4d7e357164ca313a0019713c3db -> ae915d9f5fe287ced40627c9ca8bfafd
  custom:scripting/monoscript/fileName/ExternalLink.cs: 7eb9650651b43fb98c07816e49275ba9 -> a8ff952d8c27d10f226ab92b7aa83b69
  custom:scripting/monoscript/fileName/WaitingSignInPanel.cs: 247680fcfc6a176b9fa28a3df600a754 -> 7585e1c7111b6b900784e6d1c9454258
  custom:scripting/monoscript/fileName/TestingHelpData.cs: 0d1f98ae9b6fa0253523889fad413adb -> 
  custom:scripting/monoscript/fileName/OperationProgressData.cs: 0db72349eeecbe9449a517b1d79cc760 -> 15f68712baaea535af36d9e0333c0a6e
  custom:scripting/monoscript/fileName/RepositoriesListHeaderState.cs: c0353a1af15ae4fd3d5a2a3cac816423 -> fb71b961ab7c924511a6b0e8680b60ee
  custom:scripting/monoscript/fileName/ClientDiffTreeViewItem.cs: 56be9d3aa410e770e75de2d8b93be89d -> 43bdd7aa5bf1aa039a5b572c119c38d0
  custom:scripting/monoscript/fileName/CreateWorkspaceView.cs: 0f1446bdab952811ae2968789e1a2804 -> 04b4ce6556541af6541e1f1c2ea97052
  custom:scripting/monoscript/fileName/CommandLineArguments.cs: 0d20ca25f94249586a7c1484c469d8a2 -> 48a62ad3f817c0269ea7fc4a53799594
  custom:scripting/monoscript/fileName/DownloadRepository.cs: 46fc68d9cc4da8e8ed765ff28b2dd438 -> 5bad8d3f76a3fcb41a94637e37c11ab0
  custom:scripting/monoscript/fileName/ParentWindow.cs: 2476d8a6ba9c3055f984ac9792cae61a -> d6aa079e592e01701c5baa3ab98898bc
  custom:scripting/monoscript/fileName/OperationParams.cs: 091a140b35535b91c773ddf98925322d -> 3312c7a4424a66ffbf2f88f056f329aa
  custom:scripting/monoscript/fileName/SignInWithEmailPanel.cs: a5823728eb62cf6dbd8c933c1cb26f53 -> 6e8957c0ed7609303e68389067e72d72
  custom:scripting/monoscript/fileName/LaunchInstaller.cs: f9b7c99441bc32980ce9b95be066824b -> b75efdf5909b501e06cacd9c66f75981
  custom:scripting/monoscript/fileName/AvatarImages.cs: ea6dca998cf0ec5122553a9e010ef687 -> 3aa8c25a350843151ec4070c820c411a
  custom:scripting/monoscript/fileName/DrawHelpPanel.cs: 58c832ce9ea1a11e2724de5dd46ca0cb -> 
  custom:scripting/monoscript/fileName/DrawUserIcon.cs: 2f65feb9bed897237f97fbf9c5479092 -> 7d5385bf780ae84e648a8b49f8fe0825
  custom:scripting/monoscript/fileName/AssetStatus.cs: b9ea657347f2c22e8e401cdb256c516c -> e017010009bdb28bcb0d7d8ef05e7dd9
  custom:scripting/monoscript/fileName/BranchesListView.cs: 334a3fb302f855f71fb71520fb442a71 -> 3f5ed9fe5a1bca512014ae1600ee1666
  custom:scripting/monoscript/fileName/DrawGuiModeSwitcher.cs: 363adc150c5f1c5059a678f179906090 -> d3be34a3134d3fe80ef6b14d0d519128
  custom:scripting/monoscript/fileName/UnityMenuItem.cs: 5f445176ad3735e69769d93250663be7 -> 73f3c859f1b5092ad362c09e23b3a922
  custom:scripting/monoscript/fileName/WebRestApiClient.cs: c0bdde7ff9e25b1ad06e078e6d9b2fe0 -> 746756fd499dddd02a4e7ccdbac48be3
  custom:scripting/monoscript/fileName/IncomingChangesTreeView.cs: 78411a54601a32b278de0dd7d80f8670 -> 96479648d4498738733254eb4e4c6fb5
  custom:scripting/monoscript/fileName/GenericProgress.cs: 11287c7d038c487f32d0c8edc476a32d -> 8492ec26f01fc248d3eb3c2f5b3b6c0f
  custom:scripting/monoscript/fileName/MergeCategoryTreeViewItem.cs: c1ecd9dc0cd73eb7eb129994dedc1a91 -> 6bd59fcbfeafe06987a54631991d755b
  custom:scripting/monoscript/fileName/CheckinDialog.cs: 1709b78fae1329cc05fd4f39334b25f5 -> 702fdb8d0a3b4bfcb9ba109e71325cad
  custom:scripting/monoscript/fileName/ProcessCommand.cs: b8ac3f676ec101f7ebb0d2fff79235f1 -> 2cc3b6e2a763c7f353b474b6904b45a6
  custom:scripting/monoscript/fileName/SortOrderComparer.cs: 8f6297df34271fdb1ce2d9607ec6261d -> 90647cc400823b41df847a6cbfc29026
  custom:scripting/monoscript/fileName/GUIActionRunner.cs: 69af7de0762ed6d085feb4cc4b5101b3 -> 4a0608de635b0d82868d57923d68eff7
  custom:scripting/monoscript/fileName/PlasticMenuItem.cs: 07a9318d8d82a152df4ec33acd1befdd -> 30c3a785b4c2607e2ae9aad693d5f604
  custom:scripting/monoscript/fileName/PendingChangesTreeView.cs: f3722f38014385705913f17dbe0f90c1 -> 17142d220a0a50a3f3d184c4718a0da7
  custom:scripting/monoscript/fileName/VCSPlugin.cs: e4ec197b273413c2276be270d94be16d -> 69c1b7249af35f35848ae707bd5e7113
  custom:scripting/monoscript/fileName/GetClientDiffInfos.cs: 4ae14b15e2cf5177a84735548a44cdc9 -> f8db8e637ded2d5e935a953a13b85ebe
  custom:scripting/monoscript/fileName/DrawActionButtonWithMenu.cs: d7f31944358aed2f3ed3982246fca039 -> 8d4f5edd02a1dd0f38c4f2baf5ee8a33
  custom:scripting/monoscript/fileName/ErrorListViewItem.cs: 732dcd63546c04257b33a0917d21b2ae -> 8d377b020cd4efc9739abf6e8e730437
  custom:container-muxer-webm: aa71ff27fc2769a1b78a27578f13a17b -> 
  custom:scripting/monoscript/fileName/EditorProgressControls.cs: b1f133fa38afd918d537a72574fc93a0 -> 2e606eb01a6e6a567f3de9a0379ed3ae
  custom:scripting/monoscript/fileName/BranchesListHeaderState.cs: d47f1164fa7093137db851c4c16ffba3 -> 82eab21603f4efc696334ee80641c2c9
  custom:scripting/monoscript/fileName/DrawSearchField.cs: b11b864a92c7d76f85d4ec87d6faf61c -> 3de70beba9f4447205d50241d95b066a
  custom:scripting/monoscript/fileName/PendingChangesTab.cs: c99065f3c85ec85c85ece2a1a30665af -> 15ae6787065f4af65778e981f418a60b
  custom:scripting/monoscript/fileName/HelpPanel.cs: 625fbcc6029d5fe5cf4aa833f68adb0c -> 
  custom:scripting/monoscript/fileName/BuildGetEventExtraInfoFunction.cs: 1308a6936e8051866a117b3b7c2c7b77 -> 74bfc8c01f931108a3c2b127aa04cc8d
  custom:video-decoder-webm-vp8: 9c59270c3fd7afecdb556c50c9e8de78 -> 
  custom:scripting/monoscript/fileName/WelcomeView.cs: 727cdb3e104b6a2a1b2a292c292f355e -> b6f5ad03828f3d0b6465c52959e1ee5e
  custom:scripting/monoscript/fileName/HelpFormat.cs: 92b36f6584b3d7ccdc99b0ae4e152c53 -> 
  custom:scripting/monoscript/fileName/PlasticApp.cs: c440a0fb380601a77ad475d6c15d4fa1 -> c57de230d90beac7b586f10b9c7c6cb5
  custom:scripting/monoscript/fileName/ChangesetsTab.cs: ef408d8aaf89e01b17643ed0c836680d -> 46dde8f7856048792ad2e75490bb8c5e
  custom:scripting/monoscript/fileName/DrawProgressForMigration.cs: 0390721ecd322e9ab47db03bd0f98a12 -> 
  custom:scripting/monoscript/fileName/DeleteBranchDialog.cs: efbbc070bfeda2b746e8b15a4380cb26 -> 8549b0fc52962c89115fd78724fee578
  custom:scripting/monoscript/fileName/IncomingChangesNotification.cs: 5804eea08e59310a581998ae8010a5e1 -> f039cd7fb6b53e16030c9431c0e3a656
  custom:scripting/monoscript/fileName/DrawTreeViewEmptyState.cs: 6287514b9d86e73fc5c808e9a9847355 -> d4c16fd6aad8161eda7d99fd74cbb08e
  custom:scripting/monoscript/fileName/ErrorsListView.cs: 202ccd428b59063895c865fc91609494 -> 897fb5fb66de4298630458ed4a966790
  custom:scripting/monoscript/fileName/UnityPendingChangesTree.cs: fd6f0a038401268983bd9328d10dec93 -> f391d9a00dc9e202cee4d4ebcf6d21c0
  custom:scripting/monoscript/fileName/EmptyCheckinMessageDialog.cs: 12efddebfc1859d39c5d8d43b34ef051 -> e95636a2119dec4d0c1f323f7ba65603
  custom:scripting/monoscript/fileName/PlasticDialog.cs: b0aae1bf1889af041741f324070b7b84 -> 63a17a2b696bc2a13c9046aa16f8cea4
  custom:SearchIndexIgnoredProperties: e643bd26f0fe6173181afceb89e7c659 -> 
  custom:scripting/monoscript/fileName/AutoRefresh.cs: 9d30d5d3f0e8985355be1ab597da1dbb -> 0a8afde180a876655ad16caa14493409
  custom:scripting/monoscript/fileName/PlasticPluginIsEnabledPreference.cs: 56473af084ae343e005353d1ebe26bab -> 7953272c37f4a828a3d1096e7479f346
  custom:scripting/monoscript/fileName/HelpData.cs: 9293e68e835820b452391937547d1531 -> 
  custom:scripting/monoscript/fileName/GetRelativePath.cs: 9b16eb2de9e98b392077181cc34243c1 -> ab04ae5e0cafb93ebf5c96148bb52df0
  custom:scripting/monoscript/fileName/UnityEvents.cs: bbca41e222c933c10ac2fdcedacdc4c9 -> 93e3e01e1fc330c62462aa41b286117b
  custom:AudioImporter_EditorPlatform: d09bf68614088b80899f8185d706f6e7 -> 
  custom:scripting/monoscript/fileName/DockEditorWindow.cs: 581124d5e19667105f2446d6dfbf7982 -> a9e5e467234133af999283610b6e84e6
  custom:scripting/monoscript/fileName/BranchesSelection.cs: 7eb1fcb556f0fad697e4ec9d989be099 -> 33b36e7b03910960966036894ec90c7c
  custom:scripting/monoscript/fileName/SaveAction.cs: b68fbb4319dbb368959c40781b39fdf8 -> 27c387bb58f3a69b0c9ff60d2209e18f
  custom:scripting/monoscript/fileName/AutoConfig.cs: 6c4e7f9dc55323aa1299debfe9723aa6 -> bf4bbd2f2e752464ef51dbf102faed17
  custom:scripting/monoscript/fileName/DiffPanel.cs: 02288a38bd14cc2b52a25b302a6f154e -> 210366dab3631628227b9406f87a9b7f
  custom:scripting/monoscript/fileName/PlasticAssetsProcessor.cs: ffbead0ce8c78df1634f8fc06dec8ecf -> ff731c8aacf4a537dc74c7cf9eaeaed0
  custom:scripting/monoscript/fileName/DrawActionToolbar.cs: 52293cb82089e0370f52e257f41c0869 -> e05748a99799f26304c1bbafd90f703b
  custom:scripting/monoscript/fileName/TreeViewItemIds.cs: 8f6297df34271fdb1ce2d9607ec6261d -> 90647cc400823b41df847a6cbfc29026
  custom:scripting/monoscript/fileName/EditorVersion.cs: 70953c9eccf7726f70c672a9a51619e9 -> 698aba075b19a52a056d67a7b809d179
  custom:scripting/monoscript/fileName/TeamEditionConfigurationWindow.cs: d06f049421c16e5927ec29f770917e09 -> e53b1ca5561894aaeff930afb696d001
  custom:scripting/monoscript/fileName/ProgressOperationHandler.cs: 5fbb4e0f656dcfaa4498bd2e492e4710 -> ec62666c0ca1649dd33cc6bc6834c6f7
  custom:scripting/monoscript/fileName/UnityPlasticTimer.cs: 961fdb6492c99b4a3eadbed28e78c4b0 -> 6c887e722e951c2964523825cad70c4c
  custom:scripting/monoscript/fileName/TreeHeaderColumns.cs: 9fc4a0396a421346b8aa3b7788860851 -> 316e5ea62e66b20fd6e687a6b9e5958e
  custom:scripting/monoscript/fileName/AssetFilesFilterPatternsMenuBuilder.cs: 8fe5de6e5dc3d42fb7e95de2aaedbf5a -> 0d99e7514c6a33cda8314deed8f34bc5
  custom:scripting/monoscript/fileName/PlasticNotification.cs: 71978c581e1127248a19c9d9e66cd355 -> 3629fdff9f054b2013702f5b131b2c47
  custom:scripting/monoscript/fileName/ConfirmContinueWithPendingChangesDialog.cs: c0e147ff008a0b77c9337132a3ea70af -> 77462b1904ad8f6fee2f8da4523d59fe
  custom:scripting/monoscript/fileName/ChangelistTreeViewItem.cs: a4a6f6169cdb3afe249e104e2b7b1a2c -> 87f69636be8bd1a264ec4eac1bffa701
  custom:scripting/monoscript/fileName/CollabPlugin.cs: bda741ff77a19affbf276298e29313ec -> ca276d65e7cd77c5c99d9f119ffdb215
  custom:scripting/monoscript/fileName/TabButton.cs: 3efe8f66ffd840fd7aeb0585b183d2fa -> 757146b89ed597b1d75c77241e5d5f63
  custom:scripting/monoscript/fileName/LaunchTool.cs: 3ac53c8af1f56365aad9e1ae5366d98d -> 60773d78646dc188d4b2caca77f20b17
  custom:scripting/monoscript/fileName/RunModal.cs: 33b931100ee477e6812324eabaa2e837 -> c83ee2ef642c5d8b8dfd32f033bfc438
  custom:scripting/monoscript/fileName/BranchListViewItem.cs: 8fdaa5aa842f5a70237affa304b9d506 -> 55028f4aef24d6227589aaa95582b2ff
  custom:scripting/monoscript/fileName/GetAvatar.cs: 07c98163f75f0b7c672bd453fc82bf61 -> 04ffae2a9e5a4c32a119f93144f558d2
  custom:scripting/monoscript/fileName/FindTool.cs: fc3b0710b24078288fe829d0bb041dd0 -> 2f9d82566cfb01fb68fc30111fb47624
  custom:scripting/monoscript/fileName/ChannelCertificateUiImpl.cs: 75d7831ab5da75cc0082e28863abb142 -> cefccf1e13b7bcf15e3c9f2dd4cd2fc8
  custom:scripting/monoscript/fileName/ApplyCircleMask.cs: 02eb67e485278e7c9b719fee5ff90f4a -> b955b378d261fdcbd6272fe8711d1e4f
  custom:scripting/monoscript/fileName/AssetMenuOperations.cs: 4d198753827ac1463e02b10d5d04cc7c -> 0f0ce50426259919e339aa7586c1e4ac
  custom:scripting/monoscript/fileName/VisualElementExtensions.cs: cd98f4a51563fccdfc39eed097290325 -> 0aad2728225c469038631668406aebb3
  custom:scripting/monoscript/fileName/LocksSelector.cs: 70b046a562568fd78d093736e68a3a58 -> 7b0f4fc5552c1d92ba7f4648526ceb21
  custom:scripting/monoscript/fileName/ListViewItemIds.cs: 8f6297df34271fdb1ce2d9607ec6261d -> 90647cc400823b41df847a6cbfc29026
  custom:scripting/monoscript/fileName/CreateWorkspaceViewState.cs: 1deb37b3c17c224d9a7dca9c990ea191 -> 0fe23b7cca9336b31a27790c714de652
  custom:scripting/monoscript/fileName/MergeLinkListViewItem.cs: ebc1e6f9e3a3005d8f4c51a794adfdaa -> 3fa407d29597803190dd374d88ed170d
  custom:scripting/monoscript/fileName/DrawCommentTextArea.cs: ad5449f632fd412ac0f7ba0d171fd453 -> c58c26552f95f108a8d9610eaf001fbc
  custom:scripting/monoscript/fileName/ErrorsListHeaderState.cs: cb38081a34dcc37c968a3fae60743b76 -> ccfb08b895a719829a3302b7c4d26a5d
  custom:scripting/monoscript/fileName/RefreshAsset.cs: f56d23c5126a2dd3db6f272d3d3b71dd -> 21c806d59a337a83fcab56230df298f8
  custom:scripting/monoscript/fileName/BoolSetting.cs: 9c3f40d0ec58f1b80f82d15e4bda7107 -> 6866476ee3db529747ee7a560b4298d4
  custom:scripting/monoscript/fileName/CreateChangelistDialog.cs: 774371d4233cc1d394d98dc80507a1f8 -> 386b03e27c951c5f1d63daf7aae486ca
  custom:scripting/monoscript/fileName/HistoryListViewMenu.cs: 15a489e494f04a7ea37a587c7601070e -> 29770348599c8d5473b78d72e5741b40
  custom:scripting/monoscript/fileName/FilterRulesConfirmationDialog.cs: 5186d89f21d03764f0cca01c2a0122d7 -> 9c91c6c91f20e6d013a753f32343b327
  custom:scripting/monoscript/fileName/ChangesetsSelection.cs: d154d1782ed752b83834c54a0bde3df9 -> 8b9d539af9f7e269bac4e3d79e9ffab8
  custom:scripting/monoscript/fileName/AssetPostprocessor.cs: 28be74a844bbed0286c3c45dee7283e7 -> 96208057b904410715a8df295ba4f8f4
  custom:scripting/monoscript/fileName/Enemy.cs: 13cc614454c9ae28caa24456faa3d7cf -> 
  custom:scripting/monoscript/fileName/IsResolved.cs: 12b1cb46be3341613a9d03a0fb32ccfc -> f54a3e2c5134aa4306f9ad150b1911a9
  custom:scripting/monoscript/fileName/LocalStatusCache.cs: a558fcf5f34357bab4cfc7b75e2bb356 -> 30974ea30517fbfd1b93153f6c849a76
  custom:scripting/monoscript/fileName/RepositoryExplorerDialog.cs: 143e7416b576681e1f2ea71288e530e6 -> eea34924da79ad7254f3e141a891c78d
  custom:scripting/monoscript/fileName/HelpLinkData.cs: 298f428470bd6f0a46823cad390bf0d6 -> 
  custom:scripting/monoscript/fileName/WorkspaceWindow.cs: ff52e13cd29dacd66db0169e14f71a23 -> b042f06133312d3bfed176231d97d77c
  custom:scripting/monoscript/fileName/PlasticShutdown.cs: 927cfd31d19eaaaa16d67e3e3b26fdb2 -> a8df8eeeed98372d06e446171a192a6d
  custom:scripting/monoscript/fileName/FilesFilterPatternsMenuBuilder.cs: 28072cd275c96994687e6d4d0d6e1dff -> cf716a8d336c8113475a9ca67a799ec1
  custom:scripting/monoscript/fileName/HistoryListViewItem.cs: 2d3b1fc954b6bdbae298ec250ade0663 -> 96f2b67ec620b83e35d13f11877e1ac1
  custom:scripting/monoscript/fileName/RemoteStatusCache.cs: 00463e6b90cfe7da080d7c266f783980 -> 402d5663f3675e9324c129274b0c00f2
  custom:scripting/monoscript/fileName/EditorWindowFocus.cs: 1012e4e2e29e9b29bdcc03d8b92762a8 -> f258b0cf85078a7435d001e522d5e8e3
  custom:scripting/monoscript/fileName/EnumExtensions.cs: 24df84756ec75feecd53a80a0991ea16 -> 872fcb89b813d64606e680211dede528
  custom:scripting/monoscript/fileName/NewIncomingChanges.cs: 4475d5d6d9583dbe65c4824e6a1fe6aa -> fc48261878ef7e4b956e7172f5803aee
  custom:video-encoder-webm-vp8: eb34c28f22e8b96e1ab97ce403110664 -> 
  custom:scripting/monoscript/fileName/UnityIncomingChangesTree.cs: a6749c8b534ffb85ccf809bc8e274114 -> 42967773c43d3de5d23be4ddc6dfd9c4
  custom:scripting/monoscript/fileName/UnityDiffTree.cs: 447fc3a8922f56330f4bae8c9dc9a8be -> 1029ffd567bc0e646e6b119719dcb2ff
  custom:scripting/monoscript/fileName/TreeHeaderSettings.cs: 114eb9e27124403e8e111494b8eaf987 -> 662b1714c0fce36da72bbfe60201987a
  custom:scripting/monoscript/fileName/UnityConstants.cs: 5ce06a0e2d108fc8a16a0af098aa895b -> 8f7afb61f2b433d3c701afb225319bcb
  custom:scripting/monoscript/fileName/IsExeAvailable.cs: 3e4283303610c884e542b8f6d3e922d4 -> 4a3dbc5ded94087064afd97407f26631
  custom:scripting/monoscript/fileName/AutoLogin.cs: d257b2b319167ee8af9b75266dabb58c -> cac363a2d5471994de278e71f937b032
  custom:audio-decoder-ogg-vorbis: bf7c407c2cedff20999df2af8eb42d56 -> 
  custom:scripting/monoscript/fileName/UpdateReportLineListViewItem.cs: a101f0ba5292fc139445870b3f4af838 -> 9f63395e1ea590dbbab4d59cd0032ac4
  custom:scripting/monoscript/fileName/DrawSplitter.cs: ec7e8739eacabcca3e2946d9833eea0f -> d2f114a8e8e4167f7762d835a83b2f55
  custom:scripting/monoscript/fileName/LaunchDependenciesDialog.cs: e1c527862a66e73f0417ae177d7fdfb5 -> 2cabf22eb95430074b6c730a84e03493
  custom:scripting/monoscript/fileName/CredentialsResponse.cs: 96b135ae1c4ea541dc762170ea524fa9 -> 3dd2507693e56dac75ee7783f598cbb9
  custom:scripting/monoscript/fileName/LaunchDiffOperations.cs: 831bbe9f0510da02e07943dba200580f -> 20e85a96a5926a180bb53a2abca68aa4
  custom:scripting/monoscript/fileName/PlasticSplitterGUILayout.cs: 4cfaefa1a850aceff54713912c4a2bda -> 111849f67dfbfea65ad2a9298ad1654d
  custom:scripting/monoscript/fileName/CheckinDialogOperations.cs: 0b2a2cd4c41cf1865a29cf91b2a96a48 -> d032d69e8060311c06b88286e8f22ddd
  custom:scripting/monoscript/fileName/PendingChangesViewMenu.cs: 68fab310addfd7068cfd7920070496ff -> 9b0019b6df6bb14eb3a2dbafa53fb54b
  custom:scripting/monoscript/fileName/AssetsSelection.cs: 35cec24e81f0cb1de51daeb356abc4ff -> 0227d7ff4d5687932d10967a945a9b06
  custom:scripting/monoscript/fileName/EnumPopupSetting.cs: 8f6297df34271fdb1ce2d9607ec6261d -> 90647cc400823b41df847a6cbfc29026
  custom:scripting/monoscript/fileName/PlasticConnectionMonitor.cs: 0a14faa9ef1a178a87cdca925b1963c3 -> 920e8e381bfc94da8bb69d336dda57ca
  custom:scripting/monoscript/fileName/HistoryListHeaderState.cs: 6226ef13a567fa81584864f8698be331 -> a87e0364d14866c369ad50d669bdfa85
  custom:scripting/monoscript/fileName/CloudEditionWelcomeWindow.cs: c886fdb39f4b8787e6ea3701a8f88f4a -> b1721e471183956468462f6b64901640
  custom:scripting/monoscript/fileName/AssetsPath.cs: 367269acf8f676d2cdd30fdc387b3920 -> e0e986124adc46d913f0683c34b88c9f
  custom:scripting/monoscript/fileName/MetaPath.cs: 1f80313a7ce6ec6ece505285578f5745 -> 417a84eb354831f828a6752b26c8592d
  custom:scripting/monoscript/fileName/CredentialsUIImpl.cs: 90e9c2de8d7bdd8424e0d89c415108ae -> dbacf67c37819fd95562fe169e706732
  custom:scripting/monoscript/fileName/ChangesetsViewMenu.cs: b720f0168f4ce1b1e0d358a6d5ec9a42 -> 7d1a2de81910b5990e71a0bfff26fdca
  custom:scripting/monoscript/fileName/UnityPlasticGuiMessage.cs: 2a7f71f59c0d7dc731fd345a3713957c -> 24eef0792e3802809607a7f9d04b8f1d
  custom:scripting/monoscript/fileName/OrganizationCredentials.cs: ee462057b3bd23cc3dab953ac4d656e2 -> 0b123406cadd651e9adc01c85fab5124
  custom:scripting/monoscript/fileName/StatusBar.cs: 4d7c95bdcb7dc38d15f73e75e08a1cfd -> 392933116703b8e69a96dc0b873bf6f1
  custom:scripting/monoscript/fileName/IsCurrent.cs: 16ae2475c9982c21b0dccb3cdf4b1a92 -> cf1fd01890d0fd9f011c1a1a491e2cf0
  custom:scripting/monoscript/fileName/ChangesetFromCollabCommitResponse.cs: b986ab8b1acd322b0367812e2d541734 -> ba336e4117e1b7ee28e4c17197bc3d0e
  custom:scripting/monoscript/fileName/MoveToChangelistMenuBuilder.cs: 3a2ef8cb0baf69e5dadeafc731fe32a9 -> a90b3e388d3e1316fa104d4c9a03e2d1
  custom:scripting/monoscript/fileName/LoadingSpinner.cs: 69a46a0158b3944983921513a6337a68 -> 1c13cf7a9498073806920e71757dfeda
  custom:scripting/monoscript/fileName/LocksTab.cs: 134c512484ae73354c15c06a6dc69f9f -> 00ffb5a39c16fdc2d733c7e53471a3a9
  custom:scripting/monoscript/fileName/BranchesTab.cs: 764cb17e9337c58ad4f5304b60b2042e -> 57c33f76c527a5aba4d269245ffff188
  custom:scripting/monoscript/fileName/HelpLink.cs: f129aa05dc3840d5bd4f2e0d111189db -> 
  custom:scripting/monoscript/fileName/ToolConfig.cs: 18b1ea271ce5e7b6deea7b4e8e175269 -> fcffc3165b047f54ed6ccafa4c8760dd
  custom:scripting/monoscript/fileName/DropDownTextField.cs: e66e7314096900597993d2b353757d8d -> c8fc484ce140049ff31ebc2c6cbebf28
  custom:scripting/monoscript/fileName/AssetsProcessor.cs: 47679a6e15b70f4fef48eb1b2df31b19 -> 18737889e95cd4088e8dfd4153fa8f40
  custom:scripting/monoscript/fileName/DrawActionButton.cs: d847a7d82ac92cab2b3d0ae268cefb3d -> 81e6708d2b8fa199354e53f85db731a8
  custom:scripting/monoscript/fileName/TableViewOperations.cs: ddc7b903e0dbd6bd109f2bd709b95f0e -> bef3a31deb1fe794a90f767d16e4c868
  custom:scripting/monoscript/fileName/UpdateProgress.cs: 5b04f01bf199310f09ab9522f89c78f4 -> 281e1e05168d6a30be1d8d2f6200bef8
  custom:scripting/monoscript/fileName/OrganizationsInformation.cs: b3f0758c6655b2dad1161792812992fa -> 5f067ea8d90fc79055a3dcfd58ae6dca
  custom:scripting/monoscript/fileName/Player.cs: 007e2e63cbf915a2b71612a7f593548a -> 
  custom:scripting/monoscript/fileName/SubscriptionDetailsResponse.cs: e10e0299ef716630c63b8cf5f792cda0 -> e5121cec860a6d1097cc809217b3d8fe
  custom:scripting/monoscript/fileName/DrawProgressForDialogs.cs: 5f8d39e3ea7c4a42148c6b1a7b4ca061 -> a5f2abd8875e7a6afbc171fabfbae81f
  custom:scripting/monoscript/fileName/ToolbarButton.cs: 0b8663f5acfbbe9acf3c68758e2857fb -> 47dc767626bbd94d66707af31ddc5eb6
  custom:scripting/monoscript/fileName/ProjectViewAssetSelection.cs: 349dc288d32791de51156d4e59000b7b -> 2560eadaf6a13a74a46a4a207cd5a8b6
  custom:scripting/monoscript/fileName/DrawTreeViewItem.cs: cceebc4f1185658619e40964f29acb08 -> 0921a62a588ab864253743d1f07afb5a
  custom:scripting/monoscript/fileName/DrawSceneOperations.cs: 2426c0c2ee58cd28be59874f6425940c -> d87f46f9fb97181a2f51490ea2e1efc3
  custom:audio-encoder-webm-vorbis: bf7c407c2cedff20999df2af8eb42d56 -> 
  custom:scripting/monoscript/fileName/DrawActionHelpBox.cs: dcd6ec2e7fb1b44f22c4a79ff87b70cd -> c8f6be9dab1e6f8d71e0c63c29679186
  custom:scripting/monoscript/fileName/PendingChangesMultiColumnHeader.cs: 21802cc6929e0e180fb4f0be8e34d9d0 -> 722de7d6e07a79981d750438e6febb8f
  custom:scripting/monoscript/fileName/EditorDispatcher.cs: c739e073a8c38dbcf59192f45d1004c5 -> 3c402eae57d73cc54863f3f6a13096ae
  custom:scripting/monoscript/fileName/IIncomingChangesTab.cs: 363f9daba453e316e730238a80857251 -> 40644cd18074db84684b9e437bf8fa77
  custom:scripting/monoscript/fileName/GetChangesOverlayIcon.cs: f00e4b795697c6cf3092760f3b6fc49d -> d599d6efdee28305661bc0cf6683858a
  custom:scripting/monoscript/fileName/ChangesetsListView.cs: caae0aefb36c869f50691482a5cd0944 -> 87b74e0d80cf59010f55e2baaeb6679d
  custom:scripting/monoscript/fileName/UpdateReportListView.cs: 2d8fccdaad50bbd7454b52cf9cb4a0f9 -> 08d26df1ab6c3a7628addc5e54e50b08
  custom:scripting/monoscript/fileName/UnityConfigurationChecker.cs: 59a8f0715a7c89a752351bf42f94abbd -> 874cd65cce0384fef4b60e71fb08a429
  custom:scripting/precompiled-assembly-types:Assembly-CSharp: b9061ddacb4d27535c4a361c46c6ade3 -> 
  custom:scripting/monoscript/fileName/CheckWorkspaceTreeNodeStatus.cs: 5e11ff64963669981115eb58dc2b6e8b -> 1e1255b803bf7cbc935bb804bf0dbe7b
  custom:scripting/monoscript/fileName/PlasticPlugin.cs: a57c142b98ca3d4daad221737fd72924 -> c64561980f26020cc3206ae8b1047268
  custom:scripting/monoscript/fileName/SwitchModeConfirmationDialog.cs: 4d9c02587760213784bfe53d012122b4 -> 30cd71d0b3ee4b2689cde689908d301e
  custom:scripting/monoscript/fileName/PlasticWindow.cs: 76740c086f0109337962354fe520adb2 -> fc467478941f610919bc69526ba2c215
  custom:scripting/monoscript/fileName/BranchesViewMenu.cs: 8089f11c30784e2e57775dd6cdbae898 -> 7bfc83e917c9b0b5aa423bb947ce2a38
  custom:scripting/monoscript/fileName/CooldownWindowDelayer.cs: 7816cfcad485500dbac9993c4502ea69 -> 4c95e39c8dd4cfa1bca106097fdb6524
  custom:scripting/monoscript/fileName/GetInstallerTmpFileName.cs: fa7bda723ac795b48e38504727f44981 -> d09e0b5c7a9af5874530e17ef23025f0
  custom:scripting/monoscript/fileName/AssetModificationProcessor.cs: 84d720d70e5c24b7d0630ef5cea215ce -> a602c9e59e7db185e3a0d68d986e6fef
  custom:scripting/monoscript/fileName/IsCollabProjectMigratedResponse.cs: 4c3294c6a51e6f42161d191230692016 -> af2b76c693935deee55cfcaed2aa7568
========================================================================
Received Import Request.
  Time since last request: 5.614239 seconds.
  path: Assets/Scripts/Player.cs
  artifactKey: Guid(9318267c843cac74fa90538eaefdeff1) Importer(815301076,1909f56bfc062723c751e8b465ee728b)
Start importing Assets/Scripts/Player.cs using Guid(9318267c843cac74fa90538eaefdeff1) Importer(815301076,1909f56bfc062723c751e8b465ee728b) [PhysX] Initialized MultithreadedTaskDispatcher with 20 workers.
 -> (artifact id: '0040c24da91837d833b7184f160c438d') in 0.001819 seconds
Number of updated asset objects reloaded before import = 0
Number of asset objects unloaded after import = 0
========================================================================
Received Import Request.
  Time since last request: 28.318431 seconds.
  path: Assets/Scripts/Geometry.cs
  artifactKey: Guid(c425cdf9c558ad34e89f8ddf8f9d3793) Importer(815301076,1909f56bfc062723c751e8b465ee728b)
Start importing Assets/Scripts/Geometry.cs using Guid(c425cdf9c558ad34e89f8ddf8f9d3793) Importer(815301076,1909f56bfc062723c751e8b465ee728b) [PhysX] Initialized MultithreadedTaskDispatcher with 20 workers.
 -> (artifact id: '6c0af1f7daa76e2174499af1421f8f3c') in 0.000492 seconds
Number of updated asset objects reloaded before import = 0
Number of asset objects unloaded after import = 0
========================================================================
Received Prepare
Caller must complete domain reload
Begin MonoManager ReloadAssembly
- Loaded All Assemblies, in  0.274 seconds
Native extension for WindowsStandalone target not found
Mono: successfully reloaded assembly
- Finished resetting the current domain, in  0.646 seconds
Domain Reload Profiling: 920ms
	BeginReloadAssembly (94ms)
		ExecutionOrderSort (0ms)
		DisableScriptedObjects (3ms)
		BackupInstance (0ms)
		ReleaseScriptingObjects (0ms)
		CreateAndSetChildDomain (18ms)
	RebuildCommonClasses (21ms)
	RebuildNativeTypeToScriptingClass (7ms)
	initialDomainReloadingComplete (16ms)
	LoadAllAssembliesAndSetupDomain (136ms)
		LoadAssemblies (170ms)
		RebuildTransferFunctionScriptingTraits (0ms)
		AnalyzeDomain (16ms)
			TypeCache.Refresh (6ms)
				TypeCache.ScanAssembly (0ms)
			ScanForSourceGeneratedMonoScriptInfo (5ms)
			ResolveRequiredComponents (3ms)
	FinalizeReload (647ms)
		ReleaseScriptCaches (0ms)
		RebuildScriptCaches (0ms)
		SetupLoadedEditorAssemblies (334ms)
			LogAssemblyErrors (0ms)
			InitializePlatformSupportModulesInManaged (4ms)
			SetLoadedEditorAssemblies (4ms)
			RefreshPlugins (0ms)
			BeforeProcessingInitializeOnLoad (49ms)
			ProcessInitializeOnLoadAttributes (262ms)
			ProcessInitializeOnLoadMethodAttributes (14ms)
			AfterProcessingInitializeOnLoad (1ms)
			EditorAssembliesLoaded (0ms)
		ExecutionOrderSort2 (0ms)
		AwakeInstancesAfterBackupRestoration (5ms)
Refreshing native plugins compatible for Editor in 1.58 ms, found 3 plugins.
Preloading 0 native plugins for Editor in 0.00 ms.
Unloading 3095 Unused Serialized files (Serialized files now loaded: 0)
Unloading 13 unused Assets / (27.6 KB). Loaded Objects now: 3634.
Memory consumption went from 126.5 MB to 126.4 MB.
Total: 1.850700 ms (FindLiveObjects: 0.161000 ms CreateObjectMapping: 0.049700 ms MarkObjects: 1.618300 ms  DeleteObjects: 0.020700 ms)

Prepare: number of updated asset objects reloaded= 0
AssetImportParameters requested are different than current active one (requested -> active):
  custom:scripting/monoscript/fileName/IncomingChangesTab.cs: 6fa4849c09cf3ec125d3914af6074a21 -> 82bff1d960538992d4e618d909869d2e
  custom:scripting/monoscript/fileName/DiffSelection.cs: 34faf7c86f7e0c9a01162e930679d82f -> 1460aaba4240ef35322cb9c198487990
  custom:scripting/monoscript/fileName/CloudProjectId.cs: f33db9e9673144ad1e994ed4cff5ce2d -> 
  custom:scripting/monoscript/fileName/DateFilter.cs: 4084040ac52b6e24ba874651890c5c6e -> 85ed700e21fd471cc38c626cebe01d52
  custom:scripting/monoscript/fileName/PerformInitialCheckin.cs: be22d181e456c0a8a5713675f29ac72a -> 8ef9a9f407b8b94b2b5fad9d24e61f79
  custom:scripting/monoscript/fileName/ConflictResolutionState.cs: 51eaf597f9533c7ed197ad15e802d20f -> 74a230000ff2fd58c5a60ab4258207dc
  custom:scripting/monoscript/fileName/FindWorkspace.cs: 39bbd18bfe6bf4a99f5c185dcda4dd4a -> 6af6c9e9382fef881c020ab184e6f7f5
  custom:scripting/monoscript/fileName/IncomingChangesNotifier.cs: 0bfcdd9eeb0b298616154e2db5e6905b -> 10fad815611441fb3a805150421ed991
  custom:container-demuxer-ogg: 62fdf1f143b41e24485cea50d1cbac27 -> 
  custom:scripting/monoscript/fileName/CheckinConflictsDialog.cs: d3af1d70d3f60a9847d2942647274222 -> e13fa04a97fb675842c94586fc602871
  custom:scripting/monoscript/fileName/AuthToken.cs: d22b2893825e943bc1389be142abd57e -> 0fba7e8eb1ec8b699f274cdc956451b2
  custom:scripting/monoscript/fileName/ProgressControlsForDialogs.cs: 6bf8e69ac7dc2163fe988e5d8181ce88 -> 7e6bd1727985204e3b64e1946e589b1c
  custom:scripting/monoscript/fileName/AssetStatusCache.cs: beede06d8a6d93e7907fd192ad653f2b -> 260d5f85663ac58b2a7e9553c453bc3e
  custom:scripting/monoscript/fileName/DrawIncomingChangesOverview.cs: 6d1aadb525661622ddc7d545c55841f2 -> 
  custom:scripting/monoscript/fileName/BuildFormattedHelp.cs: f675844664504d88a0d8165e2b08a2bf -> 
  custom:scripting/monoscript/fileName/OrganizationPanel.cs: d7ac1288bef1b15a05bb26d201a4d87f -> 57a57e6a345dbd536e91c348b70943a9
  custom:scripting/monoscript/fileName/MigrationProgressRender.cs: 94a7accb6b5be388f3abff6285d8f1af -> 
  custom:scripting/monoscript/fileName/ChangeCategoryTreeViewItem.cs: 0f882939555cf173ece99b60f8f54ade -> fd14db176fff061715c8ec88ced1902f
  custom:scripting/monoscript/fileName/CurrentUserAdminCheckResponse.cs: cec2f173fe8732108711c497674c6f66 -> d57c2dcace740834acd59fdfbc5023b8
  custom:scripting/monoscript/fileName/UIElementsExtensions.cs: a191d7293be4538b0adb29dfe5b06a46 -> 52e0d612ab032e4d22e9558b90396b99
  custom:scripting/monoscript/fileName/CreateBranchDialog.cs: c429477092287209232592c8cde1a615 -> 9eb29fda08033b4f847247136c412db6
  custom:scripting/monoscript/fileName/GameManager.cs: 9933fbcc6190e2a9171c2ec8808a053e -> 
  custom:scripting/monoscript/fileName/DrawCreateWorkspaceView.cs: 6422239d8f649480614f0dd4f018b7f2 -> c6039ac84d85ab3926aa94de163a9f7d
  custom:scripting/monoscript/fileName/ProjectPath.cs: 5634ebdbea8ca94089eb9622d1b60497 -> 2007f972d3a73eeb86dfe05e849c7f69
  custom:scripting/monoscript/fileName/SSOCredentialsDialog.cs: 8967ceae1bc195ea8dd32b23c42dd852 -> e140ede12a96f68f30062138385171c3
  custom:scripting/monoscript/fileName/DownloadPlasticExeDialog.cs: 2dd40c53d0303d041a27a44a95c331cb -> 093cfe0607c2346a88cdfdfe1435614f
  custom:video-codec-MediaFoundation-h265: 746d11721c4dcdbdad8f713fa42b33f4 -> 
  custom:scripting/monoscript/fileName/PendingChangesTab_Operations.cs: c99065f3c85ec85c85ece2a1a30665af -> 15ae6787065f4af65778e981f418a60b
  custom:scripting/monoscript/fileName/LocksListViewItem.cs: cc9cd24c5be4f7363367cba72f12aad4 -> f4a19fabbec093eb3d6a7e1cd4f42611
  custom:scripting/monoscript/fileName/PendingChangesViewPendingChangeMenu.cs: 561ad0f702e1db14300a4a5f810051f9 -> 9a6ef2277212bf26d647c7f12f946287
  custom:scripting/monoscript/fileName/SignInPanel.cs: f7e82045994d4eefe3b021faa87b55c6 -> bac0318ce35e37bed3a2cc8137452435
  custom:scripting/monoscript/fileName/DrawInspectorOperations.cs: 61c4a6a6507d8f84ef5bdf5cba3f0aee -> 8c94fe642e98309082411f46db89106b
  custom:scripting/monoscript/fileName/DrawDirectoryResolutionPanel.cs: a77980eb09765fe85cd85d4a47964cf2 -> e4e3c9b4bc511687802b504b71016540
  custom:scripting/monoscript/fileName/CloseWindowIfOpened.cs: d820344e932a12600b5fe6fb7e9f1563 -> ce229ef3b7461ff17e2c1af0695a6657
  custom:scripting/monoscript/fileName/SaveAssets.cs: 11deea70336cb98c5d0b6c869323e6ef -> 898e86402580d75dc56c5f25b325a28e
  custom:scripting/monoscript/fileName/RepositoriesListView.cs: 9f95c83dc460fb03fb0916472f14b8a7 -> 95287f65338ca0073ad04002a16eaaf7
  custom:scripting/monoscript/fileName/AssetOperations.cs: 638daf61300bf6ad727538516d4fa3e2 -> 
  custom:scripting/monoscript/fileName/HandleMenuItem.cs: 740e54c5f6dca1acc88cad87af74b744 -> b4ad1ecc5243212c5967125ad5e41b1f
  custom:scripting/monoscript/fileName/ScreenResolution.cs: 5c975132cf4e36dcc261bd0acd604271 -> 7bb7bb5b955671820101b322f0a7bf3d
  custom:scripting/monoscript/fileName/ApplicationDataPath.cs: 8e4094e28762fb76a1baecfe90c6b65e -> 3e8c4ea8debfda8013fed860ac233d22
  custom:video-decoder-ogg-theora: a1e56fd34408186e4bbccfd4996cb3dc -> 
  custom:scripting/monoscript/fileName/RepaintInspector.cs: 65202bdc05e3e19fadffb7fd99f30154 -> f134606300316994850c28a68d0cb5a3
  custom:scripting/monoscript/fileName/LockStatusCache.cs: 5e3725e03dc21c716034553589a67eae -> e99b3f34c5cd3eb73ec19439af1f7f80
  custom:scripting/monoscript/fileName/DiffTreeView.cs: 68195907d129ef826aa6b6df7202696d -> 49f46fd2a65ea674a218eead75f27aac
  custom:scripting/monoscript/fileName/DependenciesDialog.cs: 82d30fc8d5e1a73ec0d1ee9acc00fbc2 -> c8902186ab2f4e6471b5dd147afb01b6
  custom:scripting/monoscript/fileName/ChangesetListViewItem.cs: 95a197949f1e777703db60eea8cc21b3 -> d742a4910e302777daa1ccb9c8e92cb9
  custom:scripting/monoscript/fileName/LocksViewMenu.cs: fda08381fa9abca53b6eaf3bf55f14f8 -> 186d8514e824865b191ba1829afe4b33
  custom:scripting/monoscript/fileName/IncomingChangesViewMenu.cs: 832662bce0cd8edd53cba36a0dd96da0 -> 13196979a03411533716f6775c9a624b
  custom:scripting/monoscript/fileName/QueryVisualElementsExtensions.cs: 75ea535788abf9c38ba9341c984a6241 -> a49740b6efbb934f55475cc70b864a4c
  custom:scripting/monoscript/fileName/WriteLogConfiguration.cs: 1a8401f47b522f631a3dc005105719f5 -> 1589212d1638ae91a029ea3ddf9999f2
  custom:scripting/monoscript/fileName/DrawTextBlockWithEndLink.cs: d447e809d154b60a192c102b7b82eecf -> 1cc3e67c46bd397f9508f124a3366994
  custom:scripting/monoscript/fileName/FileSystemOperation.cs: c31a686e69e66801c204a11be56c950a -> f0ccbe91654279794a85bf6f1c034716
  custom:scripting/monoscript/fileName/MigrateCollabProject.cs: af93695e471d9c8e4ad014c4165f2c3c -> 9f3487f03a783b35518405572f20ac9e
  custom:framework-win-MediaFoundation: 216162199b28c13a410421893ffa2e32 -> 
  custom:scripting/monoscript/fileName/ProgressControlsForViews.cs: 7d677c6df38ab15cf390062b5b0bb854 -> a8a18a90f46aa63848e1e45d8d7ff9af
  custom:scripting/monoscript/fileName/DrawAssetOverlay.cs: 8ccd7cea9aa918859be0b55818cb990b -> 04a46044def089f0abcdafdd281e3646
  custom:scripting/monoscript/fileName/ProjectWindow.cs: 953e9bbd852a9f12f91349161baa793e -> c62567a3d71fd74636bc783de5162474
  custom:scripting/monoscript/fileName/MergeLinksListView.cs: 826afb5fb5988163105086b4bf5027af -> c9488671ae9b14523680d0c19097baa0
  custom:scripting/monoscript/fileName/EditorProgressBar.cs: 7418be9b22aaea32732f8a5f49569d1c -> 08c2f2b90ef64df631d46389f0e22c8e
  custom:scripting/monoscript/fileName/MeasureMaxWidth.cs: cd9322680ae61d38397008451b7ed0ed -> 1569e3f1dad91a9b01cba66ab6aa30b0
  custom:scripting/monoscript/fileName/ChangesetsListHeaderState.cs: 69fc4f1a2bc3782d7043ec48961a3616 -> fe1392f9b135da83e13fe8a5e5f39fc2
  custom:scripting/monoscript/fileName/PendingChangesTreeHeaderState.cs: 7d278b5569d28437d07554a3bbb56e1b -> 5d7f70d142c9ac67864ec14950523d62
  custom:scripting/monoscript/fileName/ChangelistMenu.cs: ca33bac56b3a337faa90a1b1bba632d6 -> c1bf5aeb760cc5eae584ea3944d6531b
  custom:scripting/monoscript/fileName/MissingEncryptionPasswordPromptHandler.cs: 7f5831fc8a41e9cadd84fcfd0e885072 -> 5d7b9646eb14a39b6d3d5bab19d266ff
  custom:scripting/monoscript/fileName/NotificationBar.cs: e0f12e3f3292fff5a590c00b59f3a17a -> 0daf459fa0c4269b16bcc20cd072c021
  custom:scripting/monoscript/fileName/UnityThreadWaiter.cs: dbd556f2802baab90a20da38c288d36c -> 99333406d92d10003984b4d1920de2f9
  custom:scripting/monoscript/fileName/CredentialsDialog.cs: 179b5e49656a1623c2e79d838f0f5876 -> c785d5e40f8d66b7ef7ba04ee7c324e0
  custom:scripting/monoscript/fileName/GetRestorePathDialog.cs: e21eb9983f0b989125951478cd5e9b35 -> 353d1126ca2d2063d5bdbd06806ffc08
  custom:scripting/monoscript/fileName/UpdateReportListHeaderState.cs: 64a5bf775d221ad9a5ff8c78a1e0e1fa -> d6cbe54be2898ed2c96c2e79572c2e08
  custom:scripting/monoscript/fileName/LocksListView.cs: 8c6202774eebcf67be9c3b5a2926cc7c -> 7aa51ff93bcc98aa05dec8b46ec200c4
  custom:scripting/monoscript/fileName/DownloadAndInstallOperation.cs: b043b8d5921892e87f4566e00162cff6 -> 4f4065aeafda2af0ec272a3c228e27b2
  custom:scripting/monoscript/fileName/MigrationDialog.cs: 1a69d399f9c8aa816a053d285dd8bc5d -> 
  custom:scripting/monoscript/fileName/DiffTreeViewMenu.cs: 3e62bfc69ca7486976988e151b88922e -> 8039fc4ecf68b3e966e1f4822789e7fa
  custom:scripting/monoscript/fileName/UnityStyles.cs: 1e97cd7e9a8ef8ab43da545c6691e95c -> b57f61a58df1c49a1c9d37daf76d42cb
  custom:scripting/monoscript/fileName/HistoryTab.cs: 4d086984813cd90d6be245dd8e03a2ba -> d57f000c65fde42a2228c7a105a836e5
  custom:scripting/monoscript/fileName/HistorySelection.cs: 7c3afcf345a55e8b77ea41ca0f570218 -> 3d07a3d1241e204b5420d71f1137eba4
  custom:scripting/monoscript/fileName/CreateWorkspace.cs: 7b3086384e5ddcd73cd5064a3ce31cd2 -> 5256205b5cf0570b6f698c7abe518f5a
  custom:scripting/monoscript/fileName/ShowWindow.cs: c731454122754eec192bc3c53fac3d95 -> a6bb1d20733c178256b38974418d7450
  custom:scripting/monoscript/fileName/LocksListHeaderState.cs: b80c5f044f18764adef2e9dbea5f0fb1 -> c7fe4d3b5f954615048f8e79925d29e3
  custom:scripting/monoscript/fileName/CreateRepositoryDialog.cs: 1e1c5399cf3d0b071c7982c565a710ce -> 5cec3e66b09e0dbe1f805953c5c64af9
  custom:scripting/monoscript/fileName/ProgressControlsForMigration.cs: dafc8442bdd0dcb5e871e398f32473ec -> 
  custom:scripting/monoscript/fileName/RenameBranchDialog.cs: 4e8cba56a673b7adf6b1f70db522f07c -> a4999d46054383b4cef03a3dac804cd0
  custom:scripting/monoscript/fileName/EncryptionConfigurationDialog.cs: 6423045767c07e6360ff314ec741c601 -> 19e9c54aff6ffc68d60fe11f80578947
  custom:scripting/monoscript/fileName/CheckinProgress.cs: 298ac58365579798eb3b4defc181ccaf -> 75b93dbc5ef307111f0647f735640420
  custom:scripting/monoscript/fileName/PendingChangesSelection.cs: 766664749a54eea9ecce5dff917430ef -> 1721ad72d074757364587c71b49d9382
  custom:scripting/monoscript/fileName/LoadAsset.cs: 9042eb334fc462cf466672445be1d4c2 -> 5e4e082aa5b21c13b80eb237fe94d00b
  custom:scripting/monoscript/fileName/Images.cs: 0b0c14141950fed99e3ef33199b3b4c9 -> fbdd1e600315d249327f3effde045c9d
  custom:scripting/monoscript/fileName/DrawLocksListViewItem.cs: ce3a3d64ec2d84c3556ffd4141efc4f7 -> 6201c4d50383e970d554210505562d37
  custom:scripting/monoscript/fileName/DrawProgressForOperations.cs: ea9179848be98ee7719316b39339ef29 -> b544f18e6532ba53bbd1b691fa5cd571
  custom:scripting/monoscript/fileName/ViewSwitcher.cs: af4cfa015a44a1390a6513bac2b176c3 -> 1700c042de8c16a5c0f6851d66df802a
  custom:scripting/monoscript/fileName/RepositoryListViewItem.cs: 2f16ba7694ec7934685021093e722c4e -> 3cabcd81911a2500dcd9e2b6ffae3f00
  custom:scripting/monoscript/fileName/InspectorAssetSelection.cs: 71ba78e42827a9b22a9a6016733d756f -> 4b3c1ae4c44d88205aef26229acfe022
  custom:scripting/monoscript/fileName/UVCPackageVersion.cs: 0f4077cb83cde000a967972e97c7cc8c -> c4d95cb84d9d8dff4727eba6b0a64378
  custom:scripting/monoscript/fileName/IncomingChangesTreeHeaderState.cs: 67923e7c73743bbc0577bc7d884f3ba2 -> 9fcb97ef2da44c66332f5c6800c2e6ed
  custom:scripting/monoscript/fileName/WorkspaceOperationsMonitor.cs: 3aaab60832000a68ac1ea7432c36aabe -> 9241430734576b6454278a078113af4a
  custom:CustomObjectIndexerAttribute: 9a22284fe3817be447336de3de66b15e -> 
  custom:scripting/monoscript/fileName/MacOSConfigWorkaround.cs: 8634a542fc5c45ea8cd9a8244bf2c871 -> 9fe61e763da506601651f6c451cecb0a
  custom:scripting/monoscript/fileName/IncomingChangesSelection.cs: 281fe0b171b5382d8cd906c4490e5804 -> d86f9f4463e6f9d99bb815e1f018ccf1
  custom:scripting/monoscript/fileName/Geometry.cs: 905d47dd1d0c12f27609fa0f658efd14 -> 
  custom:scripting/monoscript/fileName/PlasticProjectSettingsProvider.cs: 31d8ae24271dbfa9cba89dcd2b9f91a0 -> 50aa12401e4c353b2dea4777ec9b23ad
  custom:scripting/monoscript/fileName/AssetMenuItems.cs: 64aa50dcc3bfcf35201c6730dc62acc3 -> 9ce81cedb8e568c6b7b646aa6263645b
  custom:scripting/monoscript/fileName/ToolConstants.cs: a088b027c7b0922429c756f12b0507ea -> 3b0d2490617bc7f94a0bdab65a399e1d
  custom:scripting/monoscript/fileName/GetSelectedPaths.cs: 02423a81496d6c63598b5cdc203f4354 -> be35dd49dddd53fc840b9febf21b4d0d
  custom:scripting/monoscript/fileName/TokenExchangeResponse.cs: 0dd9138dbeab6f132711a5b608de5c13 -> f20183d4cf939766d3c1e15cc3bec2e3
  custom:scripting/monoscript/fileName/ChangesetsTab_Operations.cs: eca44847b108faefa69f8c525242c965 -> 3290c4c0cd248666e01a08ee6d621249
  custom:scripting/monoscript/fileName/OverlayRect.cs: 61f473b5a4768fa31a00fafe3b1b5b69 -> 59d6887e4803f8a44ffaa0409470e410
  custom:scripting/monoscript/fileName/ConfigurePartialWorkspace.cs: 309d4276b0164b05348aedbd51cc0b2f -> 10fcc6b6d43dd5ed36c43c6f7b5906c4
  custom:scripting/monoscript/fileName/ValidRepositoryName.cs: 43c262be3f66a970816e3d3a3ee8872a -> 56bcf92a3678f6ad6215cae2e4914cfd
  custom:container-demuxer-webm: 4f35f7cbe854078d1ac9338744f61a02 -> 
  custom:scripting/monoscript/fileName/GetPlasticShortcut.cs: 2a84c035152261f00e7e66eb44cd0ffa -> 5c2b7bf07ddd2284efc64b09ef0f1f72
  custom:scripting/monoscript/fileName/GuiEnabled.cs: 1b1658fd7715b5cc664c10a130c6b629 -> 7bb13fcc8d8cbd392e00f7232841f086
  custom:scripting/monoscript/fileName/BuildPathDictionary.cs: 943911b84162d26cea47f964f9a0a399 -> 9fabc7cc73fcfc50b8a3307c6aa6ec4d
  custom:scripting/monoscript/fileName/FindEditorWindow.cs: 2bb64182aef631315344623cf583c78a -> 8c3c78bb7e82ac5008f8a2b8a0d68cff
  custom:scripting/monoscript/fileName/DrawProgressForViews.cs: c153245b67af73b7ee03f693a1127796 -> 068a172cb549ad77d9873d721698bd0d
  custom:scripting/monoscript/fileName/UpdateReportDialog.cs: 706e7e86547c339cdb3a4462e3f7a54d -> 087837d8f73228f1a817d0de82c77260
  custom:scripting/monoscript/fileName/HistoryListView.cs: 527da2d093462f1c4a278d6957e7d5ac -> 7b2d1d2c12ab43d9d244e35197127919
  custom:scripting/monoscript/fileName/ChangeTreeViewItem.cs: e3d78a2bee9cc81382a4cb8578dc4fb0 -> b0a38ce0a620643c776a3db4fd91bc4c
  custom:scripting/monoscript/fileName/BringWindowToFront.cs: 88b20f2a2881db6a013f54923d68cdee -> a30c7c1ba746c6d277a5aedd3057d15e
  custom:scripting/monoscript/fileName/LaunchCheckinConflictsDialog.cs: 4417eba1591eccb2221bfdce0106c1e0 -> e2c1e3f8f4e14a62e4363fe6259adbc2
  custom:scripting/monoscript/fileName/ParseArguments.cs: 03c1a4d7e357164ca313a0019713c3db -> ae915d9f5fe287ced40627c9ca8bfafd
  custom:scripting/monoscript/fileName/ExternalLink.cs: 7eb9650651b43fb98c07816e49275ba9 -> a8ff952d8c27d10f226ab92b7aa83b69
  custom:scripting/monoscript/fileName/WaitingSignInPanel.cs: 247680fcfc6a176b9fa28a3df600a754 -> 7585e1c7111b6b900784e6d1c9454258
  custom:scripting/monoscript/fileName/TestingHelpData.cs: 0d1f98ae9b6fa0253523889fad413adb -> 
  custom:scripting/monoscript/fileName/OperationProgressData.cs: 0db72349eeecbe9449a517b1d79cc760 -> 15f68712baaea535af36d9e0333c0a6e
  custom:scripting/monoscript/fileName/RepositoriesListHeaderState.cs: c0353a1af15ae4fd3d5a2a3cac816423 -> fb71b961ab7c924511a6b0e8680b60ee
  custom:scripting/monoscript/fileName/ClientDiffTreeViewItem.cs: 56be9d3aa410e770e75de2d8b93be89d -> 43bdd7aa5bf1aa039a5b572c119c38d0
  custom:scripting/monoscript/fileName/CreateWorkspaceView.cs: 0f1446bdab952811ae2968789e1a2804 -> 04b4ce6556541af6541e1f1c2ea97052
  custom:scripting/monoscript/fileName/CommandLineArguments.cs: 0d20ca25f94249586a7c1484c469d8a2 -> 48a62ad3f817c0269ea7fc4a53799594
  custom:scripting/monoscript/fileName/DownloadRepository.cs: 46fc68d9cc4da8e8ed765ff28b2dd438 -> 5bad8d3f76a3fcb41a94637e37c11ab0
  custom:scripting/monoscript/fileName/ParentWindow.cs: 2476d8a6ba9c3055f984ac9792cae61a -> d6aa079e592e01701c5baa3ab98898bc
  custom:scripting/monoscript/fileName/OperationParams.cs: 091a140b35535b91c773ddf98925322d -> 3312c7a4424a66ffbf2f88f056f329aa
  custom:scripting/monoscript/fileName/SignInWithEmailPanel.cs: a5823728eb62cf6dbd8c933c1cb26f53 -> 6e8957c0ed7609303e68389067e72d72
  custom:scripting/monoscript/fileName/LaunchInstaller.cs: f9b7c99441bc32980ce9b95be066824b -> b75efdf5909b501e06cacd9c66f75981
  custom:scripting/monoscript/fileName/AvatarImages.cs: ea6dca998cf0ec5122553a9e010ef687 -> 3aa8c25a350843151ec4070c820c411a
  custom:scripting/monoscript/fileName/DrawHelpPanel.cs: 58c832ce9ea1a11e2724de5dd46ca0cb -> 
  custom:scripting/monoscript/fileName/DrawUserIcon.cs: 2f65feb9bed897237f97fbf9c5479092 -> 7d5385bf780ae84e648a8b49f8fe0825
  custom:scripting/monoscript/fileName/AssetStatus.cs: b9ea657347f2c22e8e401cdb256c516c -> e017010009bdb28bcb0d7d8ef05e7dd9
  custom:scripting/monoscript/fileName/BranchesListView.cs: 334a3fb302f855f71fb71520fb442a71 -> 3f5ed9fe5a1bca512014ae1600ee1666
  custom:scripting/monoscript/fileName/DrawGuiModeSwitcher.cs: 363adc150c5f1c5059a678f179906090 -> d3be34a3134d3fe80ef6b14d0d519128
  custom:scripting/monoscript/fileName/UnityMenuItem.cs: 5f445176ad3735e69769d93250663be7 -> 73f3c859f1b5092ad362c09e23b3a922
  custom:scripting/monoscript/fileName/WebRestApiClient.cs: c0bdde7ff9e25b1ad06e078e6d9b2fe0 -> 746756fd499dddd02a4e7ccdbac48be3
  custom:scripting/monoscript/fileName/IncomingChangesTreeView.cs: 78411a54601a32b278de0dd7d80f8670 -> 96479648d4498738733254eb4e4c6fb5
  custom:scripting/monoscript/fileName/GenericProgress.cs: 11287c7d038c487f32d0c8edc476a32d -> 8492ec26f01fc248d3eb3c2f5b3b6c0f
  custom:scripting/monoscript/fileName/MergeCategoryTreeViewItem.cs: c1ecd9dc0cd73eb7eb129994dedc1a91 -> 6bd59fcbfeafe06987a54631991d755b
  custom:scripting/monoscript/fileName/CheckinDialog.cs: 1709b78fae1329cc05fd4f39334b25f5 -> 702fdb8d0a3b4bfcb9ba109e71325cad
  custom:scripting/monoscript/fileName/ProcessCommand.cs: b8ac3f676ec101f7ebb0d2fff79235f1 -> 2cc3b6e2a763c7f353b474b6904b45a6
  custom:scripting/monoscript/fileName/SortOrderComparer.cs: 8f6297df34271fdb1ce2d9607ec6261d -> 90647cc400823b41df847a6cbfc29026
  custom:scripting/monoscript/fileName/GUIActionRunner.cs: 69af7de0762ed6d085feb4cc4b5101b3 -> 4a0608de635b0d82868d57923d68eff7
  custom:scripting/monoscript/fileName/PlasticMenuItem.cs: 07a9318d8d82a152df4ec33acd1befdd -> 30c3a785b4c2607e2ae9aad693d5f604
  custom:scripting/monoscript/fileName/PendingChangesTreeView.cs: f3722f38014385705913f17dbe0f90c1 -> 17142d220a0a50a3f3d184c4718a0da7
  custom:scripting/monoscript/fileName/VCSPlugin.cs: e4ec197b273413c2276be270d94be16d -> 69c1b7249af35f35848ae707bd5e7113
  custom:scripting/monoscript/fileName/GetClientDiffInfos.cs: 4ae14b15e2cf5177a84735548a44cdc9 -> f8db8e637ded2d5e935a953a13b85ebe
  custom:scripting/monoscript/fileName/DrawActionButtonWithMenu.cs: d7f31944358aed2f3ed3982246fca039 -> 8d4f5edd02a1dd0f38c4f2baf5ee8a33
  custom:scripting/monoscript/fileName/ErrorListViewItem.cs: 732dcd63546c04257b33a0917d21b2ae -> 8d377b020cd4efc9739abf6e8e730437
  custom:container-muxer-webm: aa71ff27fc2769a1b78a27578f13a17b -> 
  custom:scripting/monoscript/fileName/EditorProgressControls.cs: b1f133fa38afd918d537a72574fc93a0 -> 2e606eb01a6e6a567f3de9a0379ed3ae
  custom:scripting/monoscript/fileName/BranchesListHeaderState.cs: d47f1164fa7093137db851c4c16ffba3 -> 82eab21603f4efc696334ee80641c2c9
  custom:scripting/monoscript/fileName/DrawSearchField.cs: b11b864a92c7d76f85d4ec87d6faf61c -> 3de70beba9f4447205d50241d95b066a
  custom:scripting/monoscript/fileName/PendingChangesTab.cs: c99065f3c85ec85c85ece2a1a30665af -> 15ae6787065f4af65778e981f418a60b
  custom:scripting/monoscript/fileName/HelpPanel.cs: 625fbcc6029d5fe5cf4aa833f68adb0c -> 
  custom:scripting/monoscript/fileName/BuildGetEventExtraInfoFunction.cs: 1308a6936e8051866a117b3b7c2c7b77 -> 74bfc8c01f931108a3c2b127aa04cc8d
  custom:video-decoder-webm-vp8: 9c59270c3fd7afecdb556c50c9e8de78 -> 
  custom:scripting/monoscript/fileName/WelcomeView.cs: 727cdb3e104b6a2a1b2a292c292f355e -> b6f5ad03828f3d0b6465c52959e1ee5e
  custom:scripting/monoscript/fileName/HelpFormat.cs: 92b36f6584b3d7ccdc99b0ae4e152c53 -> 
  custom:scripting/monoscript/fileName/PlasticApp.cs: c440a0fb380601a77ad475d6c15d4fa1 -> c57de230d90beac7b586f10b9c7c6cb5
  custom:scripting/monoscript/fileName/ChangesetsTab.cs: ef408d8aaf89e01b17643ed0c836680d -> 46dde8f7856048792ad2e75490bb8c5e
  custom:scripting/monoscript/fileName/DrawProgressForMigration.cs: 0390721ecd322e9ab47db03bd0f98a12 -> 
  custom:scripting/monoscript/fileName/DeleteBranchDialog.cs: efbbc070bfeda2b746e8b15a4380cb26 -> 8549b0fc52962c89115fd78724fee578
  custom:scripting/monoscript/fileName/IncomingChangesNotification.cs: 5804eea08e59310a581998ae8010a5e1 -> f039cd7fb6b53e16030c9431c0e3a656
  custom:scripting/monoscript/fileName/DrawTreeViewEmptyState.cs: 6287514b9d86e73fc5c808e9a9847355 -> d4c16fd6aad8161eda7d99fd74cbb08e
  custom:scripting/monoscript/fileName/ErrorsListView.cs: 202ccd428b59063895c865fc91609494 -> 897fb5fb66de4298630458ed4a966790
  custom:scripting/monoscript/fileName/UnityPendingChangesTree.cs: fd6f0a038401268983bd9328d10dec93 -> f391d9a00dc9e202cee4d4ebcf6d21c0
  custom:scripting/monoscript/fileName/EmptyCheckinMessageDialog.cs: 12efddebfc1859d39c5d8d43b34ef051 -> e95636a2119dec4d0c1f323f7ba65603
  custom:scripting/monoscript/fileName/PlasticDialog.cs: b0aae1bf1889af041741f324070b7b84 -> 63a17a2b696bc2a13c9046aa16f8cea4
  custom:SearchIndexIgnoredProperties: e643bd26f0fe6173181afceb89e7c659 -> 
  custom:scripting/monoscript/fileName/AutoRefresh.cs: 9d30d5d3f0e8985355be1ab597da1dbb -> 0a8afde180a876655ad16caa14493409
  custom:scripting/monoscript/fileName/PlasticPluginIsEnabledPreference.cs: 56473af084ae343e005353d1ebe26bab -> 7953272c37f4a828a3d1096e7479f346
  custom:scripting/monoscript/fileName/HelpData.cs: 9293e68e835820b452391937547d1531 -> 
  custom:scripting/monoscript/fileName/GetRelativePath.cs: 9b16eb2de9e98b392077181cc34243c1 -> ab04ae5e0cafb93ebf5c96148bb52df0
  custom:scripting/monoscript/fileName/UnityEvents.cs: bbca41e222c933c10ac2fdcedacdc4c9 -> 93e3e01e1fc330c62462aa41b286117b
  custom:AudioImporter_EditorPlatform: d09bf68614088b80899f8185d706f6e7 -> 
  custom:scripting/monoscript/fileName/DockEditorWindow.cs: 581124d5e19667105f2446d6dfbf7982 -> a9e5e467234133af999283610b6e84e6
  custom:scripting/monoscript/fileName/BranchesSelection.cs: 7eb1fcb556f0fad697e4ec9d989be099 -> 33b36e7b03910960966036894ec90c7c
  custom:scripting/monoscript/fileName/SaveAction.cs: b68fbb4319dbb368959c40781b39fdf8 -> 27c387bb58f3a69b0c9ff60d2209e18f
  custom:scripting/monoscript/fileName/AutoConfig.cs: 6c4e7f9dc55323aa1299debfe9723aa6 -> bf4bbd2f2e752464ef51dbf102faed17
  custom:scripting/monoscript/fileName/DiffPanel.cs: 02288a38bd14cc2b52a25b302a6f154e -> 210366dab3631628227b9406f87a9b7f
  custom:scripting/monoscript/fileName/PlasticAssetsProcessor.cs: ffbead0ce8c78df1634f8fc06dec8ecf -> ff731c8aacf4a537dc74c7cf9eaeaed0
  custom:scripting/monoscript/fileName/DrawActionToolbar.cs: 52293cb82089e0370f52e257f41c0869 -> e05748a99799f26304c1bbafd90f703b
  custom:scripting/monoscript/fileName/TreeViewItemIds.cs: 8f6297df34271fdb1ce2d9607ec6261d -> 90647cc400823b41df847a6cbfc29026
  custom:scripting/monoscript/fileName/EditorVersion.cs: 70953c9eccf7726f70c672a9a51619e9 -> 698aba075b19a52a056d67a7b809d179
  custom:scripting/monoscript/fileName/TeamEditionConfigurationWindow.cs: d06f049421c16e5927ec29f770917e09 -> e53b1ca5561894aaeff930afb696d001
  custom:scripting/monoscript/fileName/ProgressOperationHandler.cs: 5fbb4e0f656dcfaa4498bd2e492e4710 -> ec62666c0ca1649dd33cc6bc6834c6f7
  custom:scripting/monoscript/fileName/UnityPlasticTimer.cs: 961fdb6492c99b4a3eadbed28e78c4b0 -> 6c887e722e951c2964523825cad70c4c
  custom:scripting/monoscript/fileName/TreeHeaderColumns.cs: 9fc4a0396a421346b8aa3b7788860851 -> 316e5ea62e66b20fd6e687a6b9e5958e
  custom:scripting/monoscript/fileName/AssetFilesFilterPatternsMenuBuilder.cs: 8fe5de6e5dc3d42fb7e95de2aaedbf5a -> 0d99e7514c6a33cda8314deed8f34bc5
  custom:scripting/monoscript/fileName/PlasticNotification.cs: 71978c581e1127248a19c9d9e66cd355 -> 3629fdff9f054b2013702f5b131b2c47
  custom:scripting/monoscript/fileName/ConfirmContinueWithPendingChangesDialog.cs: c0e147ff008a0b77c9337132a3ea70af -> 77462b1904ad8f6fee2f8da4523d59fe
  custom:scripting/monoscript/fileName/ChangelistTreeViewItem.cs: a4a6f6169cdb3afe249e104e2b7b1a2c -> 87f69636be8bd1a264ec4eac1bffa701
  custom:scripting/monoscript/fileName/CollabPlugin.cs: bda741ff77a19affbf276298e29313ec -> ca276d65e7cd77c5c99d9f119ffdb215
  custom:scripting/monoscript/fileName/TabButton.cs: 3efe8f66ffd840fd7aeb0585b183d2fa -> 757146b89ed597b1d75c77241e5d5f63
  custom:scripting/monoscript/fileName/LaunchTool.cs: 3ac53c8af1f56365aad9e1ae5366d98d -> 60773d78646dc188d4b2caca77f20b17
  custom:scripting/monoscript/fileName/RunModal.cs: 33b931100ee477e6812324eabaa2e837 -> c83ee2ef642c5d8b8dfd32f033bfc438
  custom:scripting/monoscript/fileName/BranchListViewItem.cs: 8fdaa5aa842f5a70237affa304b9d506 -> 55028f4aef24d6227589aaa95582b2ff
  custom:scripting/monoscript/fileName/GetAvatar.cs: 07c98163f75f0b7c672bd453fc82bf61 -> 04ffae2a9e5a4c32a119f93144f558d2
  custom:scripting/monoscript/fileName/FindTool.cs: fc3b0710b24078288fe829d0bb041dd0 -> 2f9d82566cfb01fb68fc30111fb47624
  custom:scripting/monoscript/fileName/ChannelCertificateUiImpl.cs: 75d7831ab5da75cc0082e28863abb142 -> cefccf1e13b7bcf15e3c9f2dd4cd2fc8
  custom:scripting/monoscript/fileName/ApplyCircleMask.cs: 02eb67e485278e7c9b719fee5ff90f4a -> b955b378d261fdcbd6272fe8711d1e4f
  custom:scripting/monoscript/fileName/AssetMenuOperations.cs: 4d198753827ac1463e02b10d5d04cc7c -> 0f0ce50426259919e339aa7586c1e4ac
  custom:scripting/monoscript/fileName/VisualElementExtensions.cs: cd98f4a51563fccdfc39eed097290325 -> 0aad2728225c469038631668406aebb3
  custom:scripting/monoscript/fileName/LocksSelector.cs: 70b046a562568fd78d093736e68a3a58 -> 7b0f4fc5552c1d92ba7f4648526ceb21
  custom:scripting/monoscript/fileName/ListViewItemIds.cs: 8f6297df34271fdb1ce2d9607ec6261d -> 90647cc400823b41df847a6cbfc29026
  custom:scripting/monoscript/fileName/CreateWorkspaceViewState.cs: 1deb37b3c17c224d9a7dca9c990ea191 -> 0fe23b7cca9336b31a27790c714de652
  custom:scripting/monoscript/fileName/MergeLinkListViewItem.cs: ebc1e6f9e3a3005d8f4c51a794adfdaa -> 3fa407d29597803190dd374d88ed170d
  custom:scripting/monoscript/fileName/DrawCommentTextArea.cs: ad5449f632fd412ac0f7ba0d171fd453 -> c58c26552f95f108a8d9610eaf001fbc
  custom:scripting/monoscript/fileName/ErrorsListHeaderState.cs: cb38081a34dcc37c968a3fae60743b76 -> ccfb08b895a719829a3302b7c4d26a5d
  custom:scripting/monoscript/fileName/RefreshAsset.cs: f56d23c5126a2dd3db6f272d3d3b71dd -> 21c806d59a337a83fcab56230df298f8
  custom:scripting/monoscript/fileName/BoolSetting.cs: 9c3f40d0ec58f1b80f82d15e4bda7107 -> 6866476ee3db529747ee7a560b4298d4
  custom:scripting/monoscript/fileName/CreateChangelistDialog.cs: 774371d4233cc1d394d98dc80507a1f8 -> 386b03e27c951c5f1d63daf7aae486ca
  custom:scripting/monoscript/fileName/HistoryListViewMenu.cs: 15a489e494f04a7ea37a587c7601070e -> 29770348599c8d5473b78d72e5741b40
  custom:scripting/monoscript/fileName/FilterRulesConfirmationDialog.cs: 5186d89f21d03764f0cca01c2a0122d7 -> 9c91c6c91f20e6d013a753f32343b327
  custom:scripting/monoscript/fileName/ChangesetsSelection.cs: d154d1782ed752b83834c54a0bde3df9 -> 8b9d539af9f7e269bac4e3d79e9ffab8
  custom:scripting/monoscript/fileName/AssetPostprocessor.cs: 28be74a844bbed0286c3c45dee7283e7 -> 96208057b904410715a8df295ba4f8f4
  custom:scripting/monoscript/fileName/Enemy.cs: 13cc614454c9ae28caa24456faa3d7cf -> 
  custom:scripting/monoscript/fileName/IsResolved.cs: 12b1cb46be3341613a9d03a0fb32ccfc -> f54a3e2c5134aa4306f9ad150b1911a9
  custom:scripting/monoscript/fileName/LocalStatusCache.cs: a558fcf5f34357bab4cfc7b75e2bb356 -> 30974ea30517fbfd1b93153f6c849a76
  custom:scripting/monoscript/fileName/RepositoryExplorerDialog.cs: 143e7416b576681e1f2ea71288e530e6 -> eea34924da79ad7254f3e141a891c78d
  custom:scripting/monoscript/fileName/HelpLinkData.cs: 298f428470bd6f0a46823cad390bf0d6 -> 
  custom:scripting/monoscript/fileName/WorkspaceWindow.cs: ff52e13cd29dacd66db0169e14f71a23 -> b042f06133312d3bfed176231d97d77c
  custom:scripting/monoscript/fileName/PlasticShutdown.cs: 927cfd31d19eaaaa16d67e3e3b26fdb2 -> a8df8eeeed98372d06e446171a192a6d
  custom:scripting/monoscript/fileName/FilesFilterPatternsMenuBuilder.cs: 28072cd275c96994687e6d4d0d6e1dff -> cf716a8d336c8113475a9ca67a799ec1
  custom:scripting/monoscript/fileName/HistoryListViewItem.cs: 2d3b1fc954b6bdbae298ec250ade0663 -> 96f2b67ec620b83e35d13f11877e1ac1
  custom:scripting/monoscript/fileName/RemoteStatusCache.cs: 00463e6b90cfe7da080d7c266f783980 -> 402d5663f3675e9324c129274b0c00f2
  custom:scripting/monoscript/fileName/EditorWindowFocus.cs: 1012e4e2e29e9b29bdcc03d8b92762a8 -> f258b0cf85078a7435d001e522d5e8e3
  custom:scripting/monoscript/fileName/EnumExtensions.cs: 24df84756ec75feecd53a80a0991ea16 -> 872fcb89b813d64606e680211dede528
  custom:scripting/monoscript/fileName/NewIncomingChanges.cs: 4475d5d6d9583dbe65c4824e6a1fe6aa -> fc48261878ef7e4b956e7172f5803aee
  custom:video-encoder-webm-vp8: eb34c28f22e8b96e1ab97ce403110664 -> 
  custom:scripting/monoscript/fileName/UnityIncomingChangesTree.cs: a6749c8b534ffb85ccf809bc8e274114 -> 42967773c43d3de5d23be4ddc6dfd9c4
  custom:scripting/monoscript/fileName/UnityDiffTree.cs: 447fc3a8922f56330f4bae8c9dc9a8be -> 1029ffd567bc0e646e6b119719dcb2ff
  custom:scripting/monoscript/fileName/TreeHeaderSettings.cs: 114eb9e27124403e8e111494b8eaf987 -> 662b1714c0fce36da72bbfe60201987a
  custom:scripting/monoscript/fileName/UnityConstants.cs: 5ce06a0e2d108fc8a16a0af098aa895b -> 8f7afb61f2b433d3c701afb225319bcb
  custom:scripting/monoscript/fileName/IsExeAvailable.cs: 3e4283303610c884e542b8f6d3e922d4 -> 4a3dbc5ded94087064afd97407f26631
  custom:scripting/monoscript/fileName/AutoLogin.cs: d257b2b319167ee8af9b75266dabb58c -> cac363a2d5471994de278e71f937b032
  custom:audio-decoder-ogg-vorbis: bf7c407c2cedff20999df2af8eb42d56 -> 
  custom:scripting/monoscript/fileName/UpdateReportLineListViewItem.cs: a101f0ba5292fc139445870b3f4af838 -> 9f63395e1ea590dbbab4d59cd0032ac4
  custom:scripting/monoscript/fileName/DrawSplitter.cs: ec7e8739eacabcca3e2946d9833eea0f -> d2f114a8e8e4167f7762d835a83b2f55
  custom:scripting/monoscript/fileName/LaunchDependenciesDialog.cs: e1c527862a66e73f0417ae177d7fdfb5 -> 2cabf22eb95430074b6c730a84e03493
  custom:scripting/monoscript/fileName/CredentialsResponse.cs: 96b135ae1c4ea541dc762170ea524fa9 -> 3dd2507693e56dac75ee7783f598cbb9
  custom:scripting/monoscript/fileName/LaunchDiffOperations.cs: 831bbe9f0510da02e07943dba200580f -> 20e85a96a5926a180bb53a2abca68aa4
  custom:scripting/monoscript/fileName/PlasticSplitterGUILayout.cs: 4cfaefa1a850aceff54713912c4a2bda -> 111849f67dfbfea65ad2a9298ad1654d
  custom:scripting/monoscript/fileName/CheckinDialogOperations.cs: 0b2a2cd4c41cf1865a29cf91b2a96a48 -> d032d69e8060311c06b88286e8f22ddd
  custom:scripting/monoscript/fileName/PendingChangesViewMenu.cs: 68fab310addfd7068cfd7920070496ff -> 9b0019b6df6bb14eb3a2dbafa53fb54b
  custom:scripting/monoscript/fileName/AssetsSelection.cs: 35cec24e81f0cb1de51daeb356abc4ff -> 0227d7ff4d5687932d10967a945a9b06
  custom:scripting/monoscript/fileName/EnumPopupSetting.cs: 8f6297df34271fdb1ce2d9607ec6261d -> 90647cc400823b41df847a6cbfc29026
  custom:scripting/monoscript/fileName/PlasticConnectionMonitor.cs: 0a14faa9ef1a178a87cdca925b1963c3 -> 920e8e381bfc94da8bb69d336dda57ca
  custom:scripting/monoscript/fileName/HistoryListHeaderState.cs: 6226ef13a567fa81584864f8698be331 -> a87e0364d14866c369ad50d669bdfa85
  custom:scripting/monoscript/fileName/CloudEditionWelcomeWindow.cs: c886fdb39f4b8787e6ea3701a8f88f4a -> b1721e471183956468462f6b64901640
  custom:scripting/monoscript/fileName/AssetsPath.cs: 367269acf8f676d2cdd30fdc387b3920 -> e0e986124adc46d913f0683c34b88c9f
  custom:scripting/monoscript/fileName/MetaPath.cs: 1f80313a7ce6ec6ece505285578f5745 -> 417a84eb354831f828a6752b26c8592d
  custom:scripting/monoscript/fileName/CredentialsUIImpl.cs: 90e9c2de8d7bdd8424e0d89c415108ae -> dbacf67c37819fd95562fe169e706732
  custom:scripting/monoscript/fileName/ChangesetsViewMenu.cs: b720f0168f4ce1b1e0d358a6d5ec9a42 -> 7d1a2de81910b5990e71a0bfff26fdca
  custom:scripting/monoscript/fileName/UnityPlasticGuiMessage.cs: 2a7f71f59c0d7dc731fd345a3713957c -> 24eef0792e3802809607a7f9d04b8f1d
  custom:scripting/monoscript/fileName/OrganizationCredentials.cs: ee462057b3bd23cc3dab953ac4d656e2 -> 0b123406cadd651e9adc01c85fab5124
  custom:scripting/monoscript/fileName/StatusBar.cs: 4d7c95bdcb7dc38d15f73e75e08a1cfd -> 392933116703b8e69a96dc0b873bf6f1
  custom:scripting/monoscript/fileName/IsCurrent.cs: 16ae2475c9982c21b0dccb3cdf4b1a92 -> cf1fd01890d0fd9f011c1a1a491e2cf0
  custom:scripting/monoscript/fileName/ChangesetFromCollabCommitResponse.cs: b986ab8b1acd322b0367812e2d541734 -> ba336e4117e1b7ee28e4c17197bc3d0e
  custom:scripting/monoscript/fileName/MoveToChangelistMenuBuilder.cs: 3a2ef8cb0baf69e5dadeafc731fe32a9 -> a90b3e388d3e1316fa104d4c9a03e2d1
  custom:scripting/monoscript/fileName/LoadingSpinner.cs: 69a46a0158b3944983921513a6337a68 -> 1c13cf7a9498073806920e71757dfeda
  custom:scripting/monoscript/fileName/LocksTab.cs: 134c512484ae73354c15c06a6dc69f9f -> 00ffb5a39c16fdc2d733c7e53471a3a9
  custom:scripting/monoscript/fileName/BranchesTab.cs: 764cb17e9337c58ad4f5304b60b2042e -> 57c33f76c527a5aba4d269245ffff188
  custom:scripting/monoscript/fileName/HelpLink.cs: f129aa05dc3840d5bd4f2e0d111189db -> 
  custom:scripting/monoscript/fileName/ToolConfig.cs: 18b1ea271ce5e7b6deea7b4e8e175269 -> fcffc3165b047f54ed6ccafa4c8760dd
  custom:scripting/monoscript/fileName/DropDownTextField.cs: e66e7314096900597993d2b353757d8d -> c8fc484ce140049ff31ebc2c6cbebf28
  custom:scripting/monoscript/fileName/AssetsProcessor.cs: 47679a6e15b70f4fef48eb1b2df31b19 -> 18737889e95cd4088e8dfd4153fa8f40
  custom:scripting/monoscript/fileName/DrawActionButton.cs: d847a7d82ac92cab2b3d0ae268cefb3d -> 81e6708d2b8fa199354e53f85db731a8
  custom:scripting/monoscript/fileName/TableViewOperations.cs: ddc7b903e0dbd6bd109f2bd709b95f0e -> bef3a31deb1fe794a90f767d16e4c868
  custom:scripting/monoscript/fileName/UpdateProgress.cs: 5b04f01bf199310f09ab9522f89c78f4 -> 281e1e05168d6a30be1d8d2f6200bef8
  custom:scripting/monoscript/fileName/OrganizationsInformation.cs: b3f0758c6655b2dad1161792812992fa -> 5f067ea8d90fc79055a3dcfd58ae6dca
  custom:scripting/monoscript/fileName/Player.cs: 007e2e63cbf915a2b71612a7f593548a -> 
  custom:scripting/monoscript/fileName/SubscriptionDetailsResponse.cs: e10e0299ef716630c63b8cf5f792cda0 -> e5121cec860a6d1097cc809217b3d8fe
  custom:scripting/monoscript/fileName/DrawProgressForDialogs.cs: 5f8d39e3ea7c4a42148c6b1a7b4ca061 -> a5f2abd8875e7a6afbc171fabfbae81f
  custom:scripting/monoscript/fileName/ToolbarButton.cs: 0b8663f5acfbbe9acf3c68758e2857fb -> 47dc767626bbd94d66707af31ddc5eb6
  custom:scripting/monoscript/fileName/ProjectViewAssetSelection.cs: 349dc288d32791de51156d4e59000b7b -> 2560eadaf6a13a74a46a4a207cd5a8b6
  custom:scripting/monoscript/fileName/DrawTreeViewItem.cs: cceebc4f1185658619e40964f29acb08 -> 0921a62a588ab864253743d1f07afb5a
  custom:scripting/monoscript/fileName/DrawSceneOperations.cs: 2426c0c2ee58cd28be59874f6425940c -> d87f46f9fb97181a2f51490ea2e1efc3
  custom:audio-encoder-webm-vorbis: bf7c407c2cedff20999df2af8eb42d56 -> 
  custom:scripting/monoscript/fileName/DrawActionHelpBox.cs: dcd6ec2e7fb1b44f22c4a79ff87b70cd -> c8f6be9dab1e6f8d71e0c63c29679186
  custom:scripting/monoscript/fileName/PendingChangesMultiColumnHeader.cs: 21802cc6929e0e180fb4f0be8e34d9d0 -> 722de7d6e07a79981d750438e6febb8f
  custom:scripting/monoscript/fileName/EditorDispatcher.cs: c739e073a8c38dbcf59192f45d1004c5 -> 3c402eae57d73cc54863f3f6a13096ae
  custom:scripting/monoscript/fileName/IIncomingChangesTab.cs: 363f9daba453e316e730238a80857251 -> 40644cd18074db84684b9e437bf8fa77
  custom:scripting/monoscript/fileName/GetChangesOverlayIcon.cs: f00e4b795697c6cf3092760f3b6fc49d -> d599d6efdee28305661bc0cf6683858a
  custom:scripting/monoscript/fileName/ChangesetsListView.cs: caae0aefb36c869f50691482a5cd0944 -> 87b74e0d80cf59010f55e2baaeb6679d
  custom:scripting/monoscript/fileName/UpdateReportListView.cs: 2d8fccdaad50bbd7454b52cf9cb4a0f9 -> 08d26df1ab6c3a7628addc5e54e50b08
  custom:scripting/monoscript/fileName/UnityConfigurationChecker.cs: 59a8f0715a7c89a752351bf42f94abbd -> 874cd65cce0384fef4b60e71fb08a429
  custom:scripting/precompiled-assembly-types:Assembly-CSharp: b3951dcbd3c67511a46dc27d89109cd8 -> 
  custom:scripting/monoscript/fileName/CheckWorkspaceTreeNodeStatus.cs: 5e11ff64963669981115eb58dc2b6e8b -> 1e1255b803bf7cbc935bb804bf0dbe7b
  custom:scripting/monoscript/fileName/PlasticPlugin.cs: a57c142b98ca3d4daad221737fd72924 -> c64561980f26020cc3206ae8b1047268
  custom:scripting/monoscript/fileName/SwitchModeConfirmationDialog.cs: 4d9c02587760213784bfe53d012122b4 -> 30cd71d0b3ee4b2689cde689908d301e
  custom:scripting/monoscript/fileName/PlasticWindow.cs: 76740c086f0109337962354fe520adb2 -> fc467478941f610919bc69526ba2c215
  custom:scripting/monoscript/fileName/BranchesViewMenu.cs: 8089f11c30784e2e57775dd6cdbae898 -> 7bfc83e917c9b0b5aa423bb947ce2a38
  custom:scripting/monoscript/fileName/CooldownWindowDelayer.cs: 7816cfcad485500dbac9993c4502ea69 -> 4c95e39c8dd4cfa1bca106097fdb6524
  custom:scripting/monoscript/fileName/GetInstallerTmpFileName.cs: fa7bda723ac795b48e38504727f44981 -> d09e0b5c7a9af5874530e17ef23025f0
  custom:scripting/monoscript/fileName/AssetModificationProcessor.cs: 84d720d70e5c24b7d0630ef5cea215ce -> a602c9e59e7db185e3a0d68d986e6fef
  custom:scripting/monoscript/fileName/IsCollabProjectMigratedResponse.cs: 4c3294c6a51e6f42161d191230692016 -> af2b76c693935deee55cfcaed2aa7568
